user_id,activity_id,task_id,screen_id,screen_timestamp,gaze_timestamp,gaze_x,gaze_y,scroll_x,scroll_y,screen_width,screen_height,image_file
69142eb4410888a7b66fa988,68e48f1a803e577b1177152e,6912a59f410888a7b66ed6cf,screenshot-71437d02-b2ae-4afe-98a9-427853ba51c5,,2025-11-12T07:09:30.679Z,551.3197992635363,156.3388581545885,0,0,,,screenshots/screen_000001.png
69142eb4410888a7b66fa988,68e48f1a803e577b1177152e,6912a59f410888a7b66ed6cf,screenshot-71437d02-b2ae-4afe-98a9-427853ba51c5,,2025-11-12T07:09:30.797Z,526.4484521032061,144.81248108530815,0,0,,,screenshots/screen_000001.png
69142eb4410888a7b66fa988,68e48f1a803e577b1177152e,6912a59f410888a7b66ed6cf,screenshot-71437d02-b2ae-4afe-98a9-427853ba51c5,,2025-11-12T07:09:30.894Z,493.1765445867849,161.08681990921662,0,0,,,screenshots/screen_000001.png
69142eb4410888a7b66fa988,68e48f1a803e577b1177152e,6912a59f410888a7b66ed6cf,screenshot-71437d02-b2ae-4afe-98a9-427853ba51c5,,2025-11-12T07:09:30.997Z,474.5962790004913,154.86272330904703,0,0,,,screenshots/screen_000001.png
69142eb4410888a7b66fa988,68e48f1a803e577b1177152e,6912a59f410888a7b66ed6cf,screenshot-71437d02-b2ae-4afe-98a9-427853ba51c5,,2025-11-12T07:09:31.092Z,475.2038989599516,144.1658825827374,0,0,,,screenshots/screen_000001.png
69142eb4410888a7b66fa988,68e48f1a803e577b1177152e,6912a59f410888a7b66ed6cf,screenshot-71437d02-b2ae-4afe-98a9-427853ba51c5,,2025-11-12T07:09:31.196Z,479.1021910092699,140.33083711184682,0,0,,,screenshots/screen_000001.png
69142eb4410888a7b66fa988,68e48f1a803e577b1177152e,6912a59f410888a7b66ed6cf,screenshot-71437d02-b2ae-4afe-98a9-427853ba51c5,,2025-11-12T07:09:31.304Z,464.5511533999164,159.62174696104265,0,0,,,screenshots/screen_000001.png
69142eb4410888a7b66fa988,68e48f1a803e577b1177152e,6912a59f410888a7b66ed6cf,screenshot-71437d02-b2ae-4afe-98a9-427853ba51c5,,2025-11-12T07:09:31.409Z,510.12214619554993,143.77047400023423,0,0,,,screenshots/screen_000001.png
69142eb4410888a7b66fa988,68e48f1a803e577b1177152e,6912a59f410888a7b66ed6cf,screenshot-71437d02-b2ae-4afe-98a9-427853ba51c5,,2025-11-12T07:09:31.535Z,561.4920626483425,125.05074926156819,0,0,,,screenshots/screen_000001.png
69142eb4410888a7b66fa988,68e48f1a803e577b1177152e,6912a59f410888a7b66ed6cf,screenshot-71437d02-b2ae-4afe-98a9-427853ba51c5,,2025-11-12T07:09:31.647Z,633.7204701385788,120.83380759728327,0,0,,,screenshots/screen_000001.png
69142eb4410888a7b66fa988,68e48f1a803e577b1177152e,6912a59f410888a7b66ed6cf,screenshot-71437d02-b2ae-4afe-98a9-427853ba51c5,,2025-11-12T07:09:31.776Z,787.7929549343551,91.46700525218267,0,0,,,screenshots/screen_000001.png
69142eb4410888a7b66fa988,68e48f1a803e577b1177152e,6912a59f410888a7b66ed6cf,screenshot-71437d02-b2ae-4afe-98a9-427853ba51c5,,2025-11-12T07:09:31.907Z,840.5502316916204,92.99932716922693,0,0,,,screenshots/screen_000001.png
69142eb4410888a7b66fa988,68e48f1a803e577b1177152e,6912a59f410888a7b66ed6cf,screenshot-71437d02-b2ae-4afe-98a9-427853ba51c5,,2025-11-12T07:09:32.047Z,945.7334174055462,86.88081742531723,0,0,,,screenshots/screen_000001.png
69142eb4410888a7b66fa988,68e48f1a803e577b1177152e,6912a59f410888a7b66ed6cf,screenshot-71437d02-b2ae-4afe-98a9-427853ba51c5,,2025-11-12T07:09:32.178Z,1025.6623227484781,74.31022660796158,0,0,,,screenshots/screen_000001.png
69142eb4410888a7b66fa988,68e48f1a803e577b1177152e,6912a59f410888a7b66ed6cf,screenshot-71437d02-b2ae-4afe-98a9-427853ba51c5,,2025-11-12T07:09:32.300Z,1063.6976622044808,98.08241712047463,0,0,,,screenshots/screen_000001.png
69142eb4410888a7b66fa988,68e48f1a803e577b1177152e,6912a59f410888a7b66ed6cf,screenshot-71437d02-b2ae-4afe-98a9-427853ba51c5,,2025-11-12T07:09:32.420Z,1075.334245530621,133.44865116102125,0,0,,,screenshots/screen_000001.png
69142eb4410888a7b66fa988,68e48f1a803e577b1177152e,6912a59f410888a7b66ed6cf,screenshot-71437d02-b2ae-4afe-98a9-427853ba51c5,,2025-11-12T07:09:32.539Z,1063.5316687154561,112.6813638449351,0,0,,,screenshots/screen_000001.png
69142eb4410888a7b66fa988,68e48f1a803e577b1177152e,6912a59f410888a7b66ed6cf,screenshot-71437d02-b2ae-4afe-98a9-427853ba51c5,,2025-11-12T07:09:32.646Z,1059.210457769541,150.83498674893062,0,0,,,screenshots/screen_000001.png
69142eb4410888a7b66fa988,68e48f1a803e577b1177152e,6912a59f410888a7b66ed6cf,screenshot-71437d02-b2ae-4afe-98a9-427853ba51c5,,2025-11-12T07:09:32.759Z,1027.9622360170588,164.34223036856423,0,0,,,screenshots/screen_000001.png
69142eb4410888a7b66fa988,68e48f1a803e577b1177152e,6912a59f410888a7b66ed6cf,screenshot-71437d02-b2ae-4afe-98a9-427853ba51c5,,2025-11-12T07:09:32.876Z,1047.5673046123547,156.48686712761895,0,0,,,screenshots/screen_000001.png
69142eb4410888a7b66fa988,68e48f1a803e577b1177152e,6912a59f410888a7b66ed6cf,screenshot-71437d02-b2ae-4afe-98a9-427853ba51c5,,2025-11-12T07:09:32.980Z,1097.5978155339042,159.36943224570692,0,0,,,screenshots/screen_000001.png
69142eb4410888a7b66fa988,68e48f1a803e577b1177152e,6912a59f410888a7b66ed6cf,screenshot-71437d02-b2ae-4afe-98a9-427853ba51c5,,2025-11-12T07:09:33.080Z,1066.7531157947285,160.35673968570134,0,0,,,screenshots/screen_000001.png
69142eb4410888a7b66fa988,68e48f1a803e577b1177152e,6912a59f410888a7b66ed6cf,screenshot-71437d02-b2ae-4afe-98a9-427853ba51c5,,2025-11-12T07:09:33.176Z,1028.7114215275594,167.07550604036498,0,0,,,screenshots/screen_000001.png
69142eb4410888a7b66fa988,68e48f1a803e577b1177152e,6912a59f410888a7b66ed6cf,screenshot-71437d02-b2ae-4afe-98a9-427853ba51c5,,2025-11-12T07:09:33.272Z,983.16102399506,155.67864036154276,0,0,,,screenshots/screen_000001.png
69142eb4410888a7b66fa988,68e48f1a803e577b1177152e,6912a59f410888a7b66ed6cf,screenshot-71437d02-b2ae-4afe-98a9-427853ba51c5,,2025-11-12T07:09:33.371Z,987.9159649439912,156.042200764184,0,0,,,screenshots/screen_000001.png
69142eb4410888a7b66fa988,68e48f1a803e577b1177152e,6912a59f410888a7b66ed6cf,screenshot-71437d02-b2ae-4afe-98a9-427853ba51c5,,2025-11-12T07:09:33.470Z,954.4388253647737,132.1112016206578,0,0,,,screenshots/screen_000001.png
69142eb4410888a7b66fa988,68e48f1a803e577b1177152e,6912a59f410888a7b66ed6cf,screenshot-71437d02-b2ae-4afe-98a9-427853ba51c5,,2025-11-12T07:09:33.570Z,956.1823567141879,132.82505262428276,0,0,,,screenshots/screen_000001.png
69142eb4410888a7b66fa988,68e48f1a803e577b1177152e,6912a59f410888a7b66ed6cf,screenshot-71437d02-b2ae-4afe-98a9-427853ba51c5,,2025-11-12T07:09:33.672Z,970.9210607426413,122.1997389312589,0,0,,,screenshots/screen_000001.png
69142eb4410888a7b66fa988,68e48f1a803e577b1177152e,6912a59f410888a7b66ed6cf,screenshot-71437d02-b2ae-4afe-98a9-427853ba51c5,,2025-11-12T07:09:33.765Z,958.1378547187383,145.5885904992167,0,0,,,screenshots/screen_000001.png
69142eb4410888a7b66fa988,68e48f1a803e577b1177152e,6912a59f410888a7b66ed6cf,screenshot-71437d02-b2ae-4afe-98a9-427853ba51c5,,2025-11-12T07:09:33.868Z,944.9521862951735,122.39816883951227,0,0,,,screenshots/screen_000001.png
69142eb4410888a7b66fa988,68e48f1a803e577b1177152e,6912a59f410888a7b66ed6cf,screenshot-71437d02-b2ae-4afe-98a9-427853ba51c5,,2025-11-12T07:09:33.974Z,908.6033541493247,105.22334987399614,0,0,,,screenshots/screen_000001.png
69142eb4410888a7b66fa988,68e48f1a803e577b1177152e,6912a59f410888a7b66ed6cf,screenshot-71437d02-b2ae-4afe-98a9-427853ba51c5,,2025-11-12T07:09:34.075Z,911.1149673599266,82.57420661311528,0,0,,,screenshots/screen_000001.png
69142eb4410888a7b66fa988,68e48f1a803e577b1177152e,6912a59f410888a7b66ed6cf,screenshot-71437d02-b2ae-4afe-98a9-427853ba51c5,,2025-11-12T07:09:34.176Z,946.1635600335925,78.54483771030624,0,0,,,screenshots/screen_000001.png
69142eb4410888a7b66fa988,68e48f1a803e577b1177152e,6912a59f410888a7b66ed6cf,screenshot-71437d02-b2ae-4afe-98a9-427853ba51c5,,2025-11-12T07:09:34.276Z,963.9242872425405,84.35967990170853,0,0,,,screenshots/screen_000001.png
69142eb4410888a7b66fa988,68e48f1a803e577b1177152e,6912a59f410888a7b66ed6cf,screenshot-71437d02-b2ae-4afe-98a9-427853ba51c5,,2025-11-12T07:09:34.373Z,1000.0386085995738,73.35430603411649,0,0,,,screenshots/screen_000001.png
69142eb4410888a7b66fa988,68e48f1a803e577b1177152e,6912a59f410888a7b66ed6cf,screenshot-71437d02-b2ae-4afe-98a9-427853ba51c5,,2025-11-12T07:09:34.475Z,975.8032897100802,73.47985476779878,0,0,,,screenshots/screen_000001.png
69142eb4410888a7b66fa988,68e48f1a803e577b1177152e,6912a59f410888a7b66ed6cf,screenshot-71437d02-b2ae-4afe-98a9-427853ba51c5,,2025-11-12T07:09:34.573Z,972.4505570256412,76.6224625271386,0,0,,,screenshots/screen_000001.png
69142eb4410888a7b66fa988,68e48f1a803e577b1177152e,6912a59f410888a7b66ed6cf,screenshot-71437d02-b2ae-4afe-98a9-427853ba51c5,,2025-11-12T07:09:34.674Z,933.7285362101235,68.61485700168858,0,0,,,screenshots/screen_000001.png
69142eb4410888a7b66fa988,68e48f1a803e577b1177152e,6912a59f410888a7b66ed6cf,screenshot-71437d02-b2ae-4afe-98a9-427853ba51c5,,2025-11-12T07:09:34.771Z,810.3380337714367,115.11146301556313,0,0,,,screenshots/screen_000001.png
69142eb4410888a7b66fa988,68e48f1a803e577b1177152e,6912a59f410888a7b66ed6cf,screenshot-71437d02-b2ae-4afe-98a9-427853ba51c5,,2025-11-12T07:09:34.877Z,662.2432348592522,121.90218823915617,0,0,,,screenshots/screen_000001.png
69142eb4410888a7b66fa988,68e48f1a803e577b1177152e,6912a59f410888a7b66ed6cf,screenshot-71437d02-b2ae-4afe-98a9-427853ba51c5,,2025-11-12T07:09:34.972Z,616.339981436144,141.7107651790209,0,0,,,screenshots/screen_000001.png
69142eb4410888a7b66fa988,68e48f1a803e577b1177152e,6912a59f410888a7b66ed6cf,screenshot-71437d02-b2ae-4afe-98a9-427853ba51c5,,2025-11-12T07:09:35.072Z,555.789104694752,157.3446938544343,0,0,,,screenshots/screen_000001.png
69142eb4410888a7b66fa988,68e48f1a803e577b1177152e,6912a59f410888a7b66ed6cf,screenshot-71437d02-b2ae-4afe-98a9-427853ba51c5,,2025-11-12T07:09:35.174Z,571.5860462944104,110.53134102634337,0,0,,,screenshots/screen_000001.png
69142eb4410888a7b66fa988,68e48f1a803e577b1177152e,6912a59f410888a7b66ed6cf,screenshot-71437d02-b2ae-4afe-98a9-427853ba51c5,,2025-11-12T07:09:35.280Z,598.4174495957786,92.13208320444782,0,0,,,screenshots/screen_000001.png
69142eb4410888a7b66fa988,68e48f1a803e577b1177152e,6912a59f410888a7b66ed6cf,screenshot-71437d02-b2ae-4afe-98a9-427853ba51c5,,2025-11-12T07:09:35.375Z,661.8666094944311,65.30726278459484,0,0,,,screenshots/screen_000001.png
69142eb4410888a7b66fa988,68e48f1a803e577b1177152e,6912a59f410888a7b66ed6cf,screenshot-71437d02-b2ae-4afe-98a9-427853ba51c5,,2025-11-12T07:09:35.477Z,680.0064301820403,69.8330598304359,0,0,,,screenshots/screen_000001.png
69142eb4410888a7b66fa988,68e48f1a803e577b1177152e,6912a59f410888a7b66ed6cf,screenshot-71437d02-b2ae-4afe-98a9-427853ba51c5,,2025-11-12T07:09:35.617Z,736.3671128058971,75.23439591596075,0,0,,,screenshots/screen_000001.png
69142eb4410888a7b66fa988,68e48f1a803e577b1177152e,6912a59f410888a7b66ed6cf,screenshot-71437d02-b2ae-4afe-98a9-427853ba51c5,,2025-11-12T07:09:35.714Z,667.3985112794735,88.77701374454979,0,0,,,screenshots/screen_000001.png
69142eb4410888a7b66fa988,68e48f1a803e577b1177152e,6912a59f410888a7b66ed6cf,screenshot-71437d02-b2ae-4afe-98a9-427853ba51c5,,2025-11-12T07:09:35.825Z,594.9682299471709,97.02223368328636,0,0,,,screenshots/screen_000001.png
69142eb4410888a7b66fa988,68e48f1a803e577b1177152e,6912a59f410888a7b66ed6cf,screenshot-71437d02-b2ae-4afe-98a9-427853ba51c5,,2025-11-12T07:09:35.926Z,525.7648031546768,98.11933636850885,0,0,,,screenshots/screen_000001.png
69142eb4410888a7b66fa988,68e48f1a803e577b1177152e,6912a59f410888a7b66ed6cf,screenshot-71437d02-b2ae-4afe-98a9-427853ba51c5,,2025-11-12T07:09:36.034Z,514.2941870145659,108.42598745431474,0,0,,,screenshots/screen_000001.png
69142eb4410888a7b66fa988,68e48f1a803e577b1177152e,6912a59f410888a7b66ed6cf,screenshot-71437d02-b2ae-4afe-98a9-427853ba51c5,,2025-11-12T07:09:36.150Z,481.5677525864941,122.36249221522559,0,0,,,screenshots/screen_000001.png
69142eb4410888a7b66fa988,68e48f1a803e577b1177152e,6912a59f410888a7b66ed6cf,screenshot-71437d02-b2ae-4afe-98a9-427853ba51c5,,2025-11-12T07:09:36.246Z,468.47240878925976,140.00431732513087,0,0,,,screenshots/screen_000001.png
69142eb4410888a7b66fa988,68e48f1a803e577b1177152e,6912a59f410888a7b66ed6cf,screenshot-71437d02-b2ae-4afe-98a9-427853ba51c5,,2025-11-12T07:09:36.348Z,405.99552749489817,133.89794592121214,0,0,,,screenshots/screen_000001.png
69142eb4410888a7b66fa988,68e48f1a803e577b1177152e,6912a59f410888a7b66ed6cf,screenshot-71437d02-b2ae-4afe-98a9-427853ba51c5,,2025-11-12T07:09:36.459Z,465.43612932901794,148.19922460890476,0,0,,,screenshots/screen_000001.png
69142eb4410888a7b66fa988,68e48f1a803e577b1177152e,6912a59f410888a7b66ed6cf,screenshot-71437d02-b2ae-4afe-98a9-427853ba51c5,,2025-11-12T07:09:36.579Z,498.573824605814,128.2300477029201,0,0,,,screenshots/screen_000001.png
69142eb4410888a7b66fa988,68e48f1a803e577b1177152e,6912a59f410888a7b66ed6cf,screenshot-71437d02-b2ae-4afe-98a9-427853ba51c5,,2025-11-12T07:09:37.235Z,461.784542044795,154.85639178143583,0,0,,,screenshots/screen_000001.png
69142eb4410888a7b66fa988,68e48f1a803e577b1177152e,6912a59f410888a7b66ed6cf,screenshot-71437d02-b2ae-4afe-98a9-427853ba51c5,,2025-11-12T07:09:37.777Z,489.8268664730534,134.1090715463003,0,0,,,screenshots/screen_000001.png
69142eb4410888a7b66fa988,68e48f1a803e577b1177152e,6912a59f410888a7b66ed6cf,screenshot-71437d02-b2ae-4afe-98a9-427853ba51c5,,2025-11-12T07:09:37.970Z,522.4227994670114,155.3753849730846,0,0,,,screenshots/screen_000001.png
69142eb4410888a7b66fa988,68e48f1a803e577b1177152e,6912a59f410888a7b66ed6cf,screenshot-71437d02-b2ae-4afe-98a9-427853ba51c5,,2025-11-12T07:09:38.099Z,519.7246005422408,182.44075196406624,0,0,,,screenshots/screen_000001.png
69142eb4410888a7b66fa988,68e48f1a803e577b1177152e,6912a59f410888a7b66ed6cf,screenshot-71437d02-b2ae-4afe-98a9-427853ba51c5,,2025-11-12T07:09:38.232Z,482.9578150571657,193.42549216616246,0,0,,,screenshots/screen_000001.png
69142eb4410888a7b66fa988,68e48f1a803e577b1177152e,6912a59f410888a7b66ed6cf,screenshot-71437d02-b2ae-4afe-98a9-427853ba51c5,,2025-11-12T07:09:38.366Z,437.9410812154733,205.0157883579662,0,0,,,screenshots/screen_000001.png
69142eb4410888a7b66fa988,68e48f1a803e577b1177152e,6912a59f410888a7b66ed6cf,screenshot-71437d02-b2ae-4afe-98a9-427853ba51c5,,2025-11-12T07:09:38.507Z,464.24998306866746,189.5881106403161,0,0,,,screenshots/screen_000001.png
69142eb4410888a7b66fa988,68e48f1a803e577b1177152e,6912a59f410888a7b66ed6cf,screenshot-71437d02-b2ae-4afe-98a9-427853ba51c5,,2025-11-12T07:09:38.649Z,505.51893876902955,192.2303874673614,0,0,,,screenshots/screen_000001.png
69142eb4410888a7b66fa988,68e48f1a803e577b1177152e,6912a59f410888a7b66ed6cf,screenshot-124f194f-6f17-4921-8a34-cf863294df43,,2025-11-12T07:09:39.595Z,1032.06654880948,125.77523341819224,0,0,,,screenshots/screen_000002.png
69142eb4410888a7b66fa988,68e48f1a803e577b1177152e,6912a59f410888a7b66ed6cf,screenshot-124f194f-6f17-4921-8a34-cf863294df43,,2025-11-12T07:09:39.694Z,1061.6848977666857,89.87385455310276,0,0,,,screenshots/screen_000002.png
69142eb4410888a7b66fa988,68e48f1a803e577b1177152e,6912a59f410888a7b66ed6cf,screenshot-124f194f-6f17-4921-8a34-cf863294df43,,2025-11-12T07:09:39.796Z,1077.7041241493869,73.2812577205419,0,0,,,screenshots/screen_000002.png
69142eb4410888a7b66fa988,68e48f1a803e577b1177152e,6912a59f410888a7b66ed6cf,screenshot-124f194f-6f17-4921-8a34-cf863294df43,,2025-11-12T07:09:39.889Z,1023.6448993787858,61.726148135212476,0,0,,,screenshots/screen_000002.png
69142eb4410888a7b66fa988,68e48f1a803e577b1177152e,6912a59f410888a7b66ed6cf,screenshot-124f194f-6f17-4921-8a34-cf863294df43,,2025-11-12T07:09:39.989Z,1046.6561932687653,48.708966455431046,0,0,,,screenshots/screen_000002.png
69142eb4410888a7b66fa988,68e48f1a803e577b1177152e,6912a59f410888a7b66ed6cf,screenshot-124f194f-6f17-4921-8a34-cf863294df43,,2025-11-12T07:09:40.088Z,1046.5355502463688,20.765481414442263,0,0,,,screenshots/screen_000002.png
69142eb4410888a7b66fa988,68e48f1a803e577b1177152e,6912a59f410888a7b66ed6cf,screenshot-124f194f-6f17-4921-8a34-cf863294df43,,2025-11-12T07:09:40.195Z,1041.7635045993327,-1.5833164443209888,0,0,,,screenshots/screen_000002.png
69142eb4410888a7b66fa988,68e48f1a803e577b1177152e,6912a59f410888a7b66ed6cf,screenshot-124f194f-6f17-4921-8a34-cf863294df43,,2025-11-12T07:09:40.288Z,1243.675126959774,55.89818367263811,0,0,,,screenshots/screen_000002.png
69142eb4410888a7b66fa988,68e48f1a803e577b1177152e,6912a59f410888a7b66ed6cf,screenshot-124f194f-6f17-4921-8a34-cf863294df43,,2025-11-12T07:09:40.397Z,1140.96962430425,81.35407344335744,0,0,,,screenshots/screen_000002.png
69142eb4410888a7b66fa988,68e48f1a803e577b1177152e,6912a59f410888a7b66ed6cf,screenshot-124f194f-6f17-4921-8a34-cf863294df43,,2025-11-12T07:09:40.499Z,1005.7594275490763,101.08317860198451,0,0,,,screenshots/screen_000002.png
69142eb4410888a7b66fa988,68e48f1a803e577b1177152e,6912a59f410888a7b66ed6cf,screenshot-124f194f-6f17-4921-8a34-cf863294df43,,2025-11-12T07:09:40.600Z,831.055519713055,111.74191865515662,0,0,,,screenshots/screen_000002.png
69142eb4410888a7b66fa988,68e48f1a803e577b1177152e,6912a59f410888a7b66ed6cf,screenshot-124f194f-6f17-4921-8a34-cf863294df43,,2025-11-12T07:09:40.700Z,729.9073403299195,137.362537516539,0,0,,,screenshots/screen_000002.png
69142eb4410888a7b66fa988,68e48f1a803e577b1177152e,6912a59f410888a7b66ed6cf,screenshot-124f194f-6f17-4921-8a34-cf863294df43,,2025-11-12T07:09:40.800Z,712.3049850374284,157.75281648702145,0,0,,,screenshots/screen_000002.png
69142eb4410888a7b66fa988,68e48f1a803e577b1177152e,6912a59f410888a7b66ed6cf,screenshot-124f194f-6f17-4921-8a34-cf863294df43,,2025-11-12T07:09:40.910Z,670.1494650943281,157.61142047906944,0,0,,,screenshots/screen_000002.png
69142eb4410888a7b66fa988,68e48f1a803e577b1177152e,6912a59f410888a7b66ed6cf,screenshot-124f194f-6f17-4921-8a34-cf863294df43,,2025-11-12T07:09:41.040Z,616.2039156162086,173.80554690997894,0,0,,,screenshots/screen_000002.png
69142eb4410888a7b66fa988,68e48f1a803e577b1177152e,6912a59f410888a7b66ed6cf,screenshot-124f194f-6f17-4921-8a34-cf863294df43,,2025-11-12T07:09:41.155Z,586.6491091839852,187.02150663790297,0,0,,,screenshots/screen_000002.png
69142eb4410888a7b66fa988,68e48f1a803e577b1177152e,6912a59f410888a7b66ed6cf,screenshot-124f194f-6f17-4921-8a34-cf863294df43,,2025-11-12T07:09:41.284Z,553.794898818157,209.33229692216872,0,0,,,screenshots/screen_000002.png
69142eb4410888a7b66fa988,68e48f1a803e577b1177152e,6912a59f410888a7b66ed6cf,screenshot-124f194f-6f17-4921-8a34-cf863294df43,,2025-11-12T07:09:41.408Z,536.566393704458,198.99056638978706,0,0,,,screenshots/screen_000002.png
69142eb4410888a7b66fa988,68e48f1a803e577b1177152e,6912a59f410888a7b66ed6cf,screenshot-124f194f-6f17-4921-8a34-cf863294df43,,2025-11-12T07:09:41.519Z,546.9425414688047,182.39512437972795,0,0,,,screenshots/screen_000002.png
69142eb4410888a7b66fa988,68e48f1a803e577b1177152e,6912a59f410888a7b66ed6cf,screenshot-124f194f-6f17-4921-8a34-cf863294df43,,2025-11-12T07:09:41.654Z,504.5572220121031,186.237098782543,0,0,,,screenshots/screen_000002.png
69142eb4410888a7b66fa988,68e48f1a803e577b1177152e,6912a59f410888a7b66ed6cf,screenshot-124f194f-6f17-4921-8a34-cf863294df43,,2025-11-12T07:09:41.783Z,425.4750914669553,179.6023442164639,0,0,,,screenshots/screen_000002.png
69142eb4410888a7b66fa988,68e48f1a803e577b1177152e,6912a59f410888a7b66ed6cf,screenshot-124f194f-6f17-4921-8a34-cf863294df43,,2025-11-12T07:09:41.915Z,386.64910137815275,188.6713443670534,0,0,,,screenshots/screen_000002.png
69142eb4410888a7b66fa988,68e48f1a803e577b1177152e,6912a59f410888a7b66ed6cf,screenshot-124f194f-6f17-4921-8a34-cf863294df43,,2025-11-12T07:09:42.030Z,384.7188326309792,209.44122071500755,0,0,,,screenshots/screen_000002.png
69142eb4410888a7b66fa988,68e48f1a803e577b1177152e,6912a59f410888a7b66ed6cf,screenshot-124f194f-6f17-4921-8a34-cf863294df43,,2025-11-12T07:09:42.153Z,618.3330616822966,204.97631759920947,0,0,,,screenshots/screen_000002.png
69142eb4410888a7b66fa988,68e48f1a803e577b1177152e,6912a59f410888a7b66ed6cf,screenshot-124f194f-6f17-4921-8a34-cf863294df43,,2025-11-12T07:09:42.261Z,780.1704991628279,209.6523646795181,0,0,,,screenshots/screen_000002.png
69142eb4410888a7b66fa988,68e48f1a803e577b1177152e,6912a59f410888a7b66ed6cf,screenshot-124f194f-6f17-4921-8a34-cf863294df43,,2025-11-12T07:09:42.381Z,882.2573470893503,201.07892752450468,0,0,,,screenshots/screen_000002.png
69142eb4410888a7b66fa988,68e48f1a803e577b1177152e,6912a59f410888a7b66ed6cf,screenshot-124f194f-6f17-4921-8a34-cf863294df43,,2025-11-12T07:09:42.492Z,1058.4150756508266,212.90931127436508,0,0,,,screenshots/screen_000002.png
69142eb4410888a7b66fa988,68e48f1a803e577b1177152e,6912a59f410888a7b66ed6cf,screenshot-124f194f-6f17-4921-8a34-cf863294df43,,2025-11-12T07:09:42.618Z,1043.2559949553213,154.62855121118955,0,0,,,screenshots/screen_000002.png
69142eb4410888a7b66fa988,68e48f1a803e577b1177152e,6912a59f410888a7b66ed6cf,screenshot-124f194f-6f17-4921-8a34-cf863294df43,,2025-11-12T07:09:42.746Z,1038.0312997770195,90.24572197098013,0,0,,,screenshots/screen_000002.png
69142eb4410888a7b66fa988,68e48f1a803e577b1177152e,6912a59f410888a7b66ed6cf,screenshot-124f194f-6f17-4921-8a34-cf863294df43,,2025-11-12T07:09:42.861Z,939.447209214751,104.95878121602831,0,0,,,screenshots/screen_000002.png
69142eb4410888a7b66fa988,68e48f1a803e577b1177152e,6912a59f410888a7b66ed6cf,screenshot-124f194f-6f17-4921-8a34-cf863294df43,,2025-11-12T07:09:42.987Z,886.7695815580611,110.69735747916353,0,0,,,screenshots/screen_000002.png
69142eb4410888a7b66fa988,68e48f1a803e577b1177152e,6912a59f410888a7b66ed6cf,screenshot-124f194f-6f17-4921-8a34-cf863294df43,,2025-11-12T07:09:43.104Z,830.2223457863297,105.95906972494811,0,0,,,screenshots/screen_000002.png
69142eb4410888a7b66fa988,68e48f1a803e577b1177152e,6912a59f410888a7b66ed6cf,screenshot-124f194f-6f17-4921-8a34-cf863294df43,,2025-11-12T07:09:43.217Z,737.8699218252834,119.26837211751165,0,0,,,screenshots/screen_000002.png
69142eb4410888a7b66fa988,68e48f1a803e577b1177152e,6912a59f410888a7b66ed6cf,screenshot-124f194f-6f17-4921-8a34-cf863294df43,,2025-11-12T07:09:43.331Z,658.080447652372,131.64409666997548,0,0,,,screenshots/screen_000002.png
69142eb4410888a7b66fa988,68e48f1a803e577b1177152e,6912a59f410888a7b66ed6cf,screenshot-124f194f-6f17-4921-8a34-cf863294df43,,2025-11-12T07:09:43.461Z,590.2682906837042,140.2624638771679,0,0,,,screenshots/screen_000002.png
69142eb4410888a7b66fa988,68e48f1a803e577b1177152e,6912a59f410888a7b66ed6cf,screenshot-124f194f-6f17-4921-8a34-cf863294df43,,2025-11-12T07:09:43.590Z,571.1753700892814,151.9517617189178,0,0,,,screenshots/screen_000002.png
69142eb4410888a7b66fa988,68e48f1a803e577b1177152e,6912a59f410888a7b66ed6cf,screenshot-124f194f-6f17-4921-8a34-cf863294df43,,2025-11-12T07:09:43.732Z,520.4301828224461,146.71133589028167,0,0,,,screenshots/screen_000002.png
69142eb4410888a7b66fa988,68e48f1a803e577b1177152e,6912a59f410888a7b66ed6cf,screenshot-124f194f-6f17-4921-8a34-cf863294df43,,2025-11-12T07:09:43.863Z,529.7362490559749,165.8783511677122,0,0,,,screenshots/screen_000002.png
69142eb4410888a7b66fa988,68e48f1a803e577b1177152e,6912a59f410888a7b66ed6cf,screenshot-124f194f-6f17-4921-8a34-cf863294df43,,2025-11-12T07:09:43.988Z,529.999977959088,184.71186655079737,0,0,,,screenshots/screen_000002.png
69142eb4410888a7b66fa988,68e48f1a803e577b1177152e,6912a59f410888a7b66ed6cf,screenshot-124f194f-6f17-4921-8a34-cf863294df43,,2025-11-12T07:09:44.125Z,518.732588634769,196.14417900170216,0,0,,,screenshots/screen_000002.png
69142eb4410888a7b66fa988,68e48f1a803e577b1177152e,6912a59f410888a7b66ed6cf,screenshot-124f194f-6f17-4921-8a34-cf863294df43,,2025-11-12T07:09:44.260Z,577.5688358117649,193.4350801410443,0,0,,,screenshots/screen_000002.png
69142eb4410888a7b66fa988,68e48f1a803e577b1177152e,6912a59f410888a7b66ed6cf,screenshot-124f194f-6f17-4921-8a34-cf863294df43,,2025-11-12T07:09:44.373Z,727.2236257915589,177.8244460525078,0,0,,,screenshots/screen_000002.png
69142eb4410888a7b66fa988,68e48f1a803e577b1177152e,6912a59f410888a7b66ed6cf,screenshot-124f194f-6f17-4921-8a34-cf863294df43,,2025-11-12T07:09:44.497Z,823.7084650777866,164.75330307095547,0,0,,,screenshots/screen_000002.png
69142eb4410888a7b66fa988,68e48f1a803e577b1177152e,6912a59f410888a7b66ed6cf,screenshot-124f194f-6f17-4921-8a34-cf863294df43,,2025-11-12T07:09:44.619Z,901.3713411271322,151.57668632440382,0,0,,,screenshots/screen_000002.png
69142eb4410888a7b66fa988,68e48f1a803e577b1177152e,6912a59f410888a7b66ed6cf,screenshot-124f194f-6f17-4921-8a34-cf863294df43,,2025-11-12T07:09:44.726Z,995.6885338168304,130.7152068552395,0,0,,,screenshots/screen_000002.png
69142eb4410888a7b66fa988,68e48f1a803e577b1177152e,6912a59f410888a7b66ed6cf,screenshot-124f194f-6f17-4921-8a34-cf863294df43,,2025-11-12T07:09:44.833Z,1082.9043976159355,119.7676146746981,0,0,,,screenshots/screen_000002.png
69142eb4410888a7b66fa988,68e48f1a803e577b1177152e,6912a59f410888a7b66ed6cf,screenshot-124f194f-6f17-4921-8a34-cf863294df43,,2025-11-12T07:09:44.946Z,1052.8986488308162,93.22334292657717,0,0,,,screenshots/screen_000002.png
69142eb4410888a7b66fa988,68e48f1a803e577b1177152e,6912a59f410888a7b66ed6cf,screenshot-124f194f-6f17-4921-8a34-cf863294df43,,2025-11-12T07:09:45.055Z,964.9191926727725,111.6247028825367,0,0,,,screenshots/screen_000002.png
69142eb4410888a7b66fa988,68e48f1a803e577b1177152e,6912a59f410888a7b66ed6cf,screenshot-124f194f-6f17-4921-8a34-cf863294df43,,2025-11-12T07:09:45.166Z,1033.4341394726555,237.93995952099155,0,0,,,screenshots/screen_000002.png
69142eb4410888a7b66fa988,68e48f1a803e577b1177152e,6912a59f410888a7b66ed6cf,screenshot-124f194f-6f17-4921-8a34-cf863294df43,,2025-11-12T07:09:45.284Z,1076.4224052516483,234.62811183514555,0,0,,,screenshots/screen_000002.png
69142eb4410888a7b66fa988,68e48f1a803e577b1177152e,6912a59f410888a7b66ed6cf,screenshot-124f194f-6f17-4921-8a34-cf863294df43,,2025-11-12T07:09:45.394Z,1137.4471707576115,284.0525219867696,0,0,,,screenshots/screen_000002.png
69142eb4410888a7b66fa988,68e48f1a803e577b1177152e,6912a59f410888a7b66ed6cf,screenshot-124f194f-6f17-4921-8a34-cf863294df43,,2025-11-12T07:09:45.517Z,1113.8129091274257,269.21465801944015,0,0,,,screenshots/screen_000002.png
69142eb4410888a7b66fa988,68e48f1a803e577b1177152e,6912a59f410888a7b66ed6cf,screenshot-124f194f-6f17-4921-8a34-cf863294df43,,2025-11-12T07:09:45.631Z,942.0361066655275,252.51167703749053,0,0,,,screenshots/screen_000002.png
69142eb4410888a7b66fa988,68e48f1a803e577b1177152e,6912a59f410888a7b66ed6cf,screenshot-124f194f-6f17-4921-8a34-cf863294df43,,2025-11-12T07:09:45.746Z,787.6840622770336,254.14441462359207,0,0,,,screenshots/screen_000002.png
69142eb4410888a7b66fa988,68e48f1a803e577b1177152e,6912a59f410888a7b66ed6cf,screenshot-124f194f-6f17-4921-8a34-cf863294df43,,2025-11-12T07:09:45.856Z,754.863380884092,294.373487308038,0,0,,,screenshots/screen_000002.png
69142eb4410888a7b66fa988,68e48f1a803e577b1177152e,6912a59f410888a7b66ed6cf,screenshot-124f194f-6f17-4921-8a34-cf863294df43,,2025-11-12T07:09:45.960Z,686.5574311625076,289.2708485829461,0,0,,,screenshots/screen_000002.png
69142eb4410888a7b66fa988,68e48f1a803e577b1177152e,6912a59f410888a7b66ed6cf,screenshot-124f194f-6f17-4921-8a34-cf863294df43,,2025-11-12T07:09:46.061Z,663.2972061187344,295.8520847576919,0,0,,,screenshots/screen_000002.png
69142eb4410888a7b66fa988,68e48f1a803e577b1177152e,6912a59f410888a7b66ed6cf,screenshot-124f194f-6f17-4921-8a34-cf863294df43,,2025-11-12T07:09:46.162Z,706.4918277505795,283.08605437279135,0,0,,,screenshots/screen_000002.png
69142eb4410888a7b66fa988,68e48f1a803e577b1177152e,6912a59f410888a7b66ed6cf,screenshot-124f194f-6f17-4921-8a34-cf863294df43,,2025-11-12T07:09:46.271Z,617.5504289333476,241.1020172164997,0,0,,,screenshots/screen_000002.png
69142eb4410888a7b66fa988,68e48f1a803e577b1177152e,6912a59f410888a7b66ed6cf,screenshot-124f194f-6f17-4921-8a34-cf863294df43,,2025-11-12T07:09:46.384Z,623.860422745721,198.4703458652066,0,0,,,screenshots/screen_000002.png
69142eb4410888a7b66fa988,68e48f1a803e577b1177152e,6912a59f410888a7b66ed6cf,screenshot-124f194f-6f17-4921-8a34-cf863294df43,,2025-11-12T07:09:46.489Z,916.4370581943116,258.6957474203066,0,0,,,screenshots/screen_000002.png
69142eb4410888a7b66fa988,68e48f1a803e577b1177152e,6912a59f410888a7b66ed6cf,screenshot-124f194f-6f17-4921-8a34-cf863294df43,,2025-11-12T07:09:46.587Z,1138.4368981625653,321.994815613848,0,0,,,screenshots/screen_000002.png
69142eb4410888a7b66fa988,68e48f1a803e577b1177152e,6912a59f410888a7b66ed6cf,screenshot-124f194f-6f17-4921-8a34-cf863294df43,,2025-11-12T07:09:46.687Z,1409.9525373118897,379.69195817478084,0,0,,,screenshots/screen_000002.png
69142eb4410888a7b66fa988,68e48f1a803e577b1177152e,6912a59f410888a7b66ed6cf,screenshot-124f194f-6f17-4921-8a34-cf863294df43,,2025-11-12T07:09:46.786Z,1624.3918910208195,416.94407234374455,0,0,,,screenshots/screen_000002.png
69142eb4410888a7b66fa988,68e48f1a803e577b1177152e,6912a59f410888a7b66ed6cf,screenshot-124f194f-6f17-4921-8a34-cf863294df43,,2025-11-12T07:09:46.891Z,1547.3910939148002,413.7936616331648,0,0,,,screenshots/screen_000002.png
69142eb4410888a7b66fa988,68e48f1a803e577b1177152e,6912a59f410888a7b66ed6cf,screenshot-124f194f-6f17-4921-8a34-cf863294df43,,2025-11-12T07:09:46.988Z,1551.029924467633,431.4718484530685,0,0,,,screenshots/screen_000002.png
69142eb4410888a7b66fa988,68e48f1a803e577b1177152e,6912a59f410888a7b66ed6cf,screenshot-124f194f-6f17-4921-8a34-cf863294df43,,2025-11-12T07:09:47.091Z,1634.6805619746176,418.85529263025717,0,0,,,screenshots/screen_000002.png
69142eb4410888a7b66fa988,68e48f1a803e577b1177152e,6912a59f410888a7b66ed6cf,screenshot-124f194f-6f17-4921-8a34-cf863294df43,,2025-11-12T07:09:47.183Z,1582.931304563034,326.57325635656196,0,0,,,screenshots/screen_000002.png
69142eb4410888a7b66fa988,68e48f1a803e577b1177152e,6912a59f410888a7b66ed6cf,screenshot-124f194f-6f17-4921-8a34-cf863294df43,,2025-11-12T07:09:47.287Z,1399.3038467449242,233.3020248103671,0,0,,,screenshots/screen_000002.png
69142eb4410888a7b66fa988,68e48f1a803e577b1177152e,6912a59f410888a7b66ed6cf,screenshot-124f194f-6f17-4921-8a34-cf863294df43,,2025-11-12T07:09:47.387Z,1185.4433650119554,182.32862288067267,0,0,,,screenshots/screen_000002.png
69142eb4410888a7b66fa988,68e48f1a803e577b1177152e,6912a59f410888a7b66ed6cf,screenshot-124f194f-6f17-4921-8a34-cf863294df43,,2025-11-12T07:09:47.489Z,1022.6115652556299,134.55742384077695,0,0,,,screenshots/screen_000002.png
69142eb4410888a7b66fa988,68e48f1a803e577b1177152e,6912a59f410888a7b66ed6cf,screenshot-124f194f-6f17-4921-8a34-cf863294df43,,2025-11-12T07:09:47.589Z,908.8695576301187,78.05303950740846,0,0,,,screenshots/screen_000002.png
69142eb4410888a7b66fa988,68e48f1a803e577b1177152e,6912a59f410888a7b66ed6cf,screenshot-124f194f-6f17-4921-8a34-cf863294df43,,2025-11-12T07:09:47.691Z,866.5052217894031,37.59822838932971,0,0,,,screenshots/screen_000002.png
69142eb4410888a7b66fa988,68e48f1a803e577b1177152e,6912a59f410888a7b66ed6cf,screenshot-124f194f-6f17-4921-8a34-cf863294df43,,2025-11-12T07:09:47.807Z,721.1588207123295,5.551164918560418,0,0,,,screenshots/screen_000002.png
69142eb4410888a7b66fa988,68e48f1a803e577b1177152e,6912a59f410888a7b66ed6cf,screenshot-124f194f-6f17-4921-8a34-cf863294df43,,2025-11-12T07:09:47.914Z,634.6722192827248,21.91396891317927,0,0,,,screenshots/screen_000002.png
69142eb4410888a7b66fa988,68e48f1a803e577b1177152e,6912a59f410888a7b66ed6cf,screenshot-124f194f-6f17-4921-8a34-cf863294df43,,2025-11-12T07:09:48.024Z,519.2122384712302,58.23203113960396,0,0,,,screenshots/screen_000002.png
69142eb4410888a7b66fa988,68e48f1a803e577b1177152e,6912a59f410888a7b66ed6cf,screenshot-124f194f-6f17-4921-8a34-cf863294df43,,2025-11-12T07:09:48.133Z,448.8444917545743,74.05502018977434,0,0,,,screenshots/screen_000002.png
69142eb4410888a7b66fa988,68e48f1a803e577b1177152e,6912a59f410888a7b66ed6cf,screenshot-124f194f-6f17-4921-8a34-cf863294df43,,2025-11-12T07:09:48.252Z,364.73906790478435,104.40239446880189,0,0,,,screenshots/screen_000002.png
69142eb4410888a7b66fa988,68e48f1a803e577b1177152e,6912a59f410888a7b66ed6cf,screenshot-124f194f-6f17-4921-8a34-cf863294df43,,2025-11-12T07:09:48.370Z,373.8230037991465,124.06022651591961,0,0,,,screenshots/screen_000002.png
69142eb4410888a7b66fa988,68e48f1a803e577b1177152e,6912a59f410888a7b66ed6cf,screenshot-124f194f-6f17-4921-8a34-cf863294df43,,2025-11-12T07:09:48.479Z,363.87578361413404,163.25078034604684,0,0,,,screenshots/screen_000002.png
69142eb4410888a7b66fa988,68e48f1a803e577b1177152e,6912a59f410888a7b66ed6cf,screenshot-124f194f-6f17-4921-8a34-cf863294df43,,2025-11-12T07:09:48.603Z,428.69871832412815,185.13678383093185,0,0,,,screenshots/screen_000002.png
69142eb4410888a7b66fa988,68e48f1a803e577b1177152e,6912a59f410888a7b66ed6cf,screenshot-124f194f-6f17-4921-8a34-cf863294df43,,2025-11-12T07:09:48.714Z,505.66734385895836,188.4953014546723,0,0,,,screenshots/screen_000002.png
69142eb4410888a7b66fa988,68e48f1a803e577b1177152e,6912a59f410888a7b66ed6cf,screenshot-124f194f-6f17-4921-8a34-cf863294df43,,2025-11-12T07:09:48.827Z,566.0662765580228,230.52372432766307,0,0,,,screenshots/screen_000002.png
69142eb4410888a7b66fa988,68e48f1a803e577b1177152e,6912a59f410888a7b66ed6cf,screenshot-124f194f-6f17-4921-8a34-cf863294df43,,2025-11-12T07:09:48.938Z,625.1079547896061,259.4354237995967,0,0,,,screenshots/screen_000002.png
69142eb4410888a7b66fa988,68e48f1a803e577b1177152e,6912a59f410888a7b66ed6cf,screenshot-124f194f-6f17-4921-8a34-cf863294df43,,2025-11-12T07:09:49.055Z,570.4061491190605,254.88266808410287,0,0,,,screenshots/screen_000002.png
69142eb4410888a7b66fa988,68e48f1a803e577b1177152e,6912a59f410888a7b66ed6cf,screenshot-124f194f-6f17-4921-8a34-cf863294df43,,2025-11-12T07:09:49.181Z,532.261175329277,248.56113092490403,0,0,,,screenshots/screen_000002.png
69142eb4410888a7b66fa988,68e48f1a803e577b1177152e,6912a59f410888a7b66ed6cf,screenshot-124f194f-6f17-4921-8a34-cf863294df43,,2025-11-12T07:09:49.313Z,531.1444014996359,222.22108778521445,0,0,,,screenshots/screen_000002.png
69142eb4410888a7b66fa988,68e48f1a803e577b1177152e,6912a59f410888a7b66ed6cf,screenshot-124f194f-6f17-4921-8a34-cf863294df43,,2025-11-12T07:09:49.436Z,485.6217953007142,234.65936732041945,0,0,,,screenshots/screen_000002.png
69142eb4410888a7b66fa988,68e48f1a803e577b1177152e,6912a59f410888a7b66ed6cf,screenshot-124f194f-6f17-4921-8a34-cf863294df43,,2025-11-12T07:09:49.547Z,448.24778353190436,235.12303967659784,0,0,,,screenshots/screen_000002.png
69142eb4410888a7b66fa988,68e48f1a803e577b1177152e,6912a59f410888a7b66ed6cf,screenshot-124f194f-6f17-4921-8a34-cf863294df43,,2025-11-12T07:09:49.672Z,510.79998899662587,258.2389024456566,0,0,,,screenshots/screen_000002.png
69142eb4410888a7b66fa988,68e48f1a803e577b1177152e,6912a59f410888a7b66ed6cf,screenshot-124f194f-6f17-4921-8a34-cf863294df43,,2025-11-12T07:09:49.779Z,607.1159897711069,266.40331524014005,0,0,,,screenshots/screen_000002.png
69142eb4410888a7b66fa988,68e48f1a803e577b1177152e,6912a59f410888a7b66ed6cf,screenshot-124f194f-6f17-4921-8a34-cf863294df43,,2025-11-12T07:09:49.886Z,657.2188778767782,297.6595399590192,0,0,,,screenshots/screen_000002.png
69142eb4410888a7b66fa988,68e48f1a803e577b1177152e,6912a59f410888a7b66ed6cf,screenshot-124f194f-6f17-4921-8a34-cf863294df43,,2025-11-12T07:09:50.004Z,712.3674396541867,334.3966164134231,0,0,,,screenshots/screen_000002.png
69142eb4410888a7b66fa988,68e48f1a803e577b1177152e,6912a59f410888a7b66ed6cf,screenshot-124f194f-6f17-4921-8a34-cf863294df43,,2025-11-12T07:09:50.110Z,780.8001799072584,359.6850601929982,0,0,,,screenshots/screen_000002.png
69142eb4410888a7b66fa988,68e48f1a803e577b1177152e,6912a59f410888a7b66ed6cf,screenshot-124f194f-6f17-4921-8a34-cf863294df43,,2025-11-12T07:09:50.210Z,904.8723753684617,412.75595544970224,0,0,,,screenshots/screen_000002.png
69142eb4410888a7b66fa988,68e48f1a803e577b1177152e,6912a59f410888a7b66ed6cf,screenshot-124f194f-6f17-4921-8a34-cf863294df43,,2025-11-12T07:09:50.301Z,999.8096575619202,276.4843427032699,0,0,,,screenshots/screen_000002.png
69142eb4410888a7b66fa988,68e48f1a803e577b1177152e,6912a59f410888a7b66ed6cf,screenshot-124f194f-6f17-4921-8a34-cf863294df43,,2025-11-12T07:09:50.404Z,1084.853766255947,191.16052229698596,0,0,,,screenshots/screen_000002.png
69142eb4410888a7b66fa988,68e48f1a803e577b1177152e,6912a59f410888a7b66ed6cf,screenshot-124f194f-6f17-4921-8a34-cf863294df43,,2025-11-12T07:09:50.499Z,1136.5317619798916,127.48499936919512,0,0,,,screenshots/screen_000002.png
69142eb4410888a7b66fa988,68e48f1a803e577b1177152e,6912a59f410888a7b66ed6cf,screenshot-124f194f-6f17-4921-8a34-cf863294df43,,2025-11-12T07:09:50.602Z,1085.2005898960279,87.0258511790727,0,0,,,screenshots/screen_000002.png
69142eb4410888a7b66fa988,68e48f1a803e577b1177152e,6912a59f410888a7b66ed6cf,screenshot-124f194f-6f17-4921-8a34-cf863294df43,,2025-11-12T07:09:50.702Z,1028.2999699172215,34.94104163909272,0,0,,,screenshots/screen_000002.png
69142eb4410888a7b66fa988,68e48f1a803e577b1177152e,6912a59f410888a7b66ed6cf,screenshot-124f194f-6f17-4921-8a34-cf863294df43,,2025-11-12T07:09:50.803Z,1038.877049132337,25.369408361947194,0,0,,,screenshots/screen_000002.png
69142eb4410888a7b66fa988,68e48f1a803e577b1177152e,6912a59f410888a7b66ed6cf,screenshot-124f194f-6f17-4921-8a34-cf863294df43,,2025-11-12T07:09:50.903Z,1064.9965802841664,-2.0403623136151463,0,0,,,screenshots/screen_000002.png
69142eb4410888a7b66fa988,68e48f1a803e577b1177152e,6912a59f410888a7b66ed6cf,screenshot-124f194f-6f17-4921-8a34-cf863294df43,,2025-11-12T07:09:51.075Z,1077.8715193817443,-20.601119017907145,0,0,,,screenshots/screen_000002.png
69142eb4410888a7b66fa988,68e48f1a803e577b1177152e,6912a59f410888a7b66ed6cf,screenshot-124f194f-6f17-4921-8a34-cf863294df43,,2025-11-12T07:09:51.172Z,972.6431926113801,26.74917259815772,0,0,,,screenshots/screen_000002.png
69142eb4410888a7b66fa988,68e48f1a803e577b1177152e,6912a59f410888a7b66ed6cf,screenshot-124f194f-6f17-4921-8a34-cf863294df43,,2025-11-12T07:09:51.271Z,705.686341108979,126.33467932448215,0,0,,,screenshots/screen_000002.png
69142eb4410888a7b66fa988,68e48f1a803e577b1177152e,6912a59f410888a7b66ed6cf,screenshot-124f194f-6f17-4921-8a34-cf863294df43,,2025-11-12T07:09:51.370Z,442.8955208269608,220.41682797562027,0,0,,,screenshots/screen_000002.png
69142eb4410888a7b66fa988,68e48f1a803e577b1177152e,6912a59f410888a7b66ed6cf,screenshot-124f194f-6f17-4921-8a34-cf863294df43,,2025-11-12T07:09:51.469Z,195.79557108836474,300.04441526479326,0,0,,,screenshots/screen_000002.png
69142eb4410888a7b66fa988,68e48f1a803e577b1177152e,6912a59f410888a7b66ed6cf,screenshot-124f194f-6f17-4921-8a34-cf863294df43,,2025-11-12T07:09:51.569Z,142.75947634043177,310.09694704110785,0,0,,,screenshots/screen_000002.png
69142eb4410888a7b66fa988,68e48f1a803e577b1177152e,6912a59f410888a7b66ed6cf,screenshot-124f194f-6f17-4921-8a34-cf863294df43,,2025-11-12T07:09:51.670Z,218.12821125878827,258.11167323541946,0,0,,,screenshots/screen_000002.png
69142eb4410888a7b66fa988,68e48f1a803e577b1177152e,6912a59f410888a7b66ed6cf,screenshot-124f194f-6f17-4921-8a34-cf863294df43,,2025-11-12T07:09:51.774Z,144.59732150017726,258.35714054192135,0,0,,,screenshots/screen_000002.png
69142eb4410888a7b66fa988,68e48f1a803e577b1177152e,6912a59f410888a7b66ed6cf,screenshot-124f194f-6f17-4921-8a34-cf863294df43,,2025-11-12T07:09:51.881Z,149.9935163367004,250.89524238338146,0,0,,,screenshots/screen_000002.png
69142eb4410888a7b66fa988,68e48f1a803e577b1177152e,6912a59f410888a7b66ed6cf,screenshot-124f194f-6f17-4921-8a34-cf863294df43,,2025-11-12T07:09:51.976Z,98.80428929952437,193.11769698425277,0,0,,,screenshots/screen_000002.png
69142eb4410888a7b66fa988,68e48f1a803e577b1177152e,6912a59f410888a7b66ed6cf,screenshot-124f194f-6f17-4921-8a34-cf863294df43,,2025-11-12T07:09:52.074Z,160.5474926179619,137.10553865776535,0,0,,,screenshots/screen_000002.png
69142eb4410888a7b66fa988,68e48f1a803e577b1177152e,6912a59f410888a7b66ed6cf,screenshot-124f194f-6f17-4921-8a34-cf863294df43,,2025-11-12T07:09:52.169Z,209.84525505654926,152.01570288707237,0,0,,,screenshots/screen_000002.png
69142eb4410888a7b66fa988,68e48f1a803e577b1177152e,6912a59f410888a7b66ed6cf,screenshot-124f194f-6f17-4921-8a34-cf863294df43,,2025-11-12T07:09:52.268Z,164.39214304269407,177.6145117995137,0,0,,,screenshots/screen_000002.png
69142eb4410888a7b66fa988,68e48f1a803e577b1177152e,6912a59f410888a7b66ed6cf,screenshot-124f194f-6f17-4921-8a34-cf863294df43,,2025-11-12T07:09:52.374Z,58.90180527923607,179.41931622087134,0,0,,,screenshots/screen_000002.png
69142eb4410888a7b66fa988,68e48f1a803e577b1177152e,6912a59f410888a7b66ed6cf,screenshot-124f194f-6f17-4921-8a34-cf863294df43,,2025-11-12T07:09:52.473Z,179.10918835316494,151.81810629095608,0,0,,,screenshots/screen_000002.png
69142eb4410888a7b66fa988,68e48f1a803e577b1177152e,6912a59f410888a7b66ed6cf,screenshot-124f194f-6f17-4921-8a34-cf863294df43,,2025-11-12T07:09:52.576Z,252.7478556712358,77.70064595813302,0,0,,,screenshots/screen_000002.png
69142eb4410888a7b66fa988,68e48f1a803e577b1177152e,6912a59f410888a7b66ed6cf,screenshot-124f194f-6f17-4921-8a34-cf863294df43,,2025-11-12T07:09:52.675Z,172.5982724103266,98.49407840660831,0,0,,,screenshots/screen_000002.png
69142eb4410888a7b66fa988,68e48f1a803e577b1177152e,6912a59f410888a7b66ed6cf,screenshot-124f194f-6f17-4921-8a34-cf863294df43,,2025-11-12T07:09:52.782Z,232.40543823286146,125.49802985536917,0,0,,,screenshots/screen_000002.png
69142eb4410888a7b66fa988,68e48f1a803e577b1177152e,6912a59f410888a7b66ed6cf,screenshot-124f194f-6f17-4921-8a34-cf863294df43,,2025-11-12T07:09:52.877Z,246.83679846796093,125.75897848497955,0,0,,,screenshots/screen_000002.png
69142eb4410888a7b66fa988,68e48f1a803e577b1177152e,6912a59f410888a7b66ed6cf,screenshot-124f194f-6f17-4921-8a34-cf863294df43,,2025-11-12T07:09:52.980Z,441.29984052237376,121.24188561673733,0,0,,,screenshots/screen_000002.png
69142eb4410888a7b66fa988,68e48f1a803e577b1177152e,6912a59f410888a7b66ed6cf,screenshot-124f194f-6f17-4921-8a34-cf863294df43,,2025-11-12T07:09:53.082Z,399.3261800960478,160.2178679355452,0,0,,,screenshots/screen_000002.png
69142eb4410888a7b66fa988,68e48f1a803e577b1177152e,6912a59f410888a7b66ed6cf,screenshot-124f194f-6f17-4921-8a34-cf863294df43,,2025-11-12T07:09:53.179Z,286.0286122885765,213.14755108949387,0,0,,,screenshots/screen_000002.png
69142eb4410888a7b66fa988,68e48f1a803e577b1177152e,6912a59f410888a7b66ed6cf,screenshot-124f194f-6f17-4921-8a34-cf863294df43,,2025-11-12T07:09:53.276Z,223.23410886490294,229.57975282851496,0,0,,,screenshots/screen_000002.png
69142eb4410888a7b66fa988,68e48f1a803e577b1177152e,6912a59f410888a7b66ed6cf,screenshot-124f194f-6f17-4921-8a34-cf863294df43,,2025-11-12T07:09:53.379Z,268.6796303986801,212.30309140864665,0,0,,,screenshots/screen_000002.png
69142eb4410888a7b66fa988,68e48f1a803e577b1177152e,6912a59f410888a7b66ed6cf,screenshot-124f194f-6f17-4921-8a34-cf863294df43,,2025-11-12T07:09:53.478Z,362.94471065043285,259.4415922107257,0,0,,,screenshots/screen_000002.png
69142eb4410888a7b66fa988,68e48f1a803e577b1177152e,6912a59f410888a7b66ed6cf,screenshot-124f194f-6f17-4921-8a34-cf863294df43,,2025-11-12T07:09:53.575Z,517.127422148516,216.0378296896995,0,0,,,screenshots/screen_000002.png
69142eb4410888a7b66fa988,68e48f1a803e577b1177152e,6912a59f410888a7b66ed6cf,screenshot-124f194f-6f17-4921-8a34-cf863294df43,,2025-11-12T07:09:53.680Z,470.66278616986415,254.11491830845605,0,0,,,screenshots/screen_000002.png
69142eb4410888a7b66fa988,68e48f1a803e577b1177152e,6912a59f410888a7b66ed6cf,screenshot-124f194f-6f17-4921-8a34-cf863294df43,,2025-11-12T07:09:53.780Z,492.2839518339039,199.6170998568761,0,0,,,screenshots/screen_000002.png
69142eb4410888a7b66fa988,68e48f1a803e577b1177152e,6912a59f410888a7b66ed6cf,screenshot-124f194f-6f17-4921-8a34-cf863294df43,,2025-11-12T07:09:53.884Z,429.7170960313066,196.19440337590828,0,0,,,screenshots/screen_000002.png
69142eb4410888a7b66fa988,68e48f1a803e577b1177152e,6912a59f410888a7b66ed6cf,screenshot-124f194f-6f17-4921-8a34-cf863294df43,,2025-11-12T07:09:53.984Z,338.7710682664898,216.59676748436266,0,0,,,screenshots/screen_000002.png
69142eb4410888a7b66fa988,68e48f1a803e577b1177152e,6912a59f410888a7b66ed6cf,screenshot-124f194f-6f17-4921-8a34-cf863294df43,,2025-11-12T07:09:54.090Z,390.2768394505249,230.61119261545826,0,0,,,screenshots/screen_000002.png
69142eb4410888a7b66fa988,68e48f1a803e577b1177152e,6912a59f410888a7b66ed6cf,screenshot-124f194f-6f17-4921-8a34-cf863294df43,,2025-11-12T07:09:54.188Z,683.9150211203059,272.3398880708577,0,0,,,screenshots/screen_000002.png
69142eb4410888a7b66fa988,68e48f1a803e577b1177152e,6912a59f410888a7b66ed6cf,screenshot-124f194f-6f17-4921-8a34-cf863294df43,,2025-11-12T07:09:54.281Z,451.14246145662577,366.48491280937253,0,0,,,screenshots/screen_000002.png
69142eb4410888a7b66fa988,68e48f1a803e577b1177152e,6912a59f410888a7b66ed6cf,screenshot-124f194f-6f17-4921-8a34-cf863294df43,,2025-11-12T07:09:55.215Z,568.9326225309554,358.51000656293115,0,0,,,screenshots/screen_000002.png
69142eb4410888a7b66fa988,68e48f1a803e577b1177152e,6912a59f410888a7b66ed6cf,screenshot-124f194f-6f17-4921-8a34-cf863294df43,,2025-11-12T07:09:55.601Z,674.5990022642906,490.00250401589415,0,0,,,screenshots/screen_000002.png
69142eb4410888a7b66fa988,68e48f1a803e577b1177152e,6912a59f410888a7b66ed6cf,screenshot-124f194f-6f17-4921-8a34-cf863294df43,,2025-11-12T07:09:56.102Z,931.8791381999315,525.9556178071394,0,0,,,screenshots/screen_000002.png
69142eb4410888a7b66fa988,68e48f1a803e577b1177152e,6912a59f410888a7b66ed6cf,screenshot-124f194f-6f17-4921-8a34-cf863294df43,,2025-11-12T07:09:56.324Z,1195.6992098501532,554.4119612830794,0,0,,,screenshots/screen_000002.png
69142eb4410888a7b66fa988,68e48f1a803e577b1177152e,6912a59f410888a7b66ed6cf,screenshot-124f194f-6f17-4921-8a34-cf863294df43,,2025-11-12T07:09:56.559Z,1194.0802031357598,496.13323118868163,0,0,,,screenshots/screen_000002.png
69142eb4410888a7b66fa988,68e48f1a803e577b1177152e,6912a59f410888a7b66ed6cf,screenshot-124f194f-6f17-4921-8a34-cf863294df43,,2025-11-12T07:09:57.441Z,1092.5357224966554,433.33587461493687,0,0,,,screenshots/screen_000002.png
69142eb4410888a7b66fa988,68e48f1a803e577b1177152e,6912a59f410888a7b66ed6cf,screenshot-124f194f-6f17-4921-8a34-cf863294df43,,2025-11-12T07:09:57.574Z,1055.3422273038423,388.1558126531844,0,0,,,screenshots/screen_000002.png
69142eb4410888a7b66fa988,68e48f1a803e577b1177152e,6912a59f410888a7b66ed6cf,screenshot-124f194f-6f17-4921-8a34-cf863294df43,,2025-11-12T07:09:57.894Z,986.1975029423468,343.9162353775294,0,0,,,screenshots/screen_000002.png
69142eb4410888a7b66fa988,68e48f1a803e577b1177152e,6912a59f410888a7b66ed6cf,screenshot-124f194f-6f17-4921-8a34-cf863294df43,,2025-11-12T07:09:59.100Z,1053.718873406818,380.1509825726179,0,0,,,screenshots/screen_000002.png
69142eb4410888a7b66fa988,68e48f1a803e577b1177152e,6912a59f410888a7b66ed6cf,screenshot-124f194f-6f17-4921-8a34-cf863294df43,,2025-11-12T07:09:59.665Z,1173.8461275656518,359.90957274090977,0,0,,,screenshots/screen_000002.png
69142eb4410888a7b66fa988,68e48f1a803e577b1177152e,6912a59f410888a7b66ed6cf,screenshot-124f194f-6f17-4921-8a34-cf863294df43,,2025-11-12T07:09:59.966Z,1011.0618511634593,247.21984101993667,0,0,,,screenshots/screen_000002.png
69142eb4410888a7b66fa988,68e48f1a803e577b1177152e,6912a59f410888a7b66ed6cf,screenshot-124f194f-6f17-4921-8a34-cf863294df43,,2025-11-12T07:10:01.255Z,959.6002406816621,275.3431249697146,0,0,,,screenshots/screen_000002.png
69142eb4410888a7b66fa988,68e48f1a803e577b1177152e,6912a59f410888a7b66ed6cf,screenshot-124f194f-6f17-4921-8a34-cf863294df43,,2025-11-12T07:10:01.578Z,1184.5117882441457,304.0995893652152,0,0,,,screenshots/screen_000002.png
69142eb4410888a7b66fa988,68e48f1a803e577b1177152e,6912a59f410888a7b66ed6cf,screenshot-124f194f-6f17-4921-8a34-cf863294df43,,2025-11-12T07:10:01.746Z,1382.6765073288443,225.7957407997834,0,0,,,screenshots/screen_000002.png
69142eb4410888a7b66fa988,68e48f1a803e577b1177152e,6912a59f410888a7b66ed6cf,screenshot-124f194f-6f17-4921-8a34-cf863294df43,,2025-11-12T07:10:01.876Z,1407.522027863651,190.0471682632403,0,0,,,screenshots/screen_000002.png
69142eb4410888a7b66fa988,68e48f1a803e577b1177152e,6912a59f410888a7b66ed6cf,screenshot-124f194f-6f17-4921-8a34-cf863294df43,,2025-11-12T07:10:01.970Z,1173.1614046568295,191.69068659846363,0,0,,,screenshots/screen_000002.png
69142eb4410888a7b66fa988,68e48f1a803e577b1177152e,6912a59f410888a7b66ed6cf,screenshot-124f194f-6f17-4921-8a34-cf863294df43,,2025-11-12T07:10:02.078Z,795.4967508880973,289.55546404936024,0,0,,,screenshots/screen_000002.png
69142eb4410888a7b66fa988,68e48f1a803e577b1177152e,6912a59f410888a7b66ed6cf,screenshot-124f194f-6f17-4921-8a34-cf863294df43,,2025-11-12T07:10:02.179Z,608.714231680459,379.5984021369561,0,0,,,screenshots/screen_000002.png
69142eb4410888a7b66fa988,68e48f1a803e577b1177152e,6912a59f410888a7b66ed6cf,screenshot-124f194f-6f17-4921-8a34-cf863294df43,,2025-11-12T07:10:02.281Z,373.5548092058107,489.3174775166425,0,0,,,screenshots/screen_000002.png
69142eb4410888a7b66fa988,68e48f1a803e577b1177152e,6912a59f410888a7b66ed6cf,screenshot-124f194f-6f17-4921-8a34-cf863294df43,,2025-11-12T07:10:02.381Z,90.47413085265245,529.1867259280085,0,0,,,screenshots/screen_000002.png
69142eb4410888a7b66fa988,68e48f1a803e577b1177152e,6912a59f410888a7b66ed6cf,screenshot-124f194f-6f17-4921-8a34-cf863294df43,,2025-11-12T07:10:02.475Z,45.8642628116542,551.5067542849356,0,0,,,screenshots/screen_000002.png
69142eb4410888a7b66fa988,68e48f1a803e577b1177152e,6912a59f410888a7b66ed6cf,screenshot-124f194f-6f17-4921-8a34-cf863294df43,,2025-11-12T07:10:02.576Z,21.09158668504027,529.404415333732,0,0,,,screenshots/screen_000002.png
69142eb4410888a7b66fa988,68e48f1a803e577b1177152e,6912a59f410888a7b66ed6cf,screenshot-124f194f-6f17-4921-8a34-cf863294df43,,2025-11-12T07:10:02.681Z,-47.02171256706671,533.0128190015773,0,0,,,screenshots/screen_000002.png
69142eb4410888a7b66fa988,68e48f1a803e577b1177152e,6912a59f410888a7b66ed6cf,screenshot-124f194f-6f17-4921-8a34-cf863294df43,,2025-11-12T07:10:02.780Z,-138.5110362406712,543.9019689833196,0,0,,,screenshots/screen_000002.png
69142eb4410888a7b66fa988,68e48f1a803e577b1177152e,6912a59f410888a7b66ed6cf,screenshot-124f194f-6f17-4921-8a34-cf863294df43,,2025-11-12T07:10:02.879Z,90.65967695842812,452.14049407804424,0,0,,,screenshots/screen_000002.png
69142eb4410888a7b66fa988,68e48f1a803e577b1177152e,6912a59f410888a7b66ed6cf,screenshot-124f194f-6f17-4921-8a34-cf863294df43,,2025-11-12T07:10:02.982Z,457.59778319417006,350.19779219423816,0,0,,,screenshots/screen_000002.png
69142eb4410888a7b66fa988,68e48f1a803e577b1177152e,6912a59f410888a7b66ed6cf,screenshot-124f194f-6f17-4921-8a34-cf863294df43,,2025-11-12T07:10:03.081Z,851.9203922372966,318.1355387323797,0,0,,,screenshots/screen_000002.png
69142eb4410888a7b66fa988,68e48f1a803e577b1177152e,6912a59f410888a7b66ed6cf,screenshot-124f194f-6f17-4921-8a34-cf863294df43,,2025-11-12T07:10:03.181Z,1091.656035272322,287.28289484949255,0,0,,,screenshots/screen_000002.png
69142eb4410888a7b66fa988,68e48f1a803e577b1177152e,6912a59f410888a7b66ed6cf,screenshot-124f194f-6f17-4921-8a34-cf863294df43,,2025-11-12T07:10:03.280Z,1312.4374464865052,238.38564163629977,0,0,,,screenshots/screen_000002.png
69142eb4410888a7b66fa988,68e48f1a803e577b1177152e,6912a59f410888a7b66ed6cf,screenshot-124f194f-6f17-4921-8a34-cf863294df43,,2025-11-12T07:10:03.381Z,1432.9226622468077,222.27490338972734,0,0,,,screenshots/screen_000002.png
69142eb4410888a7b66fa988,68e48f1a803e577b1177152e,6912a59f410888a7b66ed6cf,screenshot-124f194f-6f17-4921-8a34-cf863294df43,,2025-11-12T07:10:03.478Z,1465.3199335496417,247.3600585963296,0,0,,,screenshots/screen_000002.png
69142eb4410888a7b66fa988,68e48f1a803e577b1177152e,6912a59f410888a7b66ed6cf,screenshot-124f194f-6f17-4921-8a34-cf863294df43,,2025-11-12T07:10:03.577Z,1463.6291075422353,237.71499774074067,0,0,,,screenshots/screen_000002.png
69142eb4410888a7b66fa988,68e48f1a803e577b1177152e,6912a59f410888a7b66ed6cf,screenshot-124f194f-6f17-4921-8a34-cf863294df43,,2025-11-12T07:10:03.686Z,1262.205318198813,310.8045744023234,0,0,,,screenshots/screen_000002.png
69142eb4410888a7b66fa988,68e48f1a803e577b1177152e,6912a59f410888a7b66ed6cf,screenshot-124f194f-6f17-4921-8a34-cf863294df43,,2025-11-12T07:10:03.787Z,1143.0212277807734,373.5149283963674,0,0,,,screenshots/screen_000002.png
69142eb4410888a7b66fa988,68e48f1a803e577b1177152e,6912a59f410888a7b66ed6cf,screenshot-124f194f-6f17-4921-8a34-cf863294df43,,2025-11-12T07:10:03.883Z,956.8135271583911,392.15591582060875,0,0,,,screenshots/screen_000002.png
69142eb4410888a7b66fa988,68e48f1a803e577b1177152e,6912a59f410888a7b66ed6cf,screenshot-124f194f-6f17-4921-8a34-cf863294df43,,2025-11-12T07:10:03.985Z,813.7781841717241,423.02656234016536,0,0,,,screenshots/screen_000002.png
69142eb4410888a7b66fa988,68e48f1a803e577b1177152e,6912a59f410888a7b66ed6cf,screenshot-124f194f-6f17-4921-8a34-cf863294df43,,2025-11-12T07:10:04.080Z,686.5996743680389,425.64637805627154,0,0,,,screenshots/screen_000002.png
69142eb4410888a7b66fa988,68e48f1a803e577b1177152e,6912a59f410888a7b66ed6cf,screenshot-124f194f-6f17-4921-8a34-cf863294df43,,2025-11-12T07:10:04.181Z,558.1256589582075,451.00782304475047,0,0,,,screenshots/screen_000002.png
69142eb4410888a7b66fa988,68e48f1a803e577b1177152e,6912a59f410888a7b66ed6cf,screenshot-124f194f-6f17-4921-8a34-cf863294df43,,2025-11-12T07:10:04.281Z,432.27423482106207,452.4325890165883,0,0,,,screenshots/screen_000002.png
69142eb4410888a7b66fa988,68e48f1a803e577b1177152e,6912a59f410888a7b66ed6cf,screenshot-124f194f-6f17-4921-8a34-cf863294df43,,2025-11-12T07:10:04.380Z,332.0423640094553,470.70235881771913,0,0,,,screenshots/screen_000002.png
69142eb4410888a7b66fa988,68e48f1a803e577b1177152e,6912a59f410888a7b66ed6cf,screenshot-124f194f-6f17-4921-8a34-cf863294df43,,2025-11-12T07:10:04.489Z,255.26033295365906,454.8170992644829,0,0,,,screenshots/screen_000002.png
69142eb4410888a7b66fa988,68e48f1a803e577b1177152e,6912a59f410888a7b66ed6cf,screenshot-124f194f-6f17-4921-8a34-cf863294df43,,2025-11-12T07:10:04.586Z,166.23691280915517,468.1528449409673,0,0,,,screenshots/screen_000002.png
69142eb4410888a7b66fa988,68e48f1a803e577b1177152e,6912a59f410888a7b66ed6cf,screenshot-124f194f-6f17-4921-8a34-cf863294df43,,2025-11-12T07:10:04.687Z,47.762998587061354,503.9345471146165,0,0,,,screenshots/screen_000002.png
69142eb4410888a7b66fa988,68e48f1a803e577b1177152e,6912a59f410888a7b66ed6cf,screenshot-124f194f-6f17-4921-8a34-cf863294df43,,2025-11-12T07:10:04.791Z,51.60385363997434,534.37322516284,0,0,,,screenshots/screen_000002.png
69142eb4410888a7b66fa988,68e48f1a803e577b1177152e,6912a59f410888a7b66ed6cf,screenshot-124f194f-6f17-4921-8a34-cf863294df43,,2025-11-12T07:10:04.888Z,271.8968417099206,482.8718612612744,0,0,,,screenshots/screen_000002.png
69142eb4410888a7b66fa988,68e48f1a803e577b1177152e,6912a59f410888a7b66ed6cf,screenshot-124f194f-6f17-4921-8a34-cf863294df43,,2025-11-12T07:10:04.991Z,390.75538510568333,551.1755350756155,0,0,,,screenshots/screen_000002.png
69142eb4410888a7b66fa988,68e48f1a803e577b1177152e,6912a59f410888a7b66ed6cf,screenshot-124f194f-6f17-4921-8a34-cf863294df43,,2025-11-12T07:10:05.162Z,407.2292963629925,523.8110879011784,0,0,,,screenshots/screen_000002.png
69142eb4410888a7b66fa988,68e48f1a803e577b1177152e,6912a59f410888a7b66ed6cf,screenshot-124f194f-6f17-4921-8a34-cf863294df43,,2025-11-12T07:10:05.258Z,252.3045405478362,521.6303388506512,0,0,,,screenshots/screen_000002.png
69142eb4410888a7b66fa988,68e48f1a803e577b1177152e,6912a59f410888a7b66ed6cf,screenshot-124f194f-6f17-4921-8a34-cf863294df43,,2025-11-12T07:10:05.365Z,104.97156939032764,508.3373113375934,0,0,,,screenshots/screen_000002.png
69142eb4410888a7b66fa988,68e48f1a803e577b1177152e,6912a59f410888a7b66ed6cf,screenshot-124f194f-6f17-4921-8a34-cf863294df43,,2025-11-12T07:10:05.460Z,47.31644991284251,487.35225713175356,0,0,,,screenshots/screen_000002.png
69142eb4410888a7b66fa988,68e48f1a803e577b1177152e,6912a59f410888a7b66ed6cf,screenshot-124f194f-6f17-4921-8a34-cf863294df43,,2025-11-12T07:10:05.560Z,39.977492034034306,521.1548224733776,0,0,,,screenshots/screen_000002.png
69142eb4410888a7b66fa988,68e48f1a803e577b1177152e,6912a59f410888a7b66ed6cf,screenshot-124f194f-6f17-4921-8a34-cf863294df43,,2025-11-12T07:10:05.663Z,29.600924586604933,534.1657978779075,0,0,,,screenshots/screen_000002.png
69142eb4410888a7b66fa988,68e48f1a803e577b1177152e,6912a59f410888a7b66ed6cf,screenshot-124f194f-6f17-4921-8a34-cf863294df43,,2025-11-12T07:10:05.758Z,69.13633397042106,576.5674447860666,0,0,,,screenshots/screen_000002.png
69142eb4410888a7b66fa988,68e48f1a803e577b1177152e,6912a59f410888a7b66ed6cf,screenshot-124f194f-6f17-4921-8a34-cf863294df43,,2025-11-12T07:10:05.855Z,62.148363325556545,561.6400817763437,0,0,,,screenshots/screen_000002.png
69142eb4410888a7b66fa988,68e48f1a803e577b1177152e,6912a59f410888a7b66ed6cf,screenshot-124f194f-6f17-4921-8a34-cf863294df43,,2025-11-12T07:10:05.962Z,39.74018104185329,558.3525266930526,0,0,,,screenshots/screen_000002.png
69142eb4410888a7b66fa988,68e48f1a803e577b1177152e,6912a59f410888a7b66ed6cf,screenshot-124f194f-6f17-4921-8a34-cf863294df43,,2025-11-12T07:10:06.059Z,90.83572916293829,535.0533249888981,0,0,,,screenshots/screen_000002.png
69142eb4410888a7b66fa988,68e48f1a803e577b1177152e,6912a59f410888a7b66ed6cf,screenshot-124f194f-6f17-4921-8a34-cf863294df43,,2025-11-12T07:10:06.162Z,169.88917467593978,505.9234942597499,0,0,,,screenshots/screen_000002.png
69142eb4410888a7b66fa988,68e48f1a803e577b1177152e,6912a59f410888a7b66ed6cf,screenshot-124f194f-6f17-4921-8a34-cf863294df43,,2025-11-12T07:10:06.261Z,249.76017839047114,490.91825527372356,0,0,,,screenshots/screen_000002.png
69142eb4410888a7b66fa988,68e48f1a803e577b1177152e,6912a59f410888a7b66ed6cf,screenshot-124f194f-6f17-4921-8a34-cf863294df43,,2025-11-12T07:10:06.363Z,321.22301192201684,502.83655379855475,0,0,,,screenshots/screen_000002.png
69142eb4410888a7b66fa988,68e48f1a803e577b1177152e,6912a59f410888a7b66ed6cf,screenshot-124f194f-6f17-4921-8a34-cf863294df43,,2025-11-12T07:10:06.462Z,346.0284476299538,517.9541088511525,0,0,,,screenshots/screen_000002.png
69142eb4410888a7b66fa988,68e48f1a803e577b1177152e,6912a59f410888a7b66ed6cf,screenshot-124f194f-6f17-4921-8a34-cf863294df43,,2025-11-12T07:10:06.563Z,419.9850585807221,549.903152802816,0,0,,,screenshots/screen_000002.png
69142eb4410888a7b66fa988,68e48f1a803e577b1177152e,6912a59f410888a7b66ed6cf,screenshot-124f194f-6f17-4921-8a34-cf863294df43,,2025-11-12T07:10:06.663Z,396.9847694091335,553.7278301732492,0,0,,,screenshots/screen_000002.png
69142eb4410888a7b66fa988,68e48f1a803e577b1177152e,6912a59f410888a7b66ed6cf,screenshot-124f194f-6f17-4921-8a34-cf863294df43,,2025-11-12T07:10:06.761Z,437.5405088072408,586.7640110323493,0,0,,,screenshots/screen_000002.png
69142eb4410888a7b66fa988,68e48f1a803e577b1177152e,6912a59f410888a7b66ed6cf,screenshot-124f194f-6f17-4921-8a34-cf863294df43,,2025-11-12T07:10:06.864Z,418.40532013399485,558.8081209672639,0,0,,,screenshots/screen_000002.png
69142eb4410888a7b66fa988,68e48f1a803e577b1177152e,6912a59f410888a7b66ed6cf,screenshot-124f194f-6f17-4921-8a34-cf863294df43,,2025-11-12T07:10:06.960Z,350.32561539194603,562.8050501319631,0,0,,,screenshots/screen_000002.png
69142eb4410888a7b66fa988,68e48f1a803e577b1177152e,6912a59f410888a7b66ed6cf,screenshot-124f194f-6f17-4921-8a34-cf863294df43,,2025-11-12T07:10:07.063Z,401.3131350480224,540.4157708147636,0,0,,,screenshots/screen_000002.png
69142eb4410888a7b66fa988,68e48f1a803e577b1177152e,6912a59f410888a7b66ed6cf,screenshot-124f194f-6f17-4921-8a34-cf863294df43,,2025-11-12T07:10:07.163Z,384.08115962654045,520.4531994428523,0,0,,,screenshots/screen_000002.png
69142eb4410888a7b66fa988,68e48f1a803e577b1177152e,6912a59f410888a7b66ed6cf,screenshot-124f194f-6f17-4921-8a34-cf863294df43,,2025-11-12T07:10:07.263Z,441.3102455276612,496.4509561175506,0,0,,,screenshots/screen_000002.png
69142eb4410888a7b66fa988,68e48f1a803e577b1177152e,6912a59f410888a7b66ed6cf,screenshot-124f194f-6f17-4921-8a34-cf863294df43,,2025-11-12T07:10:07.363Z,459.4826024293671,495.258438050215,0,0,,,screenshots/screen_000002.png
69142eb4410888a7b66fa988,68e48f1a803e577b1177152e,6912a59f410888a7b66ed6cf,screenshot-124f194f-6f17-4921-8a34-cf863294df43,,2025-11-12T07:10:07.463Z,512.4556799488383,490.77466629021797,0,0,,,screenshots/screen_000002.png
69142eb4410888a7b66fa988,68e48f1a803e577b1177152e,6912a59f410888a7b66ed6cf,screenshot-124f194f-6f17-4921-8a34-cf863294df43,,2025-11-12T07:10:07.561Z,485.04159036953934,500.9402958894546,0,0,,,screenshots/screen_000002.png
69142eb4410888a7b66fa988,68e48f1a803e577b1177152e,6912a59f410888a7b66ed6cf,screenshot-124f194f-6f17-4921-8a34-cf863294df43,,2025-11-12T07:10:07.659Z,499.37560354831606,482.7102629382556,0,0,,,screenshots/screen_000002.png
69142eb4410888a7b66fa988,68e48f1a803e577b1177152e,6912a59f410888a7b66ed6cf,screenshot-124f194f-6f17-4921-8a34-cf863294df43,,2025-11-12T07:10:07.766Z,554.2145440246085,474.8871059497144,0,0,,,screenshots/screen_000002.png
69142eb4410888a7b66fa988,68e48f1a803e577b1177152e,6912a59f410888a7b66ed6cf,screenshot-124f194f-6f17-4921-8a34-cf863294df43,,2025-11-12T07:10:07.862Z,551.3540628225228,462.818809226755,0,0,,,screenshots/screen_000002.png
69142eb4410888a7b66fa988,68e48f1a803e577b1177152e,6912a59f410888a7b66ed6cf,screenshot-124f194f-6f17-4921-8a34-cf863294df43,,2025-11-12T07:10:07.962Z,509.74862094071267,469.42992784881994,0,0,,,screenshots/screen_000002.png
69142eb4410888a7b66fa988,68e48f1a803e577b1177152e,6912a59f410888a7b66ed6cf,screenshot-124f194f-6f17-4921-8a34-cf863294df43,,2025-11-12T07:10:08.064Z,425.65386458649033,454.07647025887394,0,0,,,screenshots/screen_000002.png
69142eb4410888a7b66fa988,68e48f1a803e577b1177152e,6912a59f410888a7b66ed6cf,screenshot-124f194f-6f17-4921-8a34-cf863294df43,,2025-11-12T07:10:08.172Z,307.9993265681926,442.3345696925805,0,0,,,screenshots/screen_000002.png
69142eb4410888a7b66fa988,68e48f1a803e577b1177152e,6912a59f410888a7b66ed6cf,screenshot-124f194f-6f17-4921-8a34-cf863294df43,,2025-11-12T07:10:08.266Z,339.5168730427305,389.3497582698541,0,0,,,screenshots/screen_000002.png
69142eb4410888a7b66fa988,68e48f1a803e577b1177152e,6912a59f410888a7b66ed6cf,screenshot-124f194f-6f17-4921-8a34-cf863294df43,,2025-11-12T07:10:08.373Z,365.20430910610025,342.22693095391725,0,0,,,screenshots/screen_000002.png
69142eb4410888a7b66fa988,68e48f1a803e577b1177152e,6912a59f410888a7b66ed6cf,screenshot-124f194f-6f17-4921-8a34-cf863294df43,,2025-11-12T07:10:08.472Z,344.18525970231633,279.4019472873865,0,0,,,screenshots/screen_000002.png
69142eb4410888a7b66fa988,68e48f1a803e577b1177152e,6912a59f410888a7b66ed6cf,screenshot-124f194f-6f17-4921-8a34-cf863294df43,,2025-11-12T07:10:08.573Z,323.085321991854,256.65728682130094,0,0,,,screenshots/screen_000002.png
69142eb4410888a7b66fa988,68e48f1a803e577b1177152e,6912a59f410888a7b66ed6cf,screenshot-124f194f-6f17-4921-8a34-cf863294df43,,2025-11-12T07:10:08.680Z,342.4336677731121,229.72709637537278,0,0,,,screenshots/screen_000002.png
69142eb4410888a7b66fa988,68e48f1a803e577b1177152e,6912a59f410888a7b66ed6cf,screenshot-124f194f-6f17-4921-8a34-cf863294df43,,2025-11-12T07:10:08.797Z,365.98619350248146,210.4430783627618,0,0,,,screenshots/screen_000002.png
69142eb4410888a7b66fa988,68e48f1a803e577b1177152e,6912a59f410888a7b66ed6cf,screenshot-124f194f-6f17-4921-8a34-cf863294df43,,2025-11-12T07:10:08.903Z,397.29209860983394,185.64779838305358,0,0,,,screenshots/screen_000002.png
69142eb4410888a7b66fa988,68e48f1a803e577b1177152e,6912a59f410888a7b66ed6cf,screenshot-124f194f-6f17-4921-8a34-cf863294df43,,2025-11-12T07:10:09.004Z,349.60559599837694,186.94590889740576,0,0,,,screenshots/screen_000002.png
69142eb4410888a7b66fa988,68e48f1a803e577b1177152e,6912a59f410888a7b66ed6cf,screenshot-124f194f-6f17-4921-8a34-cf863294df43,,2025-11-12T07:10:09.105Z,351.44903435292457,217.23401280640869,0,0,,,screenshots/screen_000002.png
69142eb4410888a7b66fa988,68e48f1a803e577b1177152e,6912a59f410888a7b66ed6cf,screenshot-124f194f-6f17-4921-8a34-cf863294df43,,2025-11-12T07:10:09.206Z,417.1843930550975,232.72996261685142,0,0,,,screenshots/screen_000002.png
69142eb4410888a7b66fa988,68e48f1a803e577b1177152e,6912a59f410888a7b66ed6cf,screenshot-124f194f-6f17-4921-8a34-cf863294df43,,2025-11-12T07:10:09.307Z,502.8288751415641,272.73904128252104,0,0,,,screenshots/screen_000002.png
69142eb4410888a7b66fa988,68e48f1a803e577b1177152e,6912a59f410888a7b66ed6cf,screenshot-124f194f-6f17-4921-8a34-cf863294df43,,2025-11-12T07:10:09.407Z,764.9163345977535,272.3837125635039,0,0,,,screenshots/screen_000002.png
69142eb4410888a7b66fa988,68e48f1a803e577b1177152e,6912a59f410888a7b66ed6cf,screenshot-124f194f-6f17-4921-8a34-cf863294df43,,2025-11-12T07:10:09.507Z,984.069574701062,308.0815990839503,0,0,,,screenshots/screen_000002.png
69142eb4410888a7b66fa988,68e48f1a803e577b1177152e,6912a59f410888a7b66ed6cf,screenshot-124f194f-6f17-4921-8a34-cf863294df43,,2025-11-12T07:10:09.607Z,1258.6556700290548,266.58025351814337,0,0,,,screenshots/screen_000002.png
69142eb4410888a7b66fa988,68e48f1a803e577b1177152e,6912a59f410888a7b66ed6cf,screenshot-124f194f-6f17-4921-8a34-cf863294df43,,2025-11-12T07:10:09.711Z,1443.325568679822,299.37755217909705,0,0,,,screenshots/screen_000002.png
69142eb4410888a7b66fa988,68e48f1a803e577b1177152e,6912a59f410888a7b66ed6cf,screenshot-124f194f-6f17-4921-8a34-cf863294df43,,2025-11-12T07:10:09.810Z,1527.8547311542236,359.7316458107993,0,0,,,screenshots/screen_000002.png
69142eb4410888a7b66fa988,68e48f1a803e577b1177152e,6912a59f410888a7b66ed6cf,screenshot-124f194f-6f17-4921-8a34-cf863294df43,,2025-11-12T07:10:09.912Z,1692.9683015941519,444.48341196793257,0,0,,,screenshots/screen_000002.png
69142eb4410888a7b66fa988,68e48f1a803e577b1177152e,6912a59f410888a7b66ed6cf,screenshot-124f194f-6f17-4921-8a34-cf863294df43,,2025-11-12T07:10:10.010Z,1501.1109193057478,461.58439981723404,0,0,,,screenshots/screen_000002.png
69142eb4410888a7b66fa988,68e48f1a803e577b1177152e,6912a59f410888a7b66ed6cf,screenshot-124f194f-6f17-4921-8a34-cf863294df43,,2025-11-12T07:10:10.108Z,1465.0777971852308,494.79178912528204,0,0,,,screenshots/screen_000002.png
69142eb4410888a7b66fa988,68e48f1a803e577b1177152e,6912a59f410888a7b66ed6cf,screenshot-124f194f-6f17-4921-8a34-cf863294df43,,2025-11-12T07:10:10.212Z,1414.7733338856438,471.64159525597546,0,0,,,screenshots/screen_000002.png
69142eb4410888a7b66fa988,68e48f1a803e577b1177152e,6912a59f410888a7b66ed6cf,screenshot-124f194f-6f17-4921-8a34-cf863294df43,,2025-11-12T07:10:10.308Z,1582.9711382277321,480.21675654059277,0,0,,,screenshots/screen_000002.png
69142eb4410888a7b66fa988,68e48f1a803e577b1177152e,6912a59f410888a7b66ed6cf,screenshot-124f194f-6f17-4921-8a34-cf863294df43,,2025-11-12T07:10:10.412Z,1672.5765889857323,441.435278029824,0,0,,,screenshots/screen_000002.png
69142eb4410888a7b66fa988,68e48f1a803e577b1177152e,6912a59f410888a7b66ed6cf,screenshot-124f194f-6f17-4921-8a34-cf863294df43,,2025-11-12T07:10:10.509Z,1581.7407737608678,357.55785886991566,0,0,,,screenshots/screen_000002.png
69142eb4410888a7b66fa988,68e48f1a803e577b1177152e,6912a59f410888a7b66ed6cf,screenshot-124f194f-6f17-4921-8a34-cf863294df43,,2025-11-12T07:10:10.607Z,1462.4014851491713,259.03078468932006,0,0,,,screenshots/screen_000002.png
69142eb4410888a7b66fa988,68e48f1a803e577b1177152e,6912a59f410888a7b66ed6cf,screenshot-124f194f-6f17-4921-8a34-cf863294df43,,2025-11-12T07:10:10.715Z,1338.4896373309398,187.80231009260424,0,0,,,screenshots/screen_000002.png
69142eb4410888a7b66fa988,68e48f1a803e577b1177152e,6912a59f410888a7b66ed6cf,screenshot-124f194f-6f17-4921-8a34-cf863294df43,,2025-11-12T07:10:10.813Z,1206.351344167083,90.82097616478522,0,0,,,screenshots/screen_000002.png
69142eb4410888a7b66fa988,68e48f1a803e577b1177152e,6912a59f410888a7b66ed6cf,screenshot-124f194f-6f17-4921-8a34-cf863294df43,,2025-11-12T07:10:10.911Z,1051.5524700267154,46.088359153059216,0,0,,,screenshots/screen_000002.png
69142eb4410888a7b66fa988,68e48f1a803e577b1177152e,6912a59f410888a7b66ed6cf,screenshot-124f194f-6f17-4921-8a34-cf863294df43,,2025-11-12T07:10:11.013Z,918.3947332185041,17.097260333775157,0,0,,,screenshots/screen_000002.png
69142eb4410888a7b66fa988,68e48f1a803e577b1177152e,6912a59f410888a7b66ed6cf,screenshot-124f194f-6f17-4921-8a34-cf863294df43,,2025-11-12T07:10:11.110Z,816.5882025137505,28.02449003430058,0,0,,,screenshots/screen_000002.png
69142eb4410888a7b66fa988,68e48f1a803e577b1177152e,6912a59f410888a7b66ed6cf,screenshot-124f194f-6f17-4921-8a34-cf863294df43,,2025-11-12T07:10:11.212Z,737.7186641474614,11.461650673720872,0,0,,,screenshots/screen_000002.png
69142eb4410888a7b66fa988,68e48f1a803e577b1177152e,6912a59f410888a7b66ed6cf,screenshot-124f194f-6f17-4921-8a34-cf863294df43,,2025-11-12T07:10:11.314Z,696.1191426684476,61.25958905924526,0,0,,,screenshots/screen_000002.png
69142eb4410888a7b66fa988,68e48f1a803e577b1177152e,6912a59f410888a7b66ed6cf,screenshot-124f194f-6f17-4921-8a34-cf863294df43,,2025-11-12T07:10:11.411Z,602.182222297167,98.65923010935641,0,0,,,screenshots/screen_000002.png
69142eb4410888a7b66fa988,68e48f1a803e577b1177152e,6912a59f410888a7b66ed6cf,screenshot-124f194f-6f17-4921-8a34-cf863294df43,,2025-11-12T07:10:11.509Z,569.3406450782862,146.44138459790017,0,0,,,screenshots/screen_000002.png
69142eb4410888a7b66fa988,68e48f1a803e577b1177152e,6912a59f410888a7b66ed6cf,screenshot-124f194f-6f17-4921-8a34-cf863294df43,,2025-11-12T07:10:11.611Z,535.8391794011162,141.15284352852882,0,0,,,screenshots/screen_000002.png
69142eb4410888a7b66fa988,68e48f1a803e577b1177152e,6912a59f410888a7b66ed6cf,screenshot-124f194f-6f17-4921-8a34-cf863294df43,,2025-11-12T07:10:11.716Z,447.28099521741245,169.10197749351406,0,0,,,screenshots/screen_000002.png
69142eb4410888a7b66fa988,68e48f1a803e577b1177152e,6912a59f410888a7b66ed6cf,screenshot-124f194f-6f17-4921-8a34-cf863294df43,,2025-11-12T07:10:11.820Z,423.4585510905673,179.59428633030717,0,0,,,screenshots/screen_000002.png
69142eb4410888a7b66fa988,68e48f1a803e577b1177152e,6912a59f410888a7b66ed6cf,screenshot-124f194f-6f17-4921-8a34-cf863294df43,,2025-11-12T07:10:11.944Z,344.4795813681621,182.87506283915334,0,0,,,screenshots/screen_000002.png
69142eb4410888a7b66fa988,68e48f1a803e577b1177152e,6912a59f410888a7b66ed6cf,screenshot-124f194f-6f17-4921-8a34-cf863294df43,,2025-11-12T07:10:12.057Z,270.04581941449817,196.65955601383027,0,0,,,screenshots/screen_000002.png
69142eb4410888a7b66fa988,68e48f1a803e577b1177152e,6912a59f410888a7b66ed6cf,screenshot-124f194f-6f17-4921-8a34-cf863294df43,,2025-11-12T07:10:12.182Z,250.8934458044409,200.55189940900388,0,0,,,screenshots/screen_000002.png
69142eb4410888a7b66fa988,68e48f1a803e577b1177152e,6912a59f410888a7b66ed6cf,screenshot-124f194f-6f17-4921-8a34-cf863294df43,,2025-11-12T07:10:12.301Z,228.72900550343405,222.31150494220418,0,0,,,screenshots/screen_000002.png
69142eb4410888a7b66fa988,68e48f1a803e577b1177152e,6912a59f410888a7b66ed6cf,screenshot-124f194f-6f17-4921-8a34-cf863294df43,,2025-11-12T07:10:12.425Z,184.69467720773662,227.8856863772726,0,0,,,screenshots/screen_000002.png
69142eb4410888a7b66fa988,68e48f1a803e577b1177152e,6912a59f410888a7b66ed6cf,screenshot-124f194f-6f17-4921-8a34-cf863294df43,,2025-11-12T07:10:12.544Z,183.00933937211403,219.68863798434694,0,0,,,screenshots/screen_000002.png
69142eb4410888a7b66fa988,68e48f1a803e577b1177152e,6912a59f410888a7b66ed6cf,screenshot-124f194f-6f17-4921-8a34-cf863294df43,,2025-11-12T07:10:12.678Z,198.89290856916995,225.2138670975844,0,0,,,screenshots/screen_000002.png
69142eb4410888a7b66fa988,68e48f1a803e577b1177152e,6912a59f410888a7b66ed6cf,screenshot-124f194f-6f17-4921-8a34-cf863294df43,,2025-11-12T07:10:12.809Z,197.232214873275,214.14402019858292,0,0,,,screenshots/screen_000002.png
69142eb4410888a7b66fa988,68e48f1a803e577b1177152e,6912a59f410888a7b66ed6cf,screenshot-124f194f-6f17-4921-8a34-cf863294df43,,2025-11-12T07:10:12.944Z,248.24507865197182,205.71296616893386,0,0,,,screenshots/screen_000002.png
69142eb4410888a7b66fa988,68e48f1a803e577b1177152e,6912a59f410888a7b66ed6cf,screenshot-124f194f-6f17-4921-8a34-cf863294df43,,2025-11-12T07:10:13.074Z,289.57976609201853,213.935241295251,0,0,,,screenshots/screen_000002.png
69142eb4410888a7b66fa988,68e48f1a803e577b1177152e,6912a59f410888a7b66ed6cf,screenshot-124f194f-6f17-4921-8a34-cf863294df43,,2025-11-12T07:10:13.210Z,301.70893464378514,242.785783384791,0,0,,,screenshots/screen_000002.png
69142eb4410888a7b66fa988,68e48f1a803e577b1177152e,6912a59f410888a7b66ed6cf,screenshot-124f194f-6f17-4921-8a34-cf863294df43,,2025-11-12T07:10:13.350Z,353.20045103228995,212.62725684410145,0,0,,,screenshots/screen_000002.png
69142eb4410888a7b66fa988,68e48f1a803e577b1177152e,6912a59f410888a7b66ed6cf,screenshot-124f194f-6f17-4921-8a34-cf863294df43,,2025-11-12T07:10:13.477Z,379.9733456599944,233.66705081267207,0,0,,,screenshots/screen_000002.png
69142eb4410888a7b66fa988,68e48f1a803e577b1177152e,6912a59f410888a7b66ed6cf,screenshot-124f194f-6f17-4921-8a34-cf863294df43,,2025-11-12T07:10:13.617Z,419.5902293859336,240.47995428845636,0,0,,,screenshots/screen_000002.png
69142eb4410888a7b66fa988,68e48f1a803e577b1177152e,6912a59f410888a7b66ed6cf,screenshot-124f194f-6f17-4921-8a34-cf863294df43,,2025-11-12T07:10:13.754Z,459.266081010408,247.15605009516287,0,0,,,screenshots/screen_000002.png
69142eb4410888a7b66fa988,68e48f1a803e577b1177152e,6912a59f410888a7b66ed6cf,screenshot-124f194f-6f17-4921-8a34-cf863294df43,,2025-11-12T07:10:13.877Z,448.45369568248645,246.0746480951213,0,0,,,screenshots/screen_000002.png
69142eb4410888a7b66fa988,68e48f1a803e577b1177152e,6912a59f410888a7b66ed6cf,screenshot-124f194f-6f17-4921-8a34-cf863294df43,,2025-11-12T07:10:14.012Z,520.9318280748037,240.18983727091012,0,0,,,screenshots/screen_000002.png
69142eb4410888a7b66fa988,68e48f1a803e577b1177152e,6912a59f410888a7b66ed6cf,screenshot-124f194f-6f17-4921-8a34-cf863294df43,,2025-11-12T07:10:14.139Z,519.1517009428445,253.61192016849463,0,0,,,screenshots/screen_000002.png
69142eb4410888a7b66fa988,68e48f1a803e577b1177152e,6912a59f410888a7b66ed6cf,screenshot-124f194f-6f17-4921-8a34-cf863294df43,,2025-11-12T07:10:14.249Z,519.7046560347436,276.54279108687416,0,0,,,screenshots/screen_000002.png
69142eb4410888a7b66fa988,68e48f1a803e577b1177152e,6912a59f410888a7b66ed6cf,screenshot-124f194f-6f17-4921-8a34-cf863294df43,,2025-11-12T07:10:14.371Z,467.1459054567276,295.0672766485308,0,0,,,screenshots/screen_000002.png
69142eb4410888a7b66fa988,68e48f1a803e577b1177152e,6912a59f410888a7b66ed6cf,screenshot-124f194f-6f17-4921-8a34-cf863294df43,,2025-11-12T07:10:14.498Z,436.4710235318349,287.8018965722438,0,0,,,screenshots/screen_000002.png
69142eb4410888a7b66fa988,68e48f1a803e577b1177152e,6912a59f410888a7b66ed6cf,screenshot-124f194f-6f17-4921-8a34-cf863294df43,,2025-11-12T07:10:14.616Z,443.3435624084532,282.23277247656387,0,0,,,screenshots/screen_000002.png
69142eb4410888a7b66fa988,68e48f1a803e577b1177152e,6912a59f410888a7b66ed6cf,screenshot-124f194f-6f17-4921-8a34-cf863294df43,,2025-11-12T07:10:14.750Z,545.0279403920629,279.68310359893894,0,0,,,screenshots/screen_000002.png
69142eb4410888a7b66fa988,68e48f1a803e577b1177152e,6912a59f410888a7b66ed6cf,screenshot-124f194f-6f17-4921-8a34-cf863294df43,,2025-11-12T07:10:14.877Z,581.6651700128332,274.14165408032466,0,0,,,screenshots/screen_000002.png
69142eb4410888a7b66fa988,68e48f1a803e577b1177152e,6912a59f410888a7b66ed6cf,screenshot-124f194f-6f17-4921-8a34-cf863294df43,,2025-11-12T07:10:15.015Z,547.425937948233,289.73049289443253,0,0,,,screenshots/screen_000002.png
69142eb4410888a7b66fa988,68e48f1a803e577b1177152e,6912a59f410888a7b66ed6cf,screenshot-124f194f-6f17-4921-8a34-cf863294df43,,2025-11-12T07:10:15.153Z,518.803413942703,284.6969398693172,0,0,,,screenshots/screen_000002.png
69142eb4410888a7b66fa988,68e48f1a803e577b1177152e,6912a59f410888a7b66ed6cf,screenshot-124f194f-6f17-4921-8a34-cf863294df43,,2025-11-12T07:10:15.285Z,550.5591222771242,261.11804274575815,0,0,,,screenshots/screen_000002.png
69142eb4410888a7b66fa988,68e48f1a803e577b1177152e,6912a59f410888a7b66ed6cf,screenshot-124f194f-6f17-4921-8a34-cf863294df43,,2025-11-12T07:10:15.419Z,522.2926599811065,252.2887916257885,0,0,,,screenshots/screen_000002.png
69142eb4410888a7b66fa988,68e48f1a803e577b1177152e,6912a59f410888a7b66ed6cf,screenshot-124f194f-6f17-4921-8a34-cf863294df43,,2025-11-12T07:10:15.545Z,511.38441654819974,163.52971753317235,0,0,,,screenshots/screen_000002.png
69142eb4410888a7b66fa988,68e48f1a803e577b1177152e,6912a59f410888a7b66ed6cf,screenshot-124f194f-6f17-4921-8a34-cf863294df43,,2025-11-12T07:10:15.661Z,527.9032286803393,112.42820009562791,0,0,,,screenshots/screen_000002.png
69142eb4410888a7b66fa988,68e48f1a803e577b1177152e,6912a59f410888a7b66ed6cf,screenshot-124f194f-6f17-4921-8a34-cf863294df43,,2025-11-12T07:10:15.776Z,512.49333297585,102.38990640655615,0,0,,,screenshots/screen_000002.png
69142eb4410888a7b66fa988,68e48f1a803e577b1177152e,6912a59f410888a7b66ed6cf,screenshot-124f194f-6f17-4921-8a34-cf863294df43,,2025-11-12T07:10:15.897Z,505.2779347426006,69.75770538356743,0,0,,,screenshots/screen_000002.png
69142eb4410888a7b66fa988,68e48f1a803e577b1177152e,6912a59f410888a7b66ed6cf,screenshot-124f194f-6f17-4921-8a34-cf863294df43,,2025-11-12T07:10:16.010Z,568.9490135530082,54.37708568978807,0,0,,,screenshots/screen_000002.png
69142eb4410888a7b66fa988,68e48f1a803e577b1177152e,6912a59f410888a7b66ed6cf,screenshot-124f194f-6f17-4921-8a34-cf863294df43,,2025-11-12T07:10:16.117Z,656.3705860310818,32.68829013047781,0,0,,,screenshots/screen_000002.png
69142eb4410888a7b66fa988,68e48f1a803e577b1177152e,6912a59f410888a7b66ed6cf,screenshot-124f194f-6f17-4921-8a34-cf863294df43,,2025-11-12T07:10:16.231Z,717.8781912590654,73.06276148088422,0,0,,,screenshots/screen_000002.png
69142eb4410888a7b66fa988,68e48f1a803e577b1177152e,6912a59f410888a7b66ed6cf,screenshot-124f194f-6f17-4921-8a34-cf863294df43,,2025-11-12T07:10:16.341Z,795.8153782652892,107.59078608042839,0,0,,,screenshots/screen_000002.png
69142eb4410888a7b66fa988,68e48f1a803e577b1177152e,6912a59f410888a7b66ed6cf,screenshot-124f194f-6f17-4921-8a34-cf863294df43,,2025-11-12T07:10:16.440Z,876.8266129431084,95.28768276008343,0,0,,,screenshots/screen_000002.png
69142eb4410888a7b66fa988,68e48f1a803e577b1177152e,6912a59f410888a7b66ed6cf,screenshot-124f194f-6f17-4921-8a34-cf863294df43,,2025-11-12T07:10:16.534Z,854.1158967799885,159.91333334352015,0,0,,,screenshots/screen_000002.png
69142eb4410888a7b66fa988,68e48f1a803e577b1177152e,6912a59f410888a7b66ed6cf,screenshot-124f194f-6f17-4921-8a34-cf863294df43,,2025-11-12T07:10:16.637Z,868.6051192392557,240.33957378043556,0,0,,,screenshots/screen_000002.png
69142eb4410888a7b66fa988,68e48f1a803e577b1177152e,6912a59f410888a7b66ed6cf,screenshot-124f194f-6f17-4921-8a34-cf863294df43,,2025-11-12T07:10:16.746Z,859.0152647595837,219.68102220737026,0,0,,,screenshots/screen_000002.png
69142eb4410888a7b66fa988,68e48f1a803e577b1177152e,6912a59f410888a7b66ed6cf,screenshot-124f194f-6f17-4921-8a34-cf863294df43,,2025-11-12T07:10:16.848Z,823.7579586262169,221.74207992815866,0,0,,,screenshots/screen_000002.png
69142eb4410888a7b66fa988,68e48f1a803e577b1177152e,6912a59f410888a7b66ed6cf,screenshot-124f194f-6f17-4921-8a34-cf863294df43,,2025-11-12T07:10:16.970Z,748.2357564435787,226.99417138367653,0,0,,,screenshots/screen_000002.png
69142eb4410888a7b66fa988,68e48f1a803e577b1177152e,6912a59f410888a7b66ed6cf,screenshot-124f194f-6f17-4921-8a34-cf863294df43,,2025-11-12T07:10:17.080Z,633.1989488121014,254.47511738434048,0,0,,,screenshots/screen_000002.png
69142eb4410888a7b66fa988,68e48f1a803e577b1177152e,6912a59f410888a7b66ed6cf,screenshot-124f194f-6f17-4921-8a34-cf863294df43,,2025-11-12T07:10:17.207Z,526.4036587067878,273.96631378803914,0,0,,,screenshots/screen_000002.png
69142eb4410888a7b66fa988,68e48f1a803e577b1177152e,6912a59f410888a7b66ed6cf,screenshot-124f194f-6f17-4921-8a34-cf863294df43,,2025-11-12T07:10:17.390Z,491.6540527895807,277.7134511047947,0,0,,,screenshots/screen_000002.png
69142eb4410888a7b66fa988,68e48f1a803e577b1177152e,6912a59f410888a7b66ed6cf,screenshot-124f194f-6f17-4921-8a34-cf863294df43,,2025-11-12T07:10:17.537Z,451.8880411012969,293.0705313897085,0,0,,,screenshots/screen_000002.png
69142eb4410888a7b66fa988,68e48f1a803e577b1177152e,6912a59f410888a7b66ed6cf,screenshot-124f194f-6f17-4921-8a34-cf863294df43,,2025-11-12T07:10:17.684Z,350.09213043424404,205.90882791461075,0,0,,,screenshots/screen_000002.png
69142eb4410888a7b66fa988,68e48f1a803e577b1177152e,6912a59f410888a7b66ed6cf,screenshot-124f194f-6f17-4921-8a34-cf863294df43,,2025-11-12T07:10:17.827Z,311.39890438647717,228.87509765531053,0,0,,,screenshots/screen_000002.png
69142eb4410888a7b66fa988,68e48f1a803e577b1177152e,6912a59f410888a7b66ed6cf,screenshot-124f194f-6f17-4921-8a34-cf863294df43,,2025-11-12T07:10:17.961Z,254.76432479441914,235.6423420705523,0,0,,,screenshots/screen_000002.png
69142eb4410888a7b66fa988,68e48f1a803e577b1177152e,6912a59f410888a7b66ed6cf,screenshot-124f194f-6f17-4921-8a34-cf863294df43,,2025-11-12T07:10:18.091Z,281.4795800636563,222.18069558457424,0,0,,,screenshots/screen_000002.png
69142eb4410888a7b66fa988,68e48f1a803e577b1177152e,6912a59f410888a7b66ed6cf,screenshot-124f194f-6f17-4921-8a34-cf863294df43,,2025-11-12T07:10:18.232Z,300.77477633803755,242.9850070763542,0,0,,,screenshots/screen_000002.png
69142eb4410888a7b66fa988,68e48f1a803e577b1177152e,6912a59f410888a7b66ed6cf,screenshot-124f194f-6f17-4921-8a34-cf863294df43,,2025-11-12T07:10:18.368Z,287.9566570738447,274.59437141016775,0,0,,,screenshots/screen_000002.png
69142eb4410888a7b66fa988,68e48f1a803e577b1177152e,6912a59f410888a7b66ed6cf,screenshot-124f194f-6f17-4921-8a34-cf863294df43,,2025-11-12T07:10:18.497Z,278.87498784844803,260.32777180598305,0,0,,,screenshots/screen_000002.png
69142eb4410888a7b66fa988,68e48f1a803e577b1177152e,6912a59f410888a7b66ed6cf,screenshot-124f194f-6f17-4921-8a34-cf863294df43,,2025-11-12T07:10:18.626Z,343.94283967429817,262.32254080550405,0,0,,,screenshots/screen_000002.png
69142eb4410888a7b66fa988,68e48f1a803e577b1177152e,6912a59f410888a7b66ed6cf,screenshot-124f194f-6f17-4921-8a34-cf863294df43,,2025-11-12T07:10:18.762Z,373.91048836711667,280.59649595058187,0,0,,,screenshots/screen_000002.png
69142eb4410888a7b66fa988,68e48f1a803e577b1177152e,6912a59f410888a7b66ed6cf,screenshot-124f194f-6f17-4921-8a34-cf863294df43,,2025-11-12T07:10:18.895Z,369.9584808342826,289.7089207015389,0,0,,,screenshots/screen_000002.png
69142eb4410888a7b66fa988,68e48f1a803e577b1177152e,6912a59f410888a7b66ed6cf,screenshot-124f194f-6f17-4921-8a34-cf863294df43,,2025-11-12T07:10:19.037Z,417.1354101026455,283.71829577829936,0,0,,,screenshots/screen_000002.png
69142eb4410888a7b66fa988,68e48f1a803e577b1177152e,6912a59f410888a7b66ed6cf,screenshot-124f194f-6f17-4921-8a34-cf863294df43,,2025-11-12T07:10:19.158Z,481.36491830870057,300.6897784465002,0,0,,,screenshots/screen_000002.png
69142eb4410888a7b66fa988,68e48f1a803e577b1177152e,6912a59f410888a7b66ed6cf,screenshot-124f194f-6f17-4921-8a34-cf863294df43,,2025-11-12T07:10:19.303Z,530.4549860581058,303.6263229709488,0,0,,,screenshots/screen_000002.png
69142eb4410888a7b66fa988,68e48f1a803e577b1177152e,6912a59f410888a7b66ed6cf,screenshot-124f194f-6f17-4921-8a34-cf863294df43,,2025-11-12T07:10:19.430Z,549.4423343132968,289.1857334013866,0,0,,,screenshots/screen_000002.png
69142eb4410888a7b66fa988,68e48f1a803e577b1177152e,6912a59f410888a7b66ed6cf,screenshot-124f194f-6f17-4921-8a34-cf863294df43,,2025-11-12T07:10:19.560Z,577.3141621857528,301.12218470546424,0,0,,,screenshots/screen_000002.png
69142eb4410888a7b66fa988,68e48f1a803e577b1177152e,6912a59f410888a7b66ed6cf,screenshot-124f194f-6f17-4921-8a34-cf863294df43,,2025-11-12T07:10:19.693Z,576.3611002945046,272.2246576012309,0,0,,,screenshots/screen_000002.png
69142eb4410888a7b66fa988,68e48f1a803e577b1177152e,6912a59f410888a7b66ed6cf,screenshot-124f194f-6f17-4921-8a34-cf863294df43,,2025-11-12T07:10:19.816Z,609.1216974592227,264.4695273714194,0,0,,,screenshots/screen_000002.png
69142eb4410888a7b66fa988,68e48f1a803e577b1177152e,6912a59f410888a7b66ed6cf,screenshot-124f194f-6f17-4921-8a34-cf863294df43,,2025-11-12T07:10:19.920Z,610.4447327827473,229.96774849070022,0,0,,,screenshots/screen_000002.png
69142eb4410888a7b66fa988,68e48f1a803e577b1177152e,6912a59f410888a7b66ed6cf,screenshot-124f194f-6f17-4921-8a34-cf863294df43,,2025-11-12T07:10:20.031Z,608.5973932648378,246.39141996835943,0,0,,,screenshots/screen_000002.png
69142eb4410888a7b66fa988,68e48f1a803e577b1177152e,6912a59f410888a7b66ed6cf,screenshot-124f194f-6f17-4921-8a34-cf863294df43,,2025-11-12T07:10:20.145Z,616.1414566621863,278.12908318441964,0,0,,,screenshots/screen_000002.png
69142eb4410888a7b66fa988,68e48f1a803e577b1177152e,6912a59f410888a7b66ed6cf,screenshot-124f194f-6f17-4921-8a34-cf863294df43,,2025-11-12T07:10:20.250Z,514.9928198795093,285.8492522974994,0,0,,,screenshots/screen_000002.png
69142eb4410888a7b66fa988,68e48f1a803e577b1177152e,6912a59f410888a7b66ed6cf,screenshot-124f194f-6f17-4921-8a34-cf863294df43,,2025-11-12T07:10:20.352Z,401.12146224528726,301.87283442726783,0,0,,,screenshots/screen_000002.png
69142eb4410888a7b66fa988,68e48f1a803e577b1177152e,6912a59f410888a7b66ed6cf,screenshot-124f194f-6f17-4921-8a34-cf863294df43,,2025-11-12T07:10:20.451Z,370.2333758579723,334.8035756947879,0,0,,,screenshots/screen_000002.png
69142eb4410888a7b66fa988,68e48f1a803e577b1177152e,6912a59f410888a7b66ed6cf,screenshot-124f194f-6f17-4921-8a34-cf863294df43,,2025-11-12T07:10:20.550Z,301.5553144818634,353.8790361864302,0,0,,,screenshots/screen_000002.png
69142eb4410888a7b66fa988,68e48f1a803e577b1177152e,6912a59f410888a7b66ed6cf,screenshot-124f194f-6f17-4921-8a34-cf863294df43,,2025-11-12T07:10:20.654Z,322.62536453986746,377.45171587091954,0,0,,,screenshots/screen_000002.png
69142eb4410888a7b66fa988,68e48f1a803e577b1177152e,6912a59f410888a7b66ed6cf,screenshot-124f194f-6f17-4921-8a34-cf863294df43,,2025-11-12T07:10:20.746Z,273.4191787118451,395.51814970956985,0,0,,,screenshots/screen_000002.png
69142eb4410888a7b66fa988,68e48f1a803e577b1177152e,6912a59f410888a7b66ed6cf,screenshot-124f194f-6f17-4921-8a34-cf863294df43,,2025-11-12T07:10:20.851Z,297.884434545558,420.2005006153578,0,0,,,screenshots/screen_000002.png
69142eb4410888a7b66fa988,68e48f1a803e577b1177152e,6912a59f410888a7b66ed6cf,screenshot-124f194f-6f17-4921-8a34-cf863294df43,,2025-11-12T07:10:20.950Z,273.159593751734,437.8510597512946,0,0,,,screenshots/screen_000002.png
69142eb4410888a7b66fa988,68e48f1a803e577b1177152e,6912a59f410888a7b66ed6cf,screenshot-124f194f-6f17-4921-8a34-cf863294df43,,2025-11-12T07:10:21.053Z,290.56615134776575,458.2319506610699,0,0,,,screenshots/screen_000002.png
69142eb4410888a7b66fa988,68e48f1a803e577b1177152e,6912a59f410888a7b66ed6cf,screenshot-124f194f-6f17-4921-8a34-cf863294df43,,2025-11-12T07:10:21.153Z,332.9038383986737,465.972502183495,0,0,,,screenshots/screen_000002.png
69142eb4410888a7b66fa988,68e48f1a803e577b1177152e,6912a59f410888a7b66ed6cf,screenshot-124f194f-6f17-4921-8a34-cf863294df43,,2025-11-12T07:10:21.252Z,323.05400959468756,484.34681400060254,0,0,,,screenshots/screen_000002.png
69142eb4410888a7b66fa988,68e48f1a803e577b1177152e,6912a59f410888a7b66ed6cf,screenshot-124f194f-6f17-4921-8a34-cf863294df43,,2025-11-12T07:10:21.358Z,359.7582660395984,475.0010149983094,0,0,,,screenshots/screen_000002.png
69142eb4410888a7b66fa988,68e48f1a803e577b1177152e,6912a59f410888a7b66ed6cf,screenshot-124f194f-6f17-4921-8a34-cf863294df43,,2025-11-12T07:10:21.458Z,382.46119275285946,479.9835723487854,0,0,,,screenshots/screen_000002.png
69142eb4410888a7b66fa988,68e48f1a803e577b1177152e,6912a59f410888a7b66ed6cf,screenshot-124f194f-6f17-4921-8a34-cf863294df43,,2025-11-12T07:10:21.555Z,434.416586207191,507.773695115409,0,0,,,screenshots/screen_000002.png
69142eb4410888a7b66fa988,68e48f1a803e577b1177152e,6912a59f410888a7b66ed6cf,screenshot-124f194f-6f17-4921-8a34-cf863294df43,,2025-11-12T07:10:21.654Z,459.3031857570839,525.490696740823,0,0,,,screenshots/screen_000002.png
69142eb4410888a7b66fa988,68e48f1a803e577b1177152e,6912a59f410888a7b66ed6cf,screenshot-124f194f-6f17-4921-8a34-cf863294df43,,2025-11-12T07:10:21.755Z,447.8028098799832,513.4172821375722,0,0,,,screenshots/screen_000002.png
69142eb4410888a7b66fa988,68e48f1a803e577b1177152e,6912a59f410888a7b66ed6cf,screenshot-124f194f-6f17-4921-8a34-cf863294df43,,2025-11-12T07:10:21.860Z,450.9408291817659,517.8210739973638,0,0,,,screenshots/screen_000002.png
69142eb4410888a7b66fa988,68e48f1a803e577b1177152e,6912a59f410888a7b66ed6cf,screenshot-124f194f-6f17-4921-8a34-cf863294df43,,2025-11-12T07:10:21.962Z,483.9536669826015,552.6375903511195,0,0,,,screenshots/screen_000002.png
69142eb4410888a7b66fa988,68e48f1a803e577b1177152e,6912a59f410888a7b66ed6cf,screenshot-124f194f-6f17-4921-8a34-cf863294df43,,2025-11-12T07:10:22.061Z,486.9838687346542,577.8072171104354,0,0,,,screenshots/screen_000002.png
69142eb4410888a7b66fa988,68e48f1a803e577b1177152e,6912a59f410888a7b66ed6cf,screenshot-124f194f-6f17-4921-8a34-cf863294df43,,2025-11-12T07:10:22.158Z,469.08513005731015,563.9817452238325,0,0,,,screenshots/screen_000002.png
69142eb4410888a7b66fa988,68e48f1a803e577b1177152e,6912a59f410888a7b66ed6cf,screenshot-124f194f-6f17-4921-8a34-cf863294df43,,2025-11-12T07:10:22.259Z,490.607633264437,525.9629082845858,0,0,,,screenshots/screen_000002.png
69142eb4410888a7b66fa988,68e48f1a803e577b1177152e,6912a59f410888a7b66ed6cf,screenshot-124f194f-6f17-4921-8a34-cf863294df43,,2025-11-12T07:10:22.365Z,533.5647415508658,499.7946618452975,0,0,,,screenshots/screen_000002.png
69142eb4410888a7b66fa988,68e48f1a803e577b1177152e,6912a59f410888a7b66ed6cf,screenshot-124f194f-6f17-4921-8a34-cf863294df43,,2025-11-12T07:10:22.489Z,593.1797150635765,445.78674136846473,0,0,,,screenshots/screen_000002.png
69142eb4410888a7b66fa988,68e48f1a803e577b1177152e,6912a59f410888a7b66ed6cf,screenshot-124f194f-6f17-4921-8a34-cf863294df43,,2025-11-12T07:10:22.595Z,609.0581801135617,373.58284788028556,0,0,,,screenshots/screen_000002.png
69142eb4410888a7b66fa988,68e48f1a803e577b1177152e,6912a59f410888a7b66ed6cf,screenshot-124f194f-6f17-4921-8a34-cf863294df43,,2025-11-12T07:10:22.701Z,588.5547583296053,330.5123834843112,0,0,,,screenshots/screen_000002.png
69142eb4410888a7b66fa988,68e48f1a803e577b1177152e,6912a59f410888a7b66ed6cf,screenshot-124f194f-6f17-4921-8a34-cf863294df43,,2025-11-12T07:10:22.804Z,624.3634551295299,333.4261134517306,0,0,,,screenshots/screen_000002.png
69142eb4410888a7b66fa988,68e48f1a803e577b1177152e,6912a59f410888a7b66ed6cf,screenshot-124f194f-6f17-4921-8a34-cf863294df43,,2025-11-12T07:10:22.928Z,617.9098540412488,330.56215553886443,0,0,,,screenshots/screen_000002.png
69142eb4410888a7b66fa988,68e48f1a803e577b1177152e,6912a59f410888a7b66ed6cf,screenshot-124f194f-6f17-4921-8a34-cf863294df43,,2025-11-12T07:10:23.035Z,618.8687224450016,288.8562076438747,0,0,,,screenshots/screen_000002.png
69142eb4410888a7b66fa988,68e48f1a803e577b1177152e,6912a59f410888a7b66ed6cf,screenshot-124f194f-6f17-4921-8a34-cf863294df43,,2025-11-12T07:10:23.163Z,665.789250258158,331.64203920552563,0,0,,,screenshots/screen_000002.png
69142eb4410888a7b66fa988,68e48f1a803e577b1177152e,6912a59f410888a7b66ed6cf,screenshot-124f194f-6f17-4921-8a34-cf863294df43,,2025-11-12T07:10:23.284Z,655.1569059142914,318.6988481274486,0,0,,,screenshots/screen_000002.png
69142eb4410888a7b66fa988,68e48f1a803e577b1177152e,6912a59f410888a7b66ed6cf,screenshot-124f194f-6f17-4921-8a34-cf863294df43,,2025-11-12T07:10:23.408Z,643.1628090850306,282.70508992402773,0,0,,,screenshots/screen_000002.png
69142eb4410888a7b66fa988,68e48f1a803e577b1177152e,6912a59f410888a7b66ed6cf,screenshot-124f194f-6f17-4921-8a34-cf863294df43,,2025-11-12T07:10:23.549Z,647.7541445142501,275.83805283625196,0,0,,,screenshots/screen_000002.png
69142eb4410888a7b66fa988,68e48f1a803e577b1177152e,6912a59f410888a7b66ed6cf,screenshot-124f194f-6f17-4921-8a34-cf863294df43,,2025-11-12T07:10:23.683Z,643.8334299271793,252.5406198772119,0,0,,,screenshots/screen_000002.png
69142eb4410888a7b66fa988,68e48f1a803e577b1177152e,6912a59f410888a7b66ed6cf,screenshot-124f194f-6f17-4921-8a34-cf863294df43,,2025-11-12T07:10:23.812Z,609.983218502838,223.25670598081481,0,0,,,screenshots/screen_000002.png
69142eb4410888a7b66fa988,68e48f1a803e577b1177152e,6912a59f410888a7b66ed6cf,screenshot-124f194f-6f17-4921-8a34-cf863294df43,,2025-11-12T07:10:23.941Z,608.2179813564259,226.99948768770062,0,0,,,screenshots/screen_000002.png
69142eb4410888a7b66fa988,68e48f1a803e577b1177152e,6912a59f410888a7b66ed6cf,screenshot-124f194f-6f17-4921-8a34-cf863294df43,,2025-11-12T07:10:24.077Z,607.9769469144951,235.76523703265912,0,0,,,screenshots/screen_000002.png
69142eb4410888a7b66fa988,68e48f1a803e577b1177152e,6912a59f410888a7b66ed6cf,screenshot-124f194f-6f17-4921-8a34-cf863294df43,,2025-11-12T07:10:24.206Z,563.5285070884909,230.649361947274,0,0,,,screenshots/screen_000002.png
69142eb4410888a7b66fa988,68e48f1a803e577b1177152e,6912a59f410888a7b66ed6cf,screenshot-124f194f-6f17-4921-8a34-cf863294df43,,2025-11-12T07:10:24.326Z,556.3602919452295,202.3551027633017,0,0,,,screenshots/screen_000002.png
69142eb4410888a7b66fa988,68e48f1a803e577b1177152e,6912a59f410888a7b66ed6cf,screenshot-124f194f-6f17-4921-8a34-cf863294df43,,2025-11-12T07:10:24.455Z,549.4439168146622,189.33680196456663,0,0,,,screenshots/screen_000002.png
69142eb4410888a7b66fa988,68e48f1a803e577b1177152e,6912a59f410888a7b66ed6cf,screenshot-124f194f-6f17-4921-8a34-cf863294df43,,2025-11-12T07:10:24.595Z,653.4600778819209,149.83593720629332,0,0,,,screenshots/screen_000002.png
69142eb4410888a7b66fa988,68e48f1a803e577b1177152e,6912a59f410888a7b66ed6cf,screenshot-124f194f-6f17-4921-8a34-cf863294df43,,2025-11-12T07:10:24.714Z,612.5613836723122,165.04035718073777,0,0,,,screenshots/screen_000002.png
69142eb4410888a7b66fa988,68e48f1a803e577b1177152e,6912a59f410888a7b66ed6cf,screenshot-124f194f-6f17-4921-8a34-cf863294df43,,2025-11-12T07:10:24.844Z,582.6968634747811,206.2651434885613,0,0,,,screenshots/screen_000002.png
69142eb4410888a7b66fa988,68e48f1a803e577b1177152e,6912a59f410888a7b66ed6cf,screenshot-124f194f-6f17-4921-8a34-cf863294df43,,2025-11-12T07:10:24.980Z,602.3327432126489,210.4424381722513,0,0,,,screenshots/screen_000002.png
69142eb4410888a7b66fa988,68e48f1a803e577b1177152e,6912a59f410888a7b66ed6cf,screenshot-124f194f-6f17-4921-8a34-cf863294df43,,2025-11-12T07:10:25.112Z,628.2118004948446,217.82289780605853,0,0,,,screenshots/screen_000002.png
69142eb4410888a7b66fa988,68e48f1a803e577b1177152e,6912a59f410888a7b66ed6cf,screenshot-124f194f-6f17-4921-8a34-cf863294df43,,2025-11-12T07:10:25.248Z,663.9946926200817,235.904410154333,0,0,,,screenshots/screen_000002.png
69142eb4410888a7b66fa988,68e48f1a803e577b1177152e,6912a59f410888a7b66ed6cf,screenshot-124f194f-6f17-4921-8a34-cf863294df43,,2025-11-12T07:10:25.380Z,698.3495416250566,239.09635321305984,0,0,,,screenshots/screen_000002.png
69142eb4410888a7b66fa988,68e48f1a803e577b1177152e,6912a59f410888a7b66ed6cf,screenshot-124f194f-6f17-4921-8a34-cf863294df43,,2025-11-12T07:10:25.514Z,661.6047644782043,236.6347919085633,0,0,,,screenshots/screen_000002.png
69142eb4410888a7b66fa988,68e48f1a803e577b1177152e,6912a59f410888a7b66ed6cf,screenshot-124f194f-6f17-4921-8a34-cf863294df43,,2025-11-12T07:10:25.661Z,620.5291967709618,219.13659402026047,0,0,,,screenshots/screen_000002.png
69142eb4410888a7b66fa988,68e48f1a803e577b1177152e,6912a59f410888a7b66ed6cf,screenshot-124f194f-6f17-4921-8a34-cf863294df43,,2025-11-12T07:10:25.788Z,673.7165300315828,232.37861847333787,0,0,,,screenshots/screen_000002.png
69142eb4410888a7b66fa988,68e48f1a803e577b1177152e,6912a59f410888a7b66ed6cf,screenshot-124f194f-6f17-4921-8a34-cf863294df43,,2025-11-12T07:10:25.924Z,682.9798361870805,269.19191170327764,0,0,,,screenshots/screen_000002.png
69142eb4410888a7b66fa988,68e48f1a803e577b1177152e,6912a59f410888a7b66ed6cf,screenshot-124f194f-6f17-4921-8a34-cf863294df43,,2025-11-12T07:10:26.052Z,640.6306220038857,282.86950548136707,0,0,,,screenshots/screen_000002.png
69142eb4410888a7b66fa988,68e48f1a803e577b1177152e,6912a59f410888a7b66ed6cf,screenshot-124f194f-6f17-4921-8a34-cf863294df43,,2025-11-12T07:10:26.180Z,614.0386334361273,281.2419115331645,0,0,,,screenshots/screen_000002.png
69142eb4410888a7b66fa988,68e48f1a803e577b1177152e,6912a59f410888a7b66ed6cf,screenshot-124f194f-6f17-4921-8a34-cf863294df43,,2025-11-12T07:10:26.292Z,545.4082237706644,280.3485151773838,0,0,,,screenshots/screen_000002.png
69142eb4410888a7b66fa988,68e48f1a803e577b1177152e,6912a59f410888a7b66ed6cf,screenshot-124f194f-6f17-4921-8a34-cf863294df43,,2025-11-12T07:10:26.416Z,551.6733912916299,280.7541848621231,0,0,,,screenshots/screen_000002.png
69142eb4410888a7b66fa988,68e48f1a803e577b1177152e,6912a59f410888a7b66ed6cf,screenshot-124f194f-6f17-4921-8a34-cf863294df43,,2025-11-12T07:10:26.516Z,418.54718533080035,315.61953518317534,0,0,,,screenshots/screen_000002.png
69142eb4410888a7b66fa988,68e48f1a803e577b1177152e,6912a59f410888a7b66ed6cf,screenshot-124f194f-6f17-4921-8a34-cf863294df43,,2025-11-12T07:10:26.619Z,353.9805917569586,322.27476468897385,0,0,,,screenshots/screen_000002.png
69142eb4410888a7b66fa988,68e48f1a803e577b1177152e,6912a59f410888a7b66ed6cf,screenshot-124f194f-6f17-4921-8a34-cf863294df43,,2025-11-12T07:10:26.724Z,362.3252191391946,372.7415848494047,0,0,,,screenshots/screen_000002.png
69142eb4410888a7b66fa988,68e48f1a803e577b1177152e,6912a59f410888a7b66ed6cf,screenshot-124f194f-6f17-4921-8a34-cf863294df43,,2025-11-12T07:10:26.834Z,297.14580580791915,392.7018465952722,0,0,,,screenshots/screen_000002.png
69142eb4410888a7b66fa988,68e48f1a803e577b1177152e,6912a59f410888a7b66ed6cf,screenshot-124f194f-6f17-4921-8a34-cf863294df43,,2025-11-12T07:10:26.943Z,210.87349300471806,379.7382049950576,0,0,,,screenshots/screen_000002.png
69142eb4410888a7b66fa988,68e48f1a803e577b1177152e,6912a59f410888a7b66ed6cf,screenshot-124f194f-6f17-4921-8a34-cf863294df43,,2025-11-12T07:10:27.040Z,204.65802127298076,400.46855985086705,0,0,,,screenshots/screen_000002.png
69142eb4410888a7b66fa988,68e48f1a803e577b1177152e,6912a59f410888a7b66ed6cf,screenshot-124f194f-6f17-4921-8a34-cf863294df43,,2025-11-12T07:10:27.143Z,241.7347915103731,415.51612743625134,0,0,,,screenshots/screen_000002.png
69142eb4410888a7b66fa988,68e48f1a803e577b1177152e,6912a59f410888a7b66ed6cf,screenshot-124f194f-6f17-4921-8a34-cf863294df43,,2025-11-12T07:10:27.250Z,237.5397634901476,428.4526841959005,0,0,,,screenshots/screen_000002.png
69142eb4410888a7b66fa988,68e48f1a803e577b1177152e,6912a59f410888a7b66ed6cf,screenshot-124f194f-6f17-4921-8a34-cf863294df43,,2025-11-12T07:10:27.345Z,288.0976730777177,435.3681959182389,0,0,,,screenshots/screen_000002.png
69142eb4410888a7b66fa988,68e48f1a803e577b1177152e,6912a59f410888a7b66ed6cf,screenshot-124f194f-6f17-4921-8a34-cf863294df43,,2025-11-12T07:10:27.438Z,369.1389839432028,464.1259374748707,0,0,,,screenshots/screen_000002.png
69142eb4410888a7b66fa988,68e48f1a803e577b1177152e,6912a59f410888a7b66ed6cf,screenshot-124f194f-6f17-4921-8a34-cf863294df43,,2025-11-12T07:10:27.540Z,418.5923873709685,479.8864481408351,0,0,,,screenshots/screen_000002.png
69142eb4410888a7b66fa988,68e48f1a803e577b1177152e,6912a59f410888a7b66ed6cf,screenshot-124f194f-6f17-4921-8a34-cf863294df43,,2025-11-12T07:10:27.642Z,466.85379942036707,470.7073000142257,0,0,,,screenshots/screen_000002.png
69142eb4410888a7b66fa988,68e48f1a803e577b1177152e,6912a59f410888a7b66ed6cf,screenshot-124f194f-6f17-4921-8a34-cf863294df43,,2025-11-12T07:10:27.743Z,568.2758258736428,485.06422460856294,0,0,,,screenshots/screen_000002.png
69142eb4410888a7b66fa988,68e48f1a803e577b1177152e,6912a59f410888a7b66ed6cf,screenshot-124f194f-6f17-4921-8a34-cf863294df43,,2025-11-12T07:10:27.841Z,546.734126076959,483.7165726917332,0,0,,,screenshots/screen_000002.png
69142eb4410888a7b66fa988,68e48f1a803e577b1177152e,6912a59f410888a7b66ed6cf,screenshot-124f194f-6f17-4921-8a34-cf863294df43,,2025-11-12T07:10:27.936Z,565.780674984841,489.64168626236227,0,0,,,screenshots/screen_000002.png
69142eb4410888a7b66fa988,68e48f1a803e577b1177152e,6912a59f410888a7b66ed6cf,screenshot-124f194f-6f17-4921-8a34-cf863294df43,,2025-11-12T07:10:28.038Z,485.91506033285907,491.7621910296492,0,0,,,screenshots/screen_000002.png
69142eb4410888a7b66fa988,68e48f1a803e577b1177152e,6912a59f410888a7b66ed6cf,screenshot-124f194f-6f17-4921-8a34-cf863294df43,,2025-11-12T07:10:28.136Z,477.7290821687519,480.5050467477498,0,0,,,screenshots/screen_000002.png
69142eb4410888a7b66fa988,68e48f1a803e577b1177152e,6912a59f410888a7b66ed6cf,screenshot-124f194f-6f17-4921-8a34-cf863294df43,,2025-11-12T07:10:28.243Z,418.8522463480937,486.26102280933685,0,0,,,screenshots/screen_000002.png
69142eb4410888a7b66fa988,68e48f1a803e577b1177152e,6912a59f410888a7b66ed6cf,screenshot-124f194f-6f17-4921-8a34-cf863294df43,,2025-11-12T07:10:28.348Z,429.921156319717,462.5746983036556,0,0,,,screenshots/screen_000002.png
69142eb4410888a7b66fa988,68e48f1a803e577b1177152e,6912a59f410888a7b66ed6cf,screenshot-124f194f-6f17-4921-8a34-cf863294df43,,2025-11-12T07:10:28.444Z,425.08015278671905,475.61735354226613,0,0,,,screenshots/screen_000002.png
69142eb4410888a7b66fa988,68e48f1a803e577b1177152e,6912a59f410888a7b66ed6cf,screenshot-124f194f-6f17-4921-8a34-cf863294df43,,2025-11-12T07:10:28.545Z,443.06775397977873,470.6437832492365,0,0,,,screenshots/screen_000002.png
69142eb4410888a7b66fa988,68e48f1a803e577b1177152e,6912a59f410888a7b66ed6cf,screenshot-124f194f-6f17-4921-8a34-cf863294df43,,2025-11-12T07:10:28.646Z,460.0710995020303,450.672253487983,0,0,,,screenshots/screen_000002.png
69142eb4410888a7b66fa988,68e48f1a803e577b1177152e,6912a59f410888a7b66ed6cf,screenshot-124f194f-6f17-4921-8a34-cf863294df43,,2025-11-12T07:10:28.747Z,438.18345395073607,459.6958081100651,0,0,,,screenshots/screen_000002.png
69142eb4410888a7b66fa988,68e48f1a803e577b1177152e,6912a59f410888a7b66ed6cf,screenshot-124f194f-6f17-4921-8a34-cf863294df43,,2025-11-12T07:10:28.850Z,450.7292267637241,436.15153889051857,0,0,,,screenshots/screen_000002.png
69142eb4410888a7b66fa988,68e48f1a803e577b1177152e,6912a59f410888a7b66ed6cf,screenshot-124f194f-6f17-4921-8a34-cf863294df43,,2025-11-12T07:10:28.949Z,457.09851770678307,425.83150591739866,0,0,,,screenshots/screen_000002.png
69142eb4410888a7b66fa988,68e48f1a803e577b1177152e,6912a59f410888a7b66ed6cf,screenshot-124f194f-6f17-4921-8a34-cf863294df43,,2025-11-12T07:10:29.109Z,478.65806439610606,431.59937331139497,0,0,,,screenshots/screen_000002.png
69142eb4410888a7b66fa988,68e48f1a803e577b1177152e,6912a59f410888a7b66ed6cf,screenshot-124f194f-6f17-4921-8a34-cf863294df43,,2025-11-12T07:10:29.224Z,540.5162395512156,412.68231939595785,0,0,,,screenshots/screen_000002.png
69142eb4410888a7b66fa988,68e48f1a803e577b1177152e,6912a59f410888a7b66ed6cf,screenshot-124f194f-6f17-4921-8a34-cf863294df43,,2025-11-12T07:10:29.340Z,552.0170200934427,419.45392837938317,0,0,,,screenshots/screen_000002.png
69142eb4410888a7b66fa988,68e48f1a803e577b1177152e,6912a59f410888a7b66ed6cf,screenshot-124f194f-6f17-4921-8a34-cf863294df43,,2025-11-12T07:10:29.445Z,540.1559642537514,400.69666168351915,0,0,,,screenshots/screen_000002.png
69142eb4410888a7b66fa988,68e48f1a803e577b1177152e,6912a59f410888a7b66ed6cf,screenshot-124f194f-6f17-4921-8a34-cf863294df43,,2025-11-12T07:10:29.548Z,553.2210381678561,404.2624915047398,0,0,,,screenshots/screen_000002.png
69142eb4410888a7b66fa988,68e48f1a803e577b1177152e,6912a59f410888a7b66ed6cf,screenshot-124f194f-6f17-4921-8a34-cf863294df43,,2025-11-12T07:10:29.652Z,575.071532401959,417.11516970170175,0,0,,,screenshots/screen_000002.png
69142eb4410888a7b66fa988,68e48f1a803e577b1177152e,6912a59f410888a7b66ed6cf,screenshot-124f194f-6f17-4921-8a34-cf863294df43,,2025-11-12T07:10:29.753Z,601.7082957192104,426.1858887702488,0,0,,,screenshots/screen_000002.png
69142eb4410888a7b66fa988,68e48f1a803e577b1177152e,6912a59f410888a7b66ed6cf,screenshot-124f194f-6f17-4921-8a34-cf863294df43,,2025-11-12T07:10:29.851Z,692.1454553462916,409.23981095039045,0,0,,,screenshots/screen_000002.png
69142eb4410888a7b66fa988,68e48f1a803e577b1177152e,6912a59f410888a7b66ed6cf,screenshot-124f194f-6f17-4921-8a34-cf863294df43,,2025-11-12T07:10:29.954Z,689.21162562186,423.384886196421,0,0,,,screenshots/screen_000002.png
69142eb4410888a7b66fa988,68e48f1a803e577b1177152e,6912a59f410888a7b66ed6cf,screenshot-124f194f-6f17-4921-8a34-cf863294df43,,2025-11-12T07:10:30.052Z,715.2737836612233,432.05079254553135,0,0,,,screenshots/screen_000002.png
69142eb4410888a7b66fa988,68e48f1a803e577b1177152e,6912a59f410888a7b66ed6cf,screenshot-124f194f-6f17-4921-8a34-cf863294df43,,2025-11-12T07:10:30.154Z,706.5306164873884,441.53123184822374,0,0,,,screenshots/screen_000002.png
69142eb4410888a7b66fa988,68e48f1a803e577b1177152e,6912a59f410888a7b66ed6cf,screenshot-124f194f-6f17-4921-8a34-cf863294df43,,2025-11-12T07:10:30.249Z,685.9154929576479,444.487730371934,0,0,,,screenshots/screen_000002.png
69142eb4410888a7b66fa988,68e48f1a803e577b1177152e,6912a59f410888a7b66ed6cf,screenshot-124f194f-6f17-4921-8a34-cf863294df43,,2025-11-12T07:10:30.356Z,715.9247837899125,424.74534896608793,0,0,,,screenshots/screen_000002.png
69142eb4410888a7b66fa988,68e48f1a803e577b1177152e,6912a59f410888a7b66ed6cf,screenshot-124f194f-6f17-4921-8a34-cf863294df43,,2025-11-12T07:10:30.452Z,760.2966965900032,415.79678884567534,0,0,,,screenshots/screen_000002.png
69142eb4410888a7b66fa988,68e48f1a803e577b1177152e,6912a59f410888a7b66ed6cf,screenshot-124f194f-6f17-4921-8a34-cf863294df43,,2025-11-12T07:10:30.551Z,728.6252216059014,406.97816045831667,0,0,,,screenshots/screen_000002.png
69142eb4410888a7b66fa988,68e48f1a803e577b1177152e,6912a59f410888a7b66ed6cf,screenshot-124f194f-6f17-4921-8a34-cf863294df43,,2025-11-12T07:10:30.653Z,715.2938952389849,430.0757029497481,0,0,,,screenshots/screen_000002.png
69142eb4410888a7b66fa988,68e48f1a803e577b1177152e,6912a59f410888a7b66ed6cf,screenshot-124f194f-6f17-4921-8a34-cf863294df43,,2025-11-12T07:10:30.773Z,722.0731448191829,403.99401185112885,0,0,,,screenshots/screen_000002.png
69142eb4410888a7b66fa988,68e48f1a803e577b1177152e,6912a59f410888a7b66ed6cf,screenshot-124f194f-6f17-4921-8a34-cf863294df43,,2025-11-12T07:10:30.875Z,567.0810559805072,414.4425062440805,0,0,,,screenshots/screen_000002.png
69142eb4410888a7b66fa988,68e48f1a803e577b1177152e,6912a59f410888a7b66ed6cf,screenshot-124f194f-6f17-4921-8a34-cf863294df43,,2025-11-12T07:10:30.995Z,483.96555451167126,401.4377634888892,0,0,,,screenshots/screen_000002.png
69142eb4410888a7b66fa988,68e48f1a803e577b1177152e,6912a59f410888a7b66ed6cf,screenshot-124f194f-6f17-4921-8a34-cf863294df43,,2025-11-12T07:10:31.117Z,465.4846379993983,388.4176469588784,0,0,,,screenshots/screen_000002.png
69142eb4410888a7b66fa988,68e48f1a803e577b1177152e,6912a59f410888a7b66ed6cf,screenshot-124f194f-6f17-4921-8a34-cf863294df43,,2025-11-12T07:10:31.234Z,441.2963257867288,372.96787937859233,0,0,,,screenshots/screen_000002.png
69142eb4410888a7b66fa988,68e48f1a803e577b1177152e,6912a59f410888a7b66ed6cf,screenshot-124f194f-6f17-4921-8a34-cf863294df43,,2025-11-12T07:10:31.365Z,421.2696185985157,355.623290696456,0,0,,,screenshots/screen_000002.png
69142eb4410888a7b66fa988,68e48f1a803e577b1177152e,6912a59f410888a7b66ed6cf,screenshot-124f194f-6f17-4921-8a34-cf863294df43,,2025-11-12T07:10:31.486Z,361.3057470605713,358.3153989467028,0,0,,,screenshots/screen_000002.png
69142eb4410888a7b66fa988,68e48f1a803e577b1177152e,6912a59f410888a7b66ed6cf,screenshot-124f194f-6f17-4921-8a34-cf863294df43,,2025-11-12T07:10:31.588Z,299.22869509377085,395.2421212552057,0,0,,,screenshots/screen_000002.png
69142eb4410888a7b66fa988,68e48f1a803e577b1177152e,6912a59f410888a7b66ed6cf,screenshot-124f194f-6f17-4921-8a34-cf863294df43,,2025-11-12T07:10:31.690Z,268.66709789226394,396.9695355283537,0,0,,,screenshots/screen_000002.png
69142eb4410888a7b66fa988,68e48f1a803e577b1177152e,6912a59f410888a7b66ed6cf,screenshot-124f194f-6f17-4921-8a34-cf863294df43,,2025-11-12T07:10:32.379Z,294.2272870231,412.0143558656274,0,0,,,screenshots/screen_000002.png
69142eb4410888a7b66fa988,68e48f1a803e577b1177152e,6912a59f410888a7b66ed6cf,screenshot-124f194f-6f17-4921-8a34-cf863294df43,,2025-11-12T07:10:32.964Z,309.31765196956724,431.55083096012004,0,0,,,screenshots/screen_000002.png
69142eb4410888a7b66fa988,68e48f1a803e577b1177152e,6912a59f410888a7b66ed6cf,screenshot-124f194f-6f17-4921-8a34-cf863294df43,,2025-11-12T07:10:33.211Z,328.3665144178957,437.9090533379597,0,0,,,screenshots/screen_000002.png
69142eb4410888a7b66fa988,68e48f1a803e577b1177152e,6912a59f410888a7b66ed6cf,screenshot-124f194f-6f17-4921-8a34-cf863294df43,,2025-11-12T07:10:33.335Z,362.66096459003097,459.7378845581828,0,0,,,screenshots/screen_000002.png
69142eb4410888a7b66fa988,68e48f1a803e577b1177152e,6912a59f410888a7b66ed6cf,screenshot-124f194f-6f17-4921-8a34-cf863294df43,,2025-11-12T07:10:33.603Z,482.55266407197894,459.3661994644198,0,0,,,screenshots/screen_000002.png
69142eb4410888a7b66fa988,68e48f1a803e577b1177152e,6912a59f410888a7b66ed6cf,screenshot-e2c83a25-7d76-4944-a45f-d28c2a4ae77c,,2025-11-12T07:10:35.187Z,622.7402550586903,275.6683607811855,0,0,,,screenshots/screen_000003.png
69142eb4410888a7b66fa988,68e48f1a803e577b1177152e,6912a59f410888a7b66ed6cf,screenshot-e2c83a25-7d76-4944-a45f-d28c2a4ae77c,,2025-11-12T07:10:35.326Z,632.6677845055892,257.48382840567007,0,0,,,screenshots/screen_000003.png
69142eb4410888a7b66fa988,68e48f1a803e577b1177152e,6912a59f410888a7b66ed6cf,screenshot-e2c83a25-7d76-4944-a45f-d28c2a4ae77c,,2025-11-12T07:10:35.460Z,542.8939625328709,230.2158452858541,0,0,,,screenshots/screen_000003.png
69142eb4410888a7b66fa988,68e48f1a803e577b1177152e,6912a59f410888a7b66ed6cf,screenshot-e2c83a25-7d76-4944-a45f-d28c2a4ae77c,,2025-11-12T07:10:35.599Z,478.85555927043714,257.0686571169708,0,0,,,screenshots/screen_000003.png
69142eb4410888a7b66fa988,68e48f1a803e577b1177152e,6912a59f410888a7b66ed6cf,screenshot-e2c83a25-7d76-4944-a45f-d28c2a4ae77c,,2025-11-12T07:10:35.719Z,421.92714759219086,293.50360398749285,0,0,,,screenshots/screen_000003.png
69142eb4410888a7b66fa988,68e48f1a803e577b1177152e,6912a59f410888a7b66ed6cf,screenshot-e2c83a25-7d76-4944-a45f-d28c2a4ae77c,,2025-11-12T07:10:35.856Z,356.36455968715757,288.40940150492486,0,0,,,screenshots/screen_000003.png
69142eb4410888a7b66fa988,68e48f1a803e577b1177152e,6912a59f410888a7b66ed6cf,screenshot-e2c83a25-7d76-4944-a45f-d28c2a4ae77c,,2025-11-12T07:10:35.986Z,350.69060512087685,298.5276897131129,0,0,,,screenshots/screen_000003.png
69142eb4410888a7b66fa988,68e48f1a803e577b1177152e,6912a59f410888a7b66ed6cf,screenshot-e2c83a25-7d76-4944-a45f-d28c2a4ae77c,,2025-11-12T07:10:36.119Z,338.0818809392408,315.85815034702296,0,0,,,screenshots/screen_000003.png
69142eb4410888a7b66fa988,68e48f1a803e577b1177152e,6912a59f410888a7b66ed6cf,screenshot-e2c83a25-7d76-4944-a45f-d28c2a4ae77c,,2025-11-12T07:10:36.259Z,352.7291474160522,314.23055543443496,0,0,,,screenshots/screen_000003.png
69142eb4410888a7b66fa988,68e48f1a803e577b1177152e,6912a59f410888a7b66ed6cf,screenshot-e2c83a25-7d76-4944-a45f-d28c2a4ae77c,,2025-11-12T07:10:36.400Z,379.89730676433805,285.9670098190523,0,0,,,screenshots/screen_000003.png
69142eb4410888a7b66fa988,68e48f1a803e577b1177152e,6912a59f410888a7b66ed6cf,screenshot-e2c83a25-7d76-4944-a45f-d28c2a4ae77c,,2025-11-12T07:10:36.534Z,413.692866531589,276.7309372098414,0,0,,,screenshots/screen_000003.png
69142eb4410888a7b66fa988,68e48f1a803e577b1177152e,6912a59f410888a7b66ed6cf,screenshot-e2c83a25-7d76-4944-a45f-d28c2a4ae77c,,2025-11-12T07:10:36.667Z,320.21750357365534,294.89828025484263,0,0,,,screenshots/screen_000003.png
69142eb4410888a7b66fa988,68e48f1a803e577b1177152e,6912a59f410888a7b66ed6cf,screenshot-e2c83a25-7d76-4944-a45f-d28c2a4ae77c,,2025-11-12T07:10:36.804Z,314.3754233838712,313.9523929180165,0,0,,,screenshots/screen_000003.png
69142eb4410888a7b66fa988,68e48f1a803e577b1177152e,6912a59f410888a7b66ed6cf,screenshot-e2c83a25-7d76-4944-a45f-d28c2a4ae77c,,2025-11-12T07:10:36.933Z,382.98917039869804,319.24837812776735,0,0,,,screenshots/screen_000003.png
69142eb4410888a7b66fa988,68e48f1a803e577b1177152e,6912a59f410888a7b66ed6cf,screenshot-e2c83a25-7d76-4944-a45f-d28c2a4ae77c,,2025-11-12T07:10:37.072Z,355.3203992508224,317.2236842313002,0,0,,,screenshots/screen_000003.png
69142eb4410888a7b66fa988,68e48f1a803e577b1177152e,6912a59f410888a7b66ed6cf,screenshot-e2c83a25-7d76-4944-a45f-d28c2a4ae77c,,2025-11-12T07:10:37.206Z,335.7307884007829,335.6194721498979,0,0,,,screenshots/screen_000003.png
69142eb4410888a7b66fa988,68e48f1a803e577b1177152e,6912a59f410888a7b66ed6cf,screenshot-e2c83a25-7d76-4944-a45f-d28c2a4ae77c,,2025-11-12T07:10:37.336Z,385.98969616096326,334.288313806381,0,0,,,screenshots/screen_000003.png
69142eb4410888a7b66fa988,68e48f1a803e577b1177152e,6912a59f410888a7b66ed6cf,screenshot-e2c83a25-7d76-4944-a45f-d28c2a4ae77c,,2025-11-12T07:10:37.468Z,363.9410731547905,322.97611711445364,0,0,,,screenshots/screen_000003.png
69142eb4410888a7b66fa988,68e48f1a803e577b1177152e,6912a59f410888a7b66ed6cf,screenshot-e2c83a25-7d76-4944-a45f-d28c2a4ae77c,,2025-11-12T07:10:37.605Z,396.4273505021872,332.8521820509062,0,0,,,screenshots/screen_000003.png
69142eb4410888a7b66fa988,68e48f1a803e577b1177152e,6912a59f410888a7b66ed6cf,screenshot-e2c83a25-7d76-4944-a45f-d28c2a4ae77c,,2025-11-12T07:10:37.740Z,400.5403902936245,317.2833687088272,0,0,,,screenshots/screen_000003.png
69142eb4410888a7b66fa988,68e48f1a803e577b1177152e,6912a59f410888a7b66ed6cf,screenshot-e2c83a25-7d76-4944-a45f-d28c2a4ae77c,,2025-11-12T07:10:37.867Z,415.53137807647875,350.86756083662283,0,0,,,screenshots/screen_000003.png
69142eb4410888a7b66fa988,68e48f1a803e577b1177152e,6912a59f410888a7b66ed6cf,screenshot-e2c83a25-7d76-4944-a45f-d28c2a4ae77c,,2025-11-12T07:10:38.005Z,462.7745499088373,314.5241286538665,0,0,,,screenshots/screen_000003.png
69142eb4410888a7b66fa988,68e48f1a803e577b1177152e,6912a59f410888a7b66ed6cf,screenshot-e2c83a25-7d76-4944-a45f-d28c2a4ae77c,,2025-11-12T07:10:38.136Z,469.702052716233,357.66654348277234,0,0,,,screenshots/screen_000003.png
69142eb4410888a7b66fa988,68e48f1a803e577b1177152e,6912a59f410888a7b66ed6cf,screenshot-e2c83a25-7d76-4944-a45f-d28c2a4ae77c,,2025-11-12T07:10:38.281Z,504.71292312742287,370.667712261949,0,0,,,screenshots/screen_000003.png
69142eb4410888a7b66fa988,68e48f1a803e577b1177152e,6912a59f410888a7b66ed6cf,screenshot-e2c83a25-7d76-4944-a45f-d28c2a4ae77c,,2025-11-12T07:10:38.400Z,547.7015498402027,359.91175633973876,0,0,,,screenshots/screen_000003.png
69142eb4410888a7b66fa988,68e48f1a803e577b1177152e,6912a59f410888a7b66ed6cf,screenshot-e2c83a25-7d76-4944-a45f-d28c2a4ae77c,,2025-11-12T07:10:38.542Z,586.5869345818968,355.5286421509036,0,0,,,screenshots/screen_000003.png
69142eb4410888a7b66fa988,68e48f1a803e577b1177152e,6912a59f410888a7b66ed6cf,screenshot-e2c83a25-7d76-4944-a45f-d28c2a4ae77c,,2025-11-12T07:10:38.665Z,537.7438832314833,337.22695969520464,0,0,,,screenshots/screen_000003.png
69142eb4410888a7b66fa988,68e48f1a803e577b1177152e,6912a59f410888a7b66ed6cf,screenshot-e2c83a25-7d76-4944-a45f-d28c2a4ae77c,,2025-11-12T07:10:38.800Z,527.5701965617329,336.5480889937584,0,0,,,screenshots/screen_000003.png
69142eb4410888a7b66fa988,68e48f1a803e577b1177152e,6912a59f410888a7b66ed6cf,screenshot-e2c83a25-7d76-4944-a45f-d28c2a4ae77c,,2025-11-12T07:10:38.920Z,513.5106488619094,363.24472548097776,0,0,,,screenshots/screen_000003.png
69142eb4410888a7b66fa988,68e48f1a803e577b1177152e,6912a59f410888a7b66ed6cf,screenshot-e2c83a25-7d76-4944-a45f-d28c2a4ae77c,,2025-11-12T07:10:39.042Z,542.3074959453937,323.44358445005275,0,0,,,screenshots/screen_000003.png
69142eb4410888a7b66fa988,68e48f1a803e577b1177152e,6912a59f410888a7b66ed6cf,screenshot-e2c83a25-7d76-4944-a45f-d28c2a4ae77c,,2025-11-12T07:10:39.166Z,560.0085188295368,352.02096654472916,0,0,,,screenshots/screen_000003.png
69142eb4410888a7b66fa988,68e48f1a803e577b1177152e,6912a59f410888a7b66ed6cf,screenshot-e2c83a25-7d76-4944-a45f-d28c2a4ae77c,,2025-11-12T07:10:39.308Z,558.9663415702418,332.15192296912545,0,0,,,screenshots/screen_000003.png
69142eb4410888a7b66fa988,68e48f1a803e577b1177152e,6912a59f410888a7b66ed6cf,screenshot-e2c83a25-7d76-4944-a45f-d28c2a4ae77c,,2025-11-12T07:10:39.430Z,555.9623602410727,301.97316132363073,0,0,,,screenshots/screen_000003.png
69142eb4410888a7b66fa988,68e48f1a803e577b1177152e,6912a59f410888a7b66ed6cf,screenshot-e2c83a25-7d76-4944-a45f-d28c2a4ae77c,,2025-11-12T07:10:39.560Z,544.9273940320074,295.5897813685398,0,0,,,screenshots/screen_000003.png
69142eb4410888a7b66fa988,68e48f1a803e577b1177152e,6912a59f410888a7b66ed6cf,screenshot-e2c83a25-7d76-4944-a45f-d28c2a4ae77c,,2025-11-12T07:10:39.690Z,614.9297138226063,320.38918202322657,0,0,,,screenshots/screen_000003.png
69142eb4410888a7b66fa988,68e48f1a803e577b1177152e,6912a59f410888a7b66ed6cf,screenshot-e2c83a25-7d76-4944-a45f-d28c2a4ae77c,,2025-11-12T07:10:39.822Z,612.5190617571094,308.1061528113257,0,0,,,screenshots/screen_000003.png
69142eb4410888a7b66fa988,68e48f1a803e577b1177152e,6912a59f410888a7b66ed6cf,screenshot-e2c83a25-7d76-4944-a45f-d28c2a4ae77c,,2025-11-12T07:10:39.942Z,674.8903392525237,295.97299406924634,0,0,,,screenshots/screen_000003.png
69142eb4410888a7b66fa988,68e48f1a803e577b1177152e,6912a59f410888a7b66ed6cf,screenshot-e2c83a25-7d76-4944-a45f-d28c2a4ae77c,,2025-11-12T07:10:40.071Z,684.2492523973137,300.64269117441756,0,0,,,screenshots/screen_000003.png
69142eb4410888a7b66fa988,68e48f1a803e577b1177152e,6912a59f410888a7b66ed6cf,screenshot-e2c83a25-7d76-4944-a45f-d28c2a4ae77c,,2025-11-12T07:10:40.210Z,713.1106418937076,318.44324686054296,0,0,,,screenshots/screen_000003.png
69142eb4410888a7b66fa988,68e48f1a803e577b1177152e,6912a59f410888a7b66ed6cf,screenshot-e2c83a25-7d76-4944-a45f-d28c2a4ae77c,,2025-11-12T07:10:40.339Z,703.4897672820605,350.1327610550929,0,0,,,screenshots/screen_000003.png
69142eb4410888a7b66fa988,68e48f1a803e577b1177152e,6912a59f410888a7b66ed6cf,screenshot-e2c83a25-7d76-4944-a45f-d28c2a4ae77c,,2025-11-12T07:10:40.483Z,657.5624276028346,373.6479449271524,0,0,,,screenshots/screen_000003.png
69142eb4410888a7b66fa988,68e48f1a803e577b1177152e,6912a59f410888a7b66ed6cf,screenshot-e2c83a25-7d76-4944-a45f-d28c2a4ae77c,,2025-11-12T07:10:40.616Z,663.4432195375138,364.55528176082834,0,0,,,screenshots/screen_000003.png
69142eb4410888a7b66fa988,68e48f1a803e577b1177152e,6912a59f410888a7b66ed6cf,screenshot-e2c83a25-7d76-4944-a45f-d28c2a4ae77c,,2025-11-12T07:10:40.747Z,643.4663593559561,362.76252638688834,0,0,,,screenshots/screen_000003.png
69142eb4410888a7b66fa988,68e48f1a803e577b1177152e,6912a59f410888a7b66ed6cf,screenshot-e2c83a25-7d76-4944-a45f-d28c2a4ae77c,,2025-11-12T07:10:40.880Z,614.0682039127806,389.7073658064303,0,0,,,screenshots/screen_000003.png
69142eb4410888a7b66fa988,68e48f1a803e577b1177152e,6912a59f410888a7b66ed6cf,screenshot-e2c83a25-7d76-4944-a45f-d28c2a4ae77c,,2025-11-12T07:10:41.005Z,487.5857559601086,399.84701080562456,0,0,,,screenshots/screen_000003.png
69142eb4410888a7b66fa988,68e48f1a803e577b1177152e,6912a59f410888a7b66ed6cf,screenshot-e2c83a25-7d76-4944-a45f-d28c2a4ae77c,,2025-11-12T07:10:41.116Z,434.0454463892944,416.51503816688916,0,0,,,screenshots/screen_000003.png
69142eb4410888a7b66fa988,68e48f1a803e577b1177152e,6912a59f410888a7b66ed6cf,screenshot-e2c83a25-7d76-4944-a45f-d28c2a4ae77c,,2025-11-12T07:10:41.266Z,425.7588767548429,435.8107289771532,0,0,,,screenshots/screen_000003.png
69142eb4410888a7b66fa988,68e48f1a803e577b1177152e,6912a59f410888a7b66ed6cf,screenshot-e2c83a25-7d76-4944-a45f-d28c2a4ae77c,,2025-11-12T07:10:41.433Z,365.92423912976454,411.9144913126134,0,0,,,screenshots/screen_000003.png
69142eb4410888a7b66fa988,68e48f1a803e577b1177152e,6912a59f410888a7b66ed6cf,screenshot-e2c83a25-7d76-4944-a45f-d28c2a4ae77c,,2025-11-12T07:10:41.600Z,365.34453469947243,382.80179417732114,0,0,,,screenshots/screen_000003.png
69142eb4410888a7b66fa988,68e48f1a803e577b1177152e,6912a59f410888a7b66ed6cf,screenshot-e2c83a25-7d76-4944-a45f-d28c2a4ae77c,,2025-11-12T07:10:41.749Z,395.8561969771409,363.45216522844964,0,0,,,screenshots/screen_000003.png
69142eb4410888a7b66fa988,68e48f1a803e577b1177152e,6912a59f410888a7b66ed6cf,screenshot-e2c83a25-7d76-4944-a45f-d28c2a4ae77c,,2025-11-12T07:10:41.900Z,467.2320491265536,374.18864766868194,0,0,,,screenshots/screen_000003.png
69142eb4410888a7b66fa988,68e48f1a803e577b1177152e,6912a59f410888a7b66ed6cf,screenshot-e2c83a25-7d76-4944-a45f-d28c2a4ae77c,,2025-11-12T07:10:42.049Z,571.099582393807,390.1568569042993,0,0,,,screenshots/screen_000003.png
69142eb4410888a7b66fa988,68e48f1a803e577b1177152e,6912a59f410888a7b66ed6cf,screenshot-e2c83a25-7d76-4944-a45f-d28c2a4ae77c,,2025-11-12T07:10:42.199Z,656.6068126918713,398.3060539515036,0,0,,,screenshots/screen_000003.png
69142eb4410888a7b66fa988,68e48f1a803e577b1177152e,6912a59f410888a7b66ed6cf,screenshot-e2c83a25-7d76-4944-a45f-d28c2a4ae77c,,2025-11-12T07:10:42.349Z,704.5416512278256,428.5790401394986,0,0,,,screenshots/screen_000003.png
69142eb4410888a7b66fa988,68e48f1a803e577b1177152e,6912a59f410888a7b66ed6cf,screenshot-e2c83a25-7d76-4944-a45f-d28c2a4ae77c,,2025-11-12T07:10:42.516Z,680.3133719543586,438.5553686503626,0,0,,,screenshots/screen_000003.png
69142eb4410888a7b66fa988,68e48f1a803e577b1177152e,6912a59f410888a7b66ed6cf,screenshot-e2c83a25-7d76-4944-a45f-d28c2a4ae77c,,2025-11-12T07:10:42.658Z,722.5824660273826,420.3443972390648,0,0,,,screenshots/screen_000003.png
69142eb4410888a7b66fa988,68e48f1a803e577b1177152e,6912a59f410888a7b66ed6cf,screenshot-e2c83a25-7d76-4944-a45f-d28c2a4ae77c,,2025-11-12T07:10:42.764Z,782.2129821909652,420.5212416503791,0,0,,,screenshots/screen_000003.png
69142eb4410888a7b66fa988,68e48f1a803e577b1177152e,6912a59f410888a7b66ed6cf,screenshot-e2c83a25-7d76-4944-a45f-d28c2a4ae77c,,2025-11-12T07:10:42.871Z,813.5599055584239,406.4029413043776,0,0,,,screenshots/screen_000003.png
69142eb4410888a7b66fa988,68e48f1a803e577b1177152e,6912a59f410888a7b66ed6cf,screenshot-e2c83a25-7d76-4944-a45f-d28c2a4ae77c,,2025-11-12T07:10:42.981Z,799.8322283419319,396.1552192588363,0,0,,,screenshots/screen_000003.png
69142eb4410888a7b66fa988,68e48f1a803e577b1177152e,6912a59f410888a7b66ed6cf,screenshot-e2c83a25-7d76-4944-a45f-d28c2a4ae77c,,2025-11-12T07:10:43.077Z,702.9880926863369,405.45357312166936,0,0,,,screenshots/screen_000003.png
69142eb4410888a7b66fa988,68e48f1a803e577b1177152e,6912a59f410888a7b66ed6cf,screenshot-e2c83a25-7d76-4944-a45f-d28c2a4ae77c,,2025-11-12T07:10:43.172Z,600.8607488353961,386.2697714985006,0,0,,,screenshots/screen_000003.png
69142eb4410888a7b66fa988,68e48f1a803e577b1177152e,6912a59f410888a7b66ed6cf,screenshot-e2c83a25-7d76-4944-a45f-d28c2a4ae77c,,2025-11-12T07:10:43.285Z,580.8024412695544,412.57776956632466,0,0,,,screenshots/screen_000003.png
69142eb4410888a7b66fa988,68e48f1a803e577b1177152e,6912a59f410888a7b66ed6cf,screenshot-e2c83a25-7d76-4944-a45f-d28c2a4ae77c,,2025-11-12T07:10:43.411Z,610.5909584129868,382.0968260970594,0,0,,,screenshots/screen_000003.png
69142eb4410888a7b66fa988,68e48f1a803e577b1177152e,6912a59f410888a7b66ed6cf,screenshot-e2c83a25-7d76-4944-a45f-d28c2a4ae77c,,2025-11-12T07:10:43.531Z,660.1254362071766,349.4399269374043,0,0,,,screenshots/screen_000003.png
69142eb4410888a7b66fa988,68e48f1a803e577b1177152e,6912a59f410888a7b66ed6cf,screenshot-e2c83a25-7d76-4944-a45f-d28c2a4ae77c,,2025-11-12T07:10:43.644Z,667.3577154495118,338.5119731182851,0,0,,,screenshots/screen_000003.png
69142eb4410888a7b66fa988,68e48f1a803e577b1177152e,6912a59f410888a7b66ed6cf,screenshot-e2c83a25-7d76-4944-a45f-d28c2a4ae77c,,2025-11-12T07:10:43.743Z,713.8450377785628,323.7857285519547,0,0,,,screenshots/screen_000003.png
69142eb4410888a7b66fa988,68e48f1a803e577b1177152e,6912a59f410888a7b66ed6cf,screenshot-e2c83a25-7d76-4944-a45f-d28c2a4ae77c,,2025-11-12T07:10:43.867Z,729.2293224591791,318.1889006948112,0,0,,,screenshots/screen_000003.png
69142eb4410888a7b66fa988,68e48f1a803e577b1177152e,6912a59f410888a7b66ed6cf,screenshot-e2c83a25-7d76-4944-a45f-d28c2a4ae77c,,2025-11-12T07:10:43.984Z,752.5060469247222,316.80129463157607,0,0,,,screenshots/screen_000003.png
69142eb4410888a7b66fa988,68e48f1a803e577b1177152e,6912a59f410888a7b66ed6cf,screenshot-e2c83a25-7d76-4944-a45f-d28c2a4ae77c,,2025-11-12T07:10:44.123Z,751.5075267806529,320.5032990172949,0,0,,,screenshots/screen_000003.png
69142eb4410888a7b66fa988,68e48f1a803e577b1177152e,6912a59f410888a7b66ed6cf,screenshot-e2c83a25-7d76-4944-a45f-d28c2a4ae77c,,2025-11-12T07:10:44.257Z,674.9534872493789,303.0231383435084,0,0,,,screenshots/screen_000003.png
69142eb4410888a7b66fa988,68e48f1a803e577b1177152e,6912a59f410888a7b66ed6cf,screenshot-e2c83a25-7d76-4944-a45f-d28c2a4ae77c,,2025-11-12T07:10:44.387Z,600.0903884478198,264.46862343248796,0,0,,,screenshots/screen_000003.png
69142eb4410888a7b66fa988,68e48f1a803e577b1177152e,6912a59f410888a7b66ed6cf,screenshot-e2c83a25-7d76-4944-a45f-d28c2a4ae77c,,2025-11-12T07:10:44.519Z,526.5644785271799,254.52320113053378,0,0,,,screenshots/screen_000003.png
69142eb4410888a7b66fa988,68e48f1a803e577b1177152e,6912a59f410888a7b66ed6cf,screenshot-e2c83a25-7d76-4944-a45f-d28c2a4ae77c,,2025-11-12T07:10:44.646Z,427.3894232379978,261.5706841299909,0,0,,,screenshots/screen_000003.png
69142eb4410888a7b66fa988,68e48f1a803e577b1177152e,6912a59f410888a7b66ed6cf,screenshot-e2c83a25-7d76-4944-a45f-d28c2a4ae77c,,2025-11-12T07:10:44.774Z,355.5801252843621,270.461590733303,0,0,,,screenshots/screen_000003.png
69142eb4410888a7b66fa988,68e48f1a803e577b1177152e,6912a59f410888a7b66ed6cf,screenshot-e2c83a25-7d76-4944-a45f-d28c2a4ae77c,,2025-11-12T07:10:44.899Z,361.19508564839464,236.36710129216254,0,0,,,screenshots/screen_000003.png
69142eb4410888a7b66fa988,68e48f1a803e577b1177152e,6912a59f410888a7b66ed6cf,screenshot-e2c83a25-7d76-4944-a45f-d28c2a4ae77c,,2025-11-12T07:10:45.030Z,392.16871591609737,232.6923852879614,0,0,,,screenshots/screen_000003.png
69142eb4410888a7b66fa988,68e48f1a803e577b1177152e,6912a59f410888a7b66ed6cf,screenshot-e2c83a25-7d76-4944-a45f-d28c2a4ae77c,,2025-11-12T07:10:45.164Z,459.106089995125,198.55230930241476,0,0,,,screenshots/screen_000003.png
69142eb4410888a7b66fa988,68e48f1a803e577b1177152e,6912a59f410888a7b66ed6cf,screenshot-e2c83a25-7d76-4944-a45f-d28c2a4ae77c,,2025-11-12T07:10:45.299Z,455.8121081900048,200.95127885252145,0,0,,,screenshots/screen_000003.png
69142eb4410888a7b66fa988,68e48f1a803e577b1177152e,6912a59f410888a7b66ed6cf,screenshot-e2c83a25-7d76-4944-a45f-d28c2a4ae77c,,2025-11-12T07:10:45.431Z,487.86380658150836,166.77955921950954,0,0,,,screenshots/screen_000003.png
69142eb4410888a7b66fa988,68e48f1a803e577b1177152e,6912a59f410888a7b66ed6cf,screenshot-e2c83a25-7d76-4944-a45f-d28c2a4ae77c,,2025-11-12T07:10:45.568Z,550.8995680195425,155.9566442586274,0,0,,,screenshots/screen_000003.png
69142eb4410888a7b66fa988,68e48f1a803e577b1177152e,6912a59f410888a7b66ed6cf,screenshot-e2c83a25-7d76-4944-a45f-d28c2a4ae77c,,2025-11-12T07:10:45.701Z,578.3389634574266,171.91980427319575,0,0,,,screenshots/screen_000003.png
69142eb4410888a7b66fa988,68e48f1a803e577b1177152e,6912a59f410888a7b66ed6cf,screenshot-e2c83a25-7d76-4944-a45f-d28c2a4ae77c,,2025-11-12T07:10:45.836Z,641.6717313961244,214.78035893844987,0,0,,,screenshots/screen_000003.png
69142eb4410888a7b66fa988,68e48f1a803e577b1177152e,6912a59f410888a7b66ed6cf,screenshot-e2c83a25-7d76-4944-a45f-d28c2a4ae77c,,2025-11-12T07:10:45.971Z,592.0119597191929,233.15193470325744,0,0,,,screenshots/screen_000003.png
69142eb4410888a7b66fa988,68e48f1a803e577b1177152e,6912a59f410888a7b66ed6cf,screenshot-e2c83a25-7d76-4944-a45f-d28c2a4ae77c,,2025-11-12T07:10:46.101Z,488.58922655592045,254.42487915022238,0,0,,,screenshots/screen_000003.png
69142eb4410888a7b66fa988,68e48f1a803e577b1177152e,6912a59f410888a7b66ed6cf,screenshot-e2c83a25-7d76-4944-a45f-d28c2a4ae77c,,2025-11-12T07:10:46.238Z,428.0332213035934,283.5869916724517,0,0,,,screenshots/screen_000003.png
69142eb4410888a7b66fa988,68e48f1a803e577b1177152e,6912a59f410888a7b66ed6cf,screenshot-e2c83a25-7d76-4944-a45f-d28c2a4ae77c,,2025-11-12T07:10:46.367Z,394.81249899307335,265.99143841984534,0,0,,,screenshots/screen_000003.png
69142eb4410888a7b66fa988,68e48f1a803e577b1177152e,6912a59f410888a7b66ed6cf,screenshot-e2c83a25-7d76-4944-a45f-d28c2a4ae77c,,2025-11-12T07:10:46.492Z,388.8458504159463,282.03884627282383,0,0,,,screenshots/screen_000003.png
69142eb4410888a7b66fa988,68e48f1a803e577b1177152e,6912a59f410888a7b66ed6cf,screenshot-e2c83a25-7d76-4944-a45f-d28c2a4ae77c,,2025-11-12T07:10:46.621Z,357.3851878536032,265.09403839450044,0,0,,,screenshots/screen_000003.png
69142eb4410888a7b66fa988,68e48f1a803e577b1177152e,6912a59f410888a7b66ed6cf,screenshot-e2c83a25-7d76-4944-a45f-d28c2a4ae77c,,2025-11-12T07:10:46.752Z,370.5083525602308,271.7275422547113,0,0,,,screenshots/screen_000003.png
69142eb4410888a7b66fa988,68e48f1a803e577b1177152e,6912a59f410888a7b66ed6cf,screenshot-e2c83a25-7d76-4944-a45f-d28c2a4ae77c,,2025-11-12T07:10:46.867Z,302.94947495420735,286.23207276391486,0,0,,,screenshots/screen_000003.png
69142eb4410888a7b66fa988,68e48f1a803e577b1177152e,6912a59f410888a7b66ed6cf,screenshot-e2c83a25-7d76-4944-a45f-d28c2a4ae77c,,2025-11-12T07:10:47.002Z,315.9636150008432,267.5774550016085,0,0,,,screenshots/screen_000003.png
69142eb4410888a7b66fa988,68e48f1a803e577b1177152e,6912a59f410888a7b66ed6cf,screenshot-e2c83a25-7d76-4944-a45f-d28c2a4ae77c,,2025-11-12T07:10:47.133Z,361.99045812245845,285.45272866954406,0,0,,,screenshots/screen_000003.png
69142eb4410888a7b66fa988,68e48f1a803e577b1177152e,6912a59f410888a7b66ed6cf,screenshot-e2c83a25-7d76-4944-a45f-d28c2a4ae77c,,2025-11-12T07:10:47.252Z,297.2884682382421,338.18299964472646,0,0,,,screenshots/screen_000003.png
69142eb4410888a7b66fa988,68e48f1a803e577b1177152e,6912a59f410888a7b66ed6cf,screenshot-e2c83a25-7d76-4944-a45f-d28c2a4ae77c,,2025-11-12T07:10:47.363Z,334.20912038886786,350.1204194128795,0,0,,,screenshots/screen_000003.png
69142eb4410888a7b66fa988,68e48f1a803e577b1177152e,6912a59f410888a7b66ed6cf,screenshot-e2c83a25-7d76-4944-a45f-d28c2a4ae77c,,2025-11-12T07:10:47.472Z,275.7991017901956,382.56337546443393,0,0,,,screenshots/screen_000003.png
69142eb4410888a7b66fa988,68e48f1a803e577b1177152e,6912a59f410888a7b66ed6cf,screenshot-e2c83a25-7d76-4944-a45f-d28c2a4ae77c,,2025-11-12T07:10:47.584Z,321.2780943460841,392.3820517796878,0,0,,,screenshots/screen_000003.png
69142eb4410888a7b66fa988,68e48f1a803e577b1177152e,6912a59f410888a7b66ed6cf,screenshot-e2c83a25-7d76-4944-a45f-d28c2a4ae77c,,2025-11-12T07:10:47.691Z,327.151670407175,411.92514279440394,0,0,,,screenshots/screen_000003.png
69142eb4410888a7b66fa988,68e48f1a803e577b1177152e,6912a59f410888a7b66ed6cf,screenshot-e2c83a25-7d76-4944-a45f-d28c2a4ae77c,,2025-11-12T07:10:47.796Z,360.8738595873209,418.35341575414526,0,0,,,screenshots/screen_000003.png
69142eb4410888a7b66fa988,68e48f1a803e577b1177152e,6912a59f410888a7b66ed6cf,screenshot-e2c83a25-7d76-4944-a45f-d28c2a4ae77c,,2025-11-12T07:10:47.894Z,383.51228908975634,404.1145423830304,0,0,,,screenshots/screen_000003.png
69142eb4410888a7b66fa988,68e48f1a803e577b1177152e,6912a59f410888a7b66ed6cf,screenshot-e2c83a25-7d76-4944-a45f-d28c2a4ae77c,,2025-11-12T07:10:47.996Z,387.44283307971295,422.69877936895466,0,0,,,screenshots/screen_000003.png
69142eb4410888a7b66fa988,68e48f1a803e577b1177152e,6912a59f410888a7b66ed6cf,screenshot-e2c83a25-7d76-4944-a45f-d28c2a4ae77c,,2025-11-12T07:10:48.090Z,377.4628692626053,442.69596193215597,0,0,,,screenshots/screen_000003.png
69142eb4410888a7b66fa988,68e48f1a803e577b1177152e,6912a59f410888a7b66ed6cf,screenshot-e2c83a25-7d76-4944-a45f-d28c2a4ae77c,,2025-11-12T07:10:48.183Z,401.46878417031655,462.68949067995027,0,0,,,screenshots/screen_000003.png
69142eb4410888a7b66fa988,68e48f1a803e577b1177152e,6912a59f410888a7b66ed6cf,screenshot-e2c83a25-7d76-4944-a45f-d28c2a4ae77c,,2025-11-12T07:10:48.293Z,415.34896342200653,401.12511788081207,0,0,,,screenshots/screen_000003.png
69142eb4410888a7b66fa988,68e48f1a803e577b1177152e,6912a59f410888a7b66ed6cf,screenshot-e2c83a25-7d76-4944-a45f-d28c2a4ae77c,,2025-11-12T07:10:48.420Z,464.22230960545477,386.04171016147325,0,0,,,screenshots/screen_000003.png
69142eb4410888a7b66fa988,68e48f1a803e577b1177152e,6912a59f410888a7b66ed6cf,screenshot-e2c83a25-7d76-4944-a45f-d28c2a4ae77c,,2025-11-12T07:10:48.532Z,452.9281899155361,360.17738370638455,0,0,,,screenshots/screen_000003.png
69142eb4410888a7b66fa988,68e48f1a803e577b1177152e,6912a59f410888a7b66ed6cf,screenshot-e2c83a25-7d76-4944-a45f-d28c2a4ae77c,,2025-11-12T07:10:48.652Z,563.8227197300018,340.3552560780175,0,0,,,screenshots/screen_000003.png
69142eb4410888a7b66fa988,68e48f1a803e577b1177152e,6912a59f410888a7b66ed6cf,screenshot-e2c83a25-7d76-4944-a45f-d28c2a4ae77c,,2025-11-12T07:10:48.771Z,591.6037403111283,308.0374800394986,0,0,,,screenshots/screen_000003.png
69142eb4410888a7b66fa988,68e48f1a803e577b1177152e,6912a59f410888a7b66ed6cf,screenshot-e2c83a25-7d76-4944-a45f-d28c2a4ae77c,,2025-11-12T07:10:48.903Z,544.1358992017974,263.2639158610766,0,0,,,screenshots/screen_000003.png
69142eb4410888a7b66fa988,68e48f1a803e577b1177152e,6912a59f410888a7b66ed6cf,screenshot-e2c83a25-7d76-4944-a45f-d28c2a4ae77c,,2025-11-12T07:10:49.042Z,553.8301886956799,271.93392890305887,0,0,,,screenshots/screen_000003.png
69142eb4410888a7b66fa988,68e48f1a803e577b1177152e,6912a59f410888a7b66ed6cf,screenshot-e2c83a25-7d76-4944-a45f-d28c2a4ae77c,,2025-11-12T07:10:49.189Z,556.5528272223922,288.13869754967584,0,0,,,screenshots/screen_000003.png
69142eb4410888a7b66fa988,68e48f1a803e577b1177152e,6912a59f410888a7b66ed6cf,screenshot-e2c83a25-7d76-4944-a45f-d28c2a4ae77c,,2025-11-12T07:10:49.331Z,519.6633617600776,285.7317403005304,0,0,,,screenshots/screen_000003.png
69142eb4410888a7b66fa988,68e48f1a803e577b1177152e,6912a59f410888a7b66ed6cf,screenshot-e2c83a25-7d76-4944-a45f-d28c2a4ae77c,,2025-11-12T07:10:49.453Z,545.0760714182429,235.0935782566276,0,0,,,screenshots/screen_000003.png
69142eb4410888a7b66fa988,68e48f1a803e577b1177152e,6912a59f410888a7b66ed6cf,screenshot-e2c83a25-7d76-4944-a45f-d28c2a4ae77c,,2025-11-12T07:10:49.584Z,567.2198554803276,222.66697973534144,0,0,,,screenshots/screen_000003.png
69142eb4410888a7b66fa988,68e48f1a803e577b1177152e,6912a59f410888a7b66ed6cf,screenshot-e2c83a25-7d76-4944-a45f-d28c2a4ae77c,,2025-11-12T07:10:49.714Z,550.6363831868828,209.17549949469378,0,0,,,screenshots/screen_000003.png
69142eb4410888a7b66fa988,68e48f1a803e577b1177152e,6912a59f410888a7b66ed6cf,screenshot-e2c83a25-7d76-4944-a45f-d28c2a4ae77c,,2025-11-12T07:10:49.841Z,536.7437938934735,223.81042770065173,0,0,,,screenshots/screen_000003.png
69142eb4410888a7b66fa988,68e48f1a803e577b1177152e,6912a59f410888a7b66ed6cf,screenshot-e2c83a25-7d76-4944-a45f-d28c2a4ae77c,,2025-11-12T07:10:49.984Z,553.0678648825461,205.03774154484796,0,0,,,screenshots/screen_000003.png
69142eb4410888a7b66fa988,68e48f1a803e577b1177152e,6912a59f410888a7b66ed6cf,screenshot-e2c83a25-7d76-4944-a45f-d28c2a4ae77c,,2025-11-12T07:10:50.110Z,545.9464786224912,215.7559629110364,0,0,,,screenshots/screen_000003.png
69142eb4410888a7b66fa988,68e48f1a803e577b1177152e,6912a59f410888a7b66ed6cf,screenshot-e2c83a25-7d76-4944-a45f-d28c2a4ae77c,,2025-11-12T07:10:50.233Z,548.765690531582,207.99748399176718,0,0,,,screenshots/screen_000003.png
69142eb4410888a7b66fa988,68e48f1a803e577b1177152e,6912a59f410888a7b66ed6cf,screenshot-e2c83a25-7d76-4944-a45f-d28c2a4ae77c,,2025-11-12T07:10:50.343Z,576.4658858818042,190.97583315656073,0,0,,,screenshots/screen_000003.png
69142eb4410888a7b66fa988,68e48f1a803e577b1177152e,6912a59f410888a7b66ed6cf,screenshot-e2c83a25-7d76-4944-a45f-d28c2a4ae77c,,2025-11-12T07:10:50.445Z,568.7883487811866,229.16189670391907,0,0,,,screenshots/screen_000003.png
69142eb4410888a7b66fa988,68e48f1a803e577b1177152e,6912a59f410888a7b66ed6cf,screenshot-e2c83a25-7d76-4944-a45f-d28c2a4ae77c,,2025-11-12T07:10:50.559Z,569.6171713889391,256.8604814123863,0,0,,,screenshots/screen_000003.png
69142eb4410888a7b66fa988,68e48f1a803e577b1177152e,6912a59f410888a7b66ed6cf,screenshot-e2c83a25-7d76-4944-a45f-d28c2a4ae77c,,2025-11-12T07:10:50.676Z,608.2820650296729,259.66658694954145,0,0,,,screenshots/screen_000003.png
69142eb4410888a7b66fa988,68e48f1a803e577b1177152e,6912a59f410888a7b66ed6cf,screenshot-e2c83a25-7d76-4944-a45f-d28c2a4ae77c,,2025-11-12T07:10:50.785Z,746.1759741582619,290.5413847224999,0,0,,,screenshots/screen_000003.png
69142eb4410888a7b66fa988,68e48f1a803e577b1177152e,6912a59f410888a7b66ed6cf,screenshot-e2c83a25-7d76-4944-a45f-d28c2a4ae77c,,2025-11-12T07:10:50.905Z,834.0928387157198,338.46965677946093,0,0,,,screenshots/screen_000003.png
69142eb4410888a7b66fa988,68e48f1a803e577b1177152e,6912a59f410888a7b66ed6cf,screenshot-e2c83a25-7d76-4944-a45f-d28c2a4ae77c,,2025-11-12T07:10:51.036Z,815.05725438292,324.25529929063407,0,0,,,screenshots/screen_000003.png
69142eb4410888a7b66fa988,68e48f1a803e577b1177152e,6912a59f410888a7b66ed6cf,screenshot-e2c83a25-7d76-4944-a45f-d28c2a4ae77c,,2025-11-12T07:10:51.154Z,780.003514852921,307.0351659726185,0,0,,,screenshots/screen_000003.png
69142eb4410888a7b66fa988,68e48f1a803e577b1177152e,6912a59f410888a7b66ed6cf,screenshot-e2c83a25-7d76-4944-a45f-d28c2a4ae77c,,2025-11-12T07:10:51.279Z,768.9355303465852,300.0247156209082,0,0,,,screenshots/screen_000003.png
69142eb4410888a7b66fa988,68e48f1a803e577b1177152e,6912a59f410888a7b66ed6cf,screenshot-e2c83a25-7d76-4944-a45f-d28c2a4ae77c,,2025-11-12T07:10:51.419Z,761.5460488161768,300.5671896948346,0,0,,,screenshots/screen_000003.png
69142eb4410888a7b66fa988,68e48f1a803e577b1177152e,6912a59f410888a7b66ed6cf,screenshot-e2c83a25-7d76-4944-a45f-d28c2a4ae77c,,2025-11-12T07:10:51.556Z,742.3574491240203,296.74187478112003,0,0,,,screenshots/screen_000003.png
69142eb4410888a7b66fa988,68e48f1a803e577b1177152e,6912a59f410888a7b66ed6cf,screenshot-e2c83a25-7d76-4944-a45f-d28c2a4ae77c,,2025-11-12T07:10:51.690Z,740.4719742372531,268.31093128425886,0,0,,,screenshots/screen_000003.png
69142eb4410888a7b66fa988,68e48f1a803e577b1177152e,6912a59f410888a7b66ed6cf,screenshot-e2c83a25-7d76-4944-a45f-d28c2a4ae77c,,2025-11-12T07:10:51.820Z,680.5302539591244,247.60413845064383,0,0,,,screenshots/screen_000003.png
69142eb4410888a7b66fa988,68e48f1a803e577b1177152e,6912a59f410888a7b66ed6cf,screenshot-e2c83a25-7d76-4944-a45f-d28c2a4ae77c,,2025-11-12T07:10:51.948Z,690.9925031423847,217.7483846173648,0,0,,,screenshots/screen_000003.png
69142eb4410888a7b66fa988,68e48f1a803e577b1177152e,6912a59f410888a7b66ed6cf,screenshot-e2c83a25-7d76-4944-a45f-d28c2a4ae77c,,2025-11-12T07:10:52.092Z,683.8926320415025,252.91730743294784,0,0,,,screenshots/screen_000003.png
69142eb4410888a7b66fa988,68e48f1a803e577b1177152e,6912a59f410888a7b66ed6cf,screenshot-e2c83a25-7d76-4944-a45f-d28c2a4ae77c,,2025-11-12T07:10:52.226Z,632.5599716639234,264.2095426854455,0,0,,,screenshots/screen_000003.png
69142eb4410888a7b66fa988,68e48f1a803e577b1177152e,6912a59f410888a7b66ed6cf,screenshot-e2c83a25-7d76-4944-a45f-d28c2a4ae77c,,2025-11-12T07:10:52.354Z,710.429459196776,260.99737051332687,0,0,,,screenshots/screen_000003.png
69142eb4410888a7b66fa988,68e48f1a803e577b1177152e,6912a59f410888a7b66ed6cf,screenshot-e2c83a25-7d76-4944-a45f-d28c2a4ae77c,,2025-11-12T07:10:52.481Z,650.0475910200265,263.543476063654,0,0,,,screenshots/screen_000003.png
69142eb4410888a7b66fa988,68e48f1a803e577b1177152e,6912a59f410888a7b66ed6cf,screenshot-e2c83a25-7d76-4944-a45f-d28c2a4ae77c,,2025-11-12T07:10:52.616Z,611.4593393446629,293.8027219254476,0,0,,,screenshots/screen_000003.png
69142eb4410888a7b66fa988,68e48f1a803e577b1177152e,6912a59f410888a7b66ed6cf,screenshot-e2c83a25-7d76-4944-a45f-d28c2a4ae77c,,2025-11-12T07:10:52.751Z,531.4895148042208,310.9216281899956,0,0,,,screenshots/screen_000003.png
69142eb4410888a7b66fa988,68e48f1a803e577b1177152e,6912a59f410888a7b66ed6cf,screenshot-e2c83a25-7d76-4944-a45f-d28c2a4ae77c,,2025-11-12T07:10:52.890Z,510.32169313499514,289.6568956373787,0,0,,,screenshots/screen_000003.png
69142eb4410888a7b66fa988,68e48f1a803e577b1177152e,6912a59f410888a7b66ed6cf,screenshot-e2c83a25-7d76-4944-a45f-d28c2a4ae77c,,2025-11-12T07:10:53.023Z,529.8319121175251,306.9981615124279,0,0,,,screenshots/screen_000003.png
69142eb4410888a7b66fa988,68e48f1a803e577b1177152e,6912a59f410888a7b66ed6cf,screenshot-e2c83a25-7d76-4944-a45f-d28c2a4ae77c,,2025-11-12T07:10:53.141Z,517.1710088654827,325.169232477208,0,0,,,screenshots/screen_000003.png
69142eb4410888a7b66fa988,68e48f1a803e577b1177152e,6912a59f410888a7b66ed6cf,screenshot-e2c83a25-7d76-4944-a45f-d28c2a4ae77c,,2025-11-12T07:10:53.254Z,508.6575402378718,346.4048780243609,0,0,,,screenshots/screen_000003.png
69142eb4410888a7b66fa988,68e48f1a803e577b1177152e,6912a59f410888a7b66ed6cf,screenshot-e2c83a25-7d76-4944-a45f-d28c2a4ae77c,,2025-11-12T07:10:53.369Z,554.1359016483308,356.40280261474186,0,0,,,screenshots/screen_000003.png
69142eb4410888a7b66fa988,68e48f1a803e577b1177152e,6912a59f410888a7b66ed6cf,screenshot-e2c83a25-7d76-4944-a45f-d28c2a4ae77c,,2025-11-12T07:10:53.485Z,552.7498667594593,346.12917554286116,0,0,,,screenshots/screen_000003.png
69142eb4410888a7b66fa988,68e48f1a803e577b1177152e,6912a59f410888a7b66ed6cf,screenshot-e2c83a25-7d76-4944-a45f-d28c2a4ae77c,,2025-11-12T07:10:53.590Z,508.94797492724933,357.3372295298146,0,0,,,screenshots/screen_000003.png
69142eb4410888a7b66fa988,68e48f1a803e577b1177152e,6912a59f410888a7b66ed6cf,screenshot-e2c83a25-7d76-4944-a45f-d28c2a4ae77c,,2025-11-12T07:10:53.691Z,484.77583759681556,368.8102371272401,0,0,,,screenshots/screen_000003.png
69142eb4410888a7b66fa988,68e48f1a803e577b1177152e,6912a59f410888a7b66ed6cf,screenshot-e2c83a25-7d76-4944-a45f-d28c2a4ae77c,,2025-11-12T07:10:53.800Z,529.5163569477484,353.7243744758924,0,0,,,screenshots/screen_000003.png
69142eb4410888a7b66fa988,68e48f1a803e577b1177152e,6912a59f410888a7b66ed6cf,screenshot-e2c83a25-7d76-4944-a45f-d28c2a4ae77c,,2025-11-12T07:10:53.905Z,466.08872412179016,379.3202451388288,0,0,,,screenshots/screen_000003.png
69142eb4410888a7b66fa988,68e48f1a803e577b1177152e,6912a59f410888a7b66ed6cf,screenshot-e2c83a25-7d76-4944-a45f-d28c2a4ae77c,,2025-11-12T07:10:54.013Z,430.1355502649361,392.7701417642291,0,0,,,screenshots/screen_000003.png
69142eb4410888a7b66fa988,68e48f1a803e577b1177152e,6912a59f410888a7b66ed6cf,screenshot-e2c83a25-7d76-4944-a45f-d28c2a4ae77c,,2025-11-12T07:10:54.111Z,382.9516139834104,388.46431203091424,0,0,,,screenshots/screen_000003.png
69142eb4410888a7b66fa988,68e48f1a803e577b1177152e,6912a59f410888a7b66ed6cf,screenshot-e2c83a25-7d76-4944-a45f-d28c2a4ae77c,,2025-11-12T07:10:54.203Z,391.78154861803114,400.3686324462286,0,0,,,screenshots/screen_000003.png
69142eb4410888a7b66fa988,68e48f1a803e577b1177152e,6912a59f410888a7b66ed6cf,screenshot-e2c83a25-7d76-4944-a45f-d28c2a4ae77c,,2025-11-12T07:10:54.304Z,419.17397947221275,403.75709076776803,0,0,,,screenshots/screen_000003.png
69142eb4410888a7b66fa988,68e48f1a803e577b1177152e,6912a59f410888a7b66ed6cf,screenshot-e2c83a25-7d76-4944-a45f-d28c2a4ae77c,,2025-11-12T07:10:54.405Z,427.29249498472007,368.9289312501794,0,0,,,screenshots/screen_000003.png
69142eb4410888a7b66fa988,68e48f1a803e577b1177152e,6912a59f410888a7b66ed6cf,screenshot-e2c83a25-7d76-4944-a45f-d28c2a4ae77c,,2025-11-12T07:10:54.511Z,414.88122012168117,371.55948181763176,0,0,,,screenshots/screen_000003.png
69142eb4410888a7b66fa988,68e48f1a803e577b1177152e,6912a59f410888a7b66ed6cf,screenshot-e2c83a25-7d76-4944-a45f-d28c2a4ae77c,,2025-11-12T07:10:54.606Z,513.744991873243,355.4359545520329,0,0,,,screenshots/screen_000003.png
69142eb4410888a7b66fa988,68e48f1a803e577b1177152e,6912a59f410888a7b66ed6cf,screenshot-e2c83a25-7d76-4944-a45f-d28c2a4ae77c,,2025-11-12T07:10:54.710Z,553.9179914013866,353.9534830946928,0,0,,,screenshots/screen_000003.png
69142eb4410888a7b66fa988,68e48f1a803e577b1177152e,6912a59f410888a7b66ed6cf,screenshot-e2c83a25-7d76-4944-a45f-d28c2a4ae77c,,2025-11-12T07:10:54.814Z,548.1496554629157,353.42394341612305,0,0,,,screenshots/screen_000003.png
69142eb4410888a7b66fa988,68e48f1a803e577b1177152e,6912a59f410888a7b66ed6cf,screenshot-e2c83a25-7d76-4944-a45f-d28c2a4ae77c,,2025-11-12T07:10:54.944Z,603.5519952487674,366.2610517855798,0,0,,,screenshots/screen_000003.png
69142eb4410888a7b66fa988,68e48f1a803e577b1177152e,6912a59f410888a7b66ed6cf,screenshot-e2c83a25-7d76-4944-a45f-d28c2a4ae77c,,2025-11-12T07:10:55.046Z,676.7248074323631,350.1334150315408,0,0,,,screenshots/screen_000003.png
69142eb4410888a7b66fa988,68e48f1a803e577b1177152e,6912a59f410888a7b66ed6cf,screenshot-e2c83a25-7d76-4944-a45f-d28c2a4ae77c,,2025-11-12T07:10:55.181Z,666.3531768592019,329.55386906048653,0,0,,,screenshots/screen_000003.png
69142eb4410888a7b66fa988,68e48f1a803e577b1177152e,6912a59f410888a7b66ed6cf,screenshot-e2c83a25-7d76-4944-a45f-d28c2a4ae77c,,2025-11-12T07:10:55.306Z,660.960555163996,349.181084040951,0,0,,,screenshots/screen_000003.png
69142eb4410888a7b66fa988,68e48f1a803e577b1177152e,6912a59f410888a7b66ed6cf,screenshot-e2c83a25-7d76-4944-a45f-d28c2a4ae77c,,2025-11-12T07:10:55.426Z,654.3890207639531,332.3744160142789,0,0,,,screenshots/screen_000003.png
69142eb4410888a7b66fa988,68e48f1a803e577b1177152e,6912a59f410888a7b66ed6cf,screenshot-e2c83a25-7d76-4944-a45f-d28c2a4ae77c,,2025-11-12T07:10:55.551Z,615.3165833376925,336.5286470024711,0,0,,,screenshots/screen_000003.png
69142eb4410888a7b66fa988,68e48f1a803e577b1177152e,6912a59f410888a7b66ed6cf,screenshot-e2c83a25-7d76-4944-a45f-d28c2a4ae77c,,2025-11-12T07:10:55.654Z,573.8665463897936,342.0169441454364,0,0,,,screenshots/screen_000003.png
69142eb4410888a7b66fa988,68e48f1a803e577b1177152e,6912a59f410888a7b66ed6cf,screenshot-e2c83a25-7d76-4944-a45f-d28c2a4ae77c,,2025-11-12T07:10:55.787Z,595.3965073110398,327.8340375444,0,0,,,screenshots/screen_000003.png
69142eb4410888a7b66fa988,68e48f1a803e577b1177152e,6912a59f410888a7b66ed6cf,screenshot-e2c83a25-7d76-4944-a45f-d28c2a4ae77c,,2025-11-12T07:10:56.447Z,580.9536876633377,316.42677297463257,0,0,,,screenshots/screen_000003.png
69142eb4410888a7b66fa988,68e48f1a803e577b1177152e,6912a59f410888a7b66ed6cf,screenshot-e2c83a25-7d76-4944-a45f-d28c2a4ae77c,,2025-11-12T07:10:57.001Z,525.3244100368508,312.5728676457723,0,0,,,screenshots/screen_000003.png
69142eb4410888a7b66fa988,68e48f1a803e577b1177152e,6912a59f410888a7b66ed6cf,screenshot-e2c83a25-7d76-4944-a45f-d28c2a4ae77c,,2025-11-12T07:10:57.195Z,484.1581160482652,350.875246624512,0,0,,,screenshots/screen_000003.png
69142eb4410888a7b66fa988,68e48f1a803e577b1177152e,6912a59f410888a7b66ed6cf,screenshot-e2c83a25-7d76-4944-a45f-d28c2a4ae77c,,2025-11-12T07:10:57.416Z,489.1901125783249,343.6079404639643,0,0,,,screenshots/screen_000003.png
69142eb4410888a7b66fa988,68e48f1a803e577b1177152e,6912a59f410888a7b66ed6cf,screenshot-e2c83a25-7d76-4944-a45f-d28c2a4ae77c,,2025-11-12T07:10:57.544Z,415.47292108985084,334.5708567849098,0,0,,,screenshots/screen_000003.png
69142eb4410888a7b66fa988,68e48f1a803e577b1177152e,6912a59f410888a7b66ed6cf,screenshot-e2c83a25-7d76-4944-a45f-d28c2a4ae77c,,2025-11-12T07:10:57.673Z,404.0450256951619,350.099948718523,0,0,,,screenshots/screen_000003.png
69142eb4410888a7b66fa988,68e48f1a803e577b1177152e,6912a59f410888a7b66ed6cf,screenshot-e2c83a25-7d76-4944-a45f-d28c2a4ae77c,,2025-11-12T07:10:57.801Z,344.2915019305713,347.1567946279676,0,0,,,screenshots/screen_000003.png
69142eb4410888a7b66fa988,68e48f1a803e577b1177152e,6912a59f410888a7b66ed6cf,screenshot-e2c83a25-7d76-4944-a45f-d28c2a4ae77c,,2025-11-12T07:10:57.915Z,422.8463691669221,348.126665617808,0,0,,,screenshots/screen_000003.png
69142eb4410888a7b66fa988,68e48f1a803e577b1177152e,6912a59f410888a7b66ed6cf,screenshot-e2c83a25-7d76-4944-a45f-d28c2a4ae77c,,2025-11-12T07:10:58.026Z,477.8033001447741,344.12659935176345,0,0,,,screenshots/screen_000003.png
69142eb4410888a7b66fa988,68e48f1a803e577b1177152e,6912a59f410888a7b66ed6cf,screenshot-e2c83a25-7d76-4944-a45f-d28c2a4ae77c,,2025-11-12T07:10:58.133Z,590.7674836664116,329.6210620484716,0,0,,,screenshots/screen_000003.png
69142eb4410888a7b66fa988,68e48f1a803e577b1177152e,6912a59f410888a7b66ed6cf,screenshot-e2c83a25-7d76-4944-a45f-d28c2a4ae77c,,2025-11-12T07:10:58.248Z,671.5984074749618,322.7586850554907,0,0,,,screenshots/screen_000003.png
69142eb4410888a7b66fa988,68e48f1a803e577b1177152e,6912a59f410888a7b66ed6cf,screenshot-e2c83a25-7d76-4944-a45f-d28c2a4ae77c,,2025-11-12T07:10:58.361Z,749.8999729424588,316.1001663941299,0,0,,,screenshots/screen_000003.png
69142eb4410888a7b66fa988,68e48f1a803e577b1177152e,6912a59f410888a7b66ed6cf,screenshot-e2c83a25-7d76-4944-a45f-d28c2a4ae77c,,2025-11-12T07:10:58.472Z,800.1106842020895,400.5165965633604,0,0,,,screenshots/screen_000003.png
69142eb4410888a7b66fa988,68e48f1a803e577b1177152e,6912a59f410888a7b66ed6cf,screenshot-e2c83a25-7d76-4944-a45f-d28c2a4ae77c,,2025-11-12T07:10:58.584Z,797.304894038041,505.1016665850271,0,0,,,screenshots/screen_000003.png
69142eb4410888a7b66fa988,68e48f1a803e577b1177152e,6912a59f410888a7b66ed6cf,screenshot-e2c83a25-7d76-4944-a45f-d28c2a4ae77c,,2025-11-12T07:10:58.695Z,866.4213905467782,446.5870179464597,0,0,,,screenshots/screen_000003.png
69142eb4410888a7b66fa988,68e48f1a803e577b1177152e,6912a59f410888a7b66ed6cf,screenshot-e2c83a25-7d76-4944-a45f-d28c2a4ae77c,,2025-11-12T07:10:58.799Z,831.9397876818571,418.469947693726,0,0,,,screenshots/screen_000003.png
69142eb4410888a7b66fa988,68e48f1a803e577b1177152e,6912a59f410888a7b66ed6cf,screenshot-e2c83a25-7d76-4944-a45f-d28c2a4ae77c,,2025-11-12T07:10:58.904Z,796.1634968742662,401.36782872718675,0,0,,,screenshots/screen_000003.png
69142eb4410888a7b66fa988,68e48f1a803e577b1177152e,6912a59f410888a7b66ed6cf,screenshot-e2c83a25-7d76-4944-a45f-d28c2a4ae77c,,2025-11-12T07:10:59.006Z,811.0058095374139,361.0649405852923,0,0,,,screenshots/screen_000003.png
69142eb4410888a7b66fa988,68e48f1a803e577b1177152e,6912a59f410888a7b66ed6cf,screenshot-e2c83a25-7d76-4944-a45f-d28c2a4ae77c,,2025-11-12T07:10:59.102Z,785.123396110355,306.922336142086,0,0,,,screenshots/screen_000003.png
69142eb4410888a7b66fa988,68e48f1a803e577b1177152e,6912a59f410888a7b66ed6cf,screenshot-b8937e52-90f4-45a1-a2a2-81d826d3fca5,,2025-11-12T07:10:59.769Z,447.86633857280725,293.647196405897,0,0,,,screenshots/screen_000004.png
69142eb4410888a7b66fa988,68e48f1a803e577b1177152e,6912a59f410888a7b66ed6cf,screenshot-b8937e52-90f4-45a1-a2a2-81d826d3fca5,,2025-11-12T07:10:59.878Z,398.56854020187495,285.54998739746486,0,0,,,screenshots/screen_000004.png
69142eb4410888a7b66fa988,68e48f1a803e577b1177152e,6912a59f410888a7b66ed6cf,screenshot-b8937e52-90f4-45a1-a2a2-81d826d3fca5,,2025-11-12T07:10:59.998Z,356.1878476704422,265.5994657879379,0,0,,,screenshots/screen_000004.png
69142eb4410888a7b66fa988,68e48f1a803e577b1177152e,6912a59f410888a7b66ed6cf,screenshot-b8937e52-90f4-45a1-a2a2-81d826d3fca5,,2025-11-12T07:11:00.109Z,340.7150805102451,242.13126008574267,0,0,,,screenshots/screen_000004.png
69142eb4410888a7b66fa988,68e48f1a803e577b1177152e,6912a59f410888a7b66ed6cf,screenshot-b8937e52-90f4-45a1-a2a2-81d826d3fca5,,2025-11-12T07:11:00.241Z,361.1217166710201,207.77291142231363,0,0,,,screenshots/screen_000004.png
69142eb4410888a7b66fa988,68e48f1a803e577b1177152e,6912a59f410888a7b66ed6cf,screenshot-b8937e52-90f4-45a1-a2a2-81d826d3fca5,,2025-11-12T07:11:00.359Z,351.2677655253107,163.87457658693222,0,0,,,screenshots/screen_000004.png
69142eb4410888a7b66fa988,68e48f1a803e577b1177152e,6912a59f410888a7b66ed6cf,screenshot-b8937e52-90f4-45a1-a2a2-81d826d3fca5,,2025-11-12T07:11:00.479Z,293.8885604094864,150.20566368167684,0,0,,,screenshots/screen_000004.png
69142eb4410888a7b66fa988,68e48f1a803e577b1177152e,6912a59f410888a7b66ed6cf,screenshot-b8937e52-90f4-45a1-a2a2-81d826d3fca5,,2025-11-12T07:11:00.621Z,290.6340679182914,154.35002348656624,0,0,,,screenshots/screen_000004.png
69142eb4410888a7b66fa988,68e48f1a803e577b1177152e,6912a59f410888a7b66ed6cf,screenshot-b8937e52-90f4-45a1-a2a2-81d826d3fca5,,2025-11-12T07:11:00.759Z,237.1681034925111,174.85075827408343,0,0,,,screenshots/screen_000004.png
69142eb4410888a7b66fa988,68e48f1a803e577b1177152e,6912a59f410888a7b66ed6cf,screenshot-b8937e52-90f4-45a1-a2a2-81d826d3fca5,,2025-11-12T07:11:00.899Z,186.16695401085568,170.13804129659263,0,0,,,screenshots/screen_000004.png
69142eb4410888a7b66fa988,68e48f1a803e577b1177152e,6912a59f410888a7b66ed6cf,screenshot-b8937e52-90f4-45a1-a2a2-81d826d3fca5,,2025-11-12T07:11:01.036Z,174.68165297231522,200.97087423983533,0,0,,,screenshots/screen_000004.png
69142eb4410888a7b66fa988,68e48f1a803e577b1177152e,6912a59f410888a7b66ed6cf,screenshot-b8937e52-90f4-45a1-a2a2-81d826d3fca5,,2025-11-12T07:11:01.182Z,172.3207019498611,204.61863690489804,0,0,,,screenshots/screen_000004.png
69142eb4410888a7b66fa988,68e48f1a803e577b1177152e,6912a59f410888a7b66ed6cf,screenshot-b8937e52-90f4-45a1-a2a2-81d826d3fca5,,2025-11-12T07:11:01.312Z,233.91700240429134,208.56364971076263,0,0,,,screenshots/screen_000004.png
69142eb4410888a7b66fa988,68e48f1a803e577b1177152e,6912a59f410888a7b66ed6cf,screenshot-b8937e52-90f4-45a1-a2a2-81d826d3fca5,,2025-11-12T07:11:01.444Z,220.41412709272544,191.45118439406085,0,0,,,screenshots/screen_000004.png
69142eb4410888a7b66fa988,68e48f1a803e577b1177152e,6912a59f410888a7b66ed6cf,screenshot-b8937e52-90f4-45a1-a2a2-81d826d3fca5,,2025-11-12T07:11:01.567Z,276.4078918504674,202.9270446928574,0,0,,,screenshots/screen_000004.png
69142eb4410888a7b66fa988,68e48f1a803e577b1177152e,6912a59f410888a7b66ed6cf,screenshot-b8937e52-90f4-45a1-a2a2-81d826d3fca5,,2025-11-12T07:11:01.700Z,340.74225322313356,195.26945792000973,0,0,,,screenshots/screen_000004.png
69142eb4410888a7b66fa988,68e48f1a803e577b1177152e,6912a59f410888a7b66ed6cf,screenshot-b8937e52-90f4-45a1-a2a2-81d826d3fca5,,2025-11-12T07:11:01.824Z,494.7753039197527,174.49703110803807,0,0,,,screenshots/screen_000004.png
69142eb4410888a7b66fa988,68e48f1a803e577b1177152e,6912a59f410888a7b66ed6cf,screenshot-b8937e52-90f4-45a1-a2a2-81d826d3fca5,,2025-11-12T07:11:01.934Z,513.7803527426627,139.28327085115288,0,0,,,screenshots/screen_000004.png
69142eb4410888a7b66fa988,68e48f1a803e577b1177152e,6912a59f410888a7b66ed6cf,screenshot-b8937e52-90f4-45a1-a2a2-81d826d3fca5,,2025-11-12T07:11:02.055Z,588.2795288554657,181.61887840721505,0,0,,,screenshots/screen_000004.png
69142eb4410888a7b66fa988,68e48f1a803e577b1177152e,6912a59f410888a7b66ed6cf,screenshot-b8937e52-90f4-45a1-a2a2-81d826d3fca5,,2025-11-12T07:11:02.170Z,609.384668969423,186.74507006077212,0,0,,,screenshots/screen_000004.png
69142eb4410888a7b66fa988,68e48f1a803e577b1177152e,6912a59f410888a7b66ed6cf,screenshot-b8937e52-90f4-45a1-a2a2-81d826d3fca5,,2025-11-12T07:11:02.280Z,631.7010730657438,199.1445309122441,0,0,,,screenshots/screen_000004.png
69142eb4410888a7b66fa988,68e48f1a803e577b1177152e,6912a59f410888a7b66ed6cf,screenshot-b8937e52-90f4-45a1-a2a2-81d826d3fca5,,2025-11-12T07:11:02.389Z,682.776791498312,193.79411322483523,0,0,,,screenshots/screen_000004.png
69142eb4410888a7b66fa988,68e48f1a803e577b1177152e,6912a59f410888a7b66ed6cf,screenshot-b8937e52-90f4-45a1-a2a2-81d826d3fca5,,2025-11-12T07:11:02.493Z,740.6928107671578,218.15080604044977,0,0,,,screenshots/screen_000004.png
69142eb4410888a7b66fa988,68e48f1a803e577b1177152e,6912a59f410888a7b66ed6cf,screenshot-b8937e52-90f4-45a1-a2a2-81d826d3fca5,,2025-11-12T07:11:02.599Z,808.2857606801894,225.73546954090534,0,0,,,screenshots/screen_000004.png
69142eb4410888a7b66fa988,68e48f1a803e577b1177152e,6912a59f410888a7b66ed6cf,screenshot-b8937e52-90f4-45a1-a2a2-81d826d3fca5,,2025-11-12T07:11:02.702Z,803.6245352923938,247.96888289615424,0,0,,,screenshots/screen_000004.png
69142eb4410888a7b66fa988,68e48f1a803e577b1177152e,6912a59f410888a7b66ed6cf,screenshot-b8937e52-90f4-45a1-a2a2-81d826d3fca5,,2025-11-12T07:11:02.816Z,818.9661346877317,279.7141689385084,0,0,,,screenshots/screen_000004.png
69142eb4410888a7b66fa988,68e48f1a803e577b1177152e,6912a59f410888a7b66ed6cf,screenshot-b8937e52-90f4-45a1-a2a2-81d826d3fca5,,2025-11-12T07:11:02.913Z,777.5214725987008,301.1858205145571,0,0,,,screenshots/screen_000004.png
69142eb4410888a7b66fa988,68e48f1a803e577b1177152e,6912a59f410888a7b66ed6cf,screenshot-b8937e52-90f4-45a1-a2a2-81d826d3fca5,,2025-11-12T07:11:03.029Z,757.7656218410963,308.27380048362664,0,0,,,screenshots/screen_000004.png
69142eb4410888a7b66fa988,68e48f1a803e577b1177152e,6912a59f410888a7b66ed6cf,screenshot-b8937e52-90f4-45a1-a2a2-81d826d3fca5,,2025-11-12T07:11:03.141Z,732.3107967201589,321.5382911911725,0,0,,,screenshots/screen_000004.png
69142eb4410888a7b66fa988,68e48f1a803e577b1177152e,6912a59f410888a7b66ed6cf,screenshot-b8937e52-90f4-45a1-a2a2-81d826d3fca5,,2025-11-12T07:11:03.243Z,707.679031690028,313.9722733219975,0,0,,,screenshots/screen_000004.png
69142eb4410888a7b66fa988,68e48f1a803e577b1177152e,6912a59f410888a7b66ed6cf,screenshot-b8937e52-90f4-45a1-a2a2-81d826d3fca5,,2025-11-12T07:11:03.346Z,654.0727120932488,337.09147413440843,0,0,,,screenshots/screen_000004.png
69142eb4410888a7b66fa988,68e48f1a803e577b1177152e,6912a59f410888a7b66ed6cf,screenshot-b8937e52-90f4-45a1-a2a2-81d826d3fca5,,2025-11-12T07:11:03.443Z,642.8827341281152,361.7611816600134,0,0,,,screenshots/screen_000004.png
69142eb4410888a7b66fa988,68e48f1a803e577b1177152e,6912a59f410888a7b66ed6cf,screenshot-b8937e52-90f4-45a1-a2a2-81d826d3fca5,,2025-11-12T07:11:03.545Z,647.2607676967352,374.16136212854195,0,0,,,screenshots/screen_000004.png
69142eb4410888a7b66fa988,68e48f1a803e577b1177152e,6912a59f410888a7b66ed6cf,screenshot-b8937e52-90f4-45a1-a2a2-81d826d3fca5,,2025-11-12T07:11:03.644Z,582.2744727703998,395.7932953475389,0,0,,,screenshots/screen_000004.png
69142eb4410888a7b66fa988,68e48f1a803e577b1177152e,6912a59f410888a7b66ed6cf,screenshot-b8937e52-90f4-45a1-a2a2-81d826d3fca5,,2025-11-12T07:11:03.746Z,602.8858648834042,377.38989841043735,0,0,,,screenshots/screen_000004.png
69142eb4410888a7b66fa988,68e48f1a803e577b1177152e,6912a59f410888a7b66ed6cf,screenshot-b8937e52-90f4-45a1-a2a2-81d826d3fca5,,2025-11-12T07:11:03.843Z,633.9514432095568,354.645189501564,0,0,,,screenshots/screen_000004.png
69142eb4410888a7b66fa988,68e48f1a803e577b1177152e,6912a59f410888a7b66ed6cf,screenshot-b8937e52-90f4-45a1-a2a2-81d826d3fca5,,2025-11-12T07:11:03.945Z,598.7349307049753,352.8433871605027,0,0,,,screenshots/screen_000004.png
69142eb4410888a7b66fa988,68e48f1a803e577b1177152e,6912a59f410888a7b66ed6cf,screenshot-b8937e52-90f4-45a1-a2a2-81d826d3fca5,,2025-11-12T07:11:04.048Z,613.2918950544382,333.7937531006494,0,0,,,screenshots/screen_000004.png
69142eb4410888a7b66fa988,68e48f1a803e577b1177152e,6912a59f410888a7b66ed6cf,screenshot-b8937e52-90f4-45a1-a2a2-81d826d3fca5,,2025-11-12T07:11:04.144Z,641.4030176241441,323.7447196226204,0,0,,,screenshots/screen_000004.png
69142eb4410888a7b66fa988,68e48f1a803e577b1177152e,6912a59f410888a7b66ed6cf,screenshot-b8937e52-90f4-45a1-a2a2-81d826d3fca5,,2025-11-12T07:11:04.247Z,715.2136688889248,301.5767616370568,0,0,,,screenshots/screen_000004.png
69142eb4410888a7b66fa988,68e48f1a803e577b1177152e,6912a59f410888a7b66ed6cf,screenshot-b8937e52-90f4-45a1-a2a2-81d826d3fca5,,2025-11-12T07:11:04.344Z,724.73163151236,289.170591989633,0,0,,,screenshots/screen_000004.png
69142eb4410888a7b66fa988,68e48f1a803e577b1177152e,6912a59f410888a7b66ed6cf,screenshot-b8937e52-90f4-45a1-a2a2-81d826d3fca5,,2025-11-12T07:11:04.450Z,693.0179061820255,289.86353710660273,0,0,,,screenshots/screen_000004.png
69142eb4410888a7b66fa988,68e48f1a803e577b1177152e,6912a59f410888a7b66ed6cf,screenshot-b8937e52-90f4-45a1-a2a2-81d826d3fca5,,2025-11-12T07:11:04.548Z,740.66920709916,281.6717748058037,0,0,,,screenshots/screen_000004.png
69142eb4410888a7b66fa988,68e48f1a803e577b1177152e,6912a59f410888a7b66ed6cf,screenshot-b8937e52-90f4-45a1-a2a2-81d826d3fca5,,2025-11-12T07:11:04.651Z,705.5025101864013,284.1393889789075,0,0,,,screenshots/screen_000004.png
69142eb4410888a7b66fa988,68e48f1a803e577b1177152e,6912a59f410888a7b66ed6cf,screenshot-b8937e52-90f4-45a1-a2a2-81d826d3fca5,,2025-11-12T07:11:04.751Z,708.352435023646,253.32658414298393,0,0,,,screenshots/screen_000004.png
69142eb4410888a7b66fa988,68e48f1a803e577b1177152e,6912a59f410888a7b66ed6cf,screenshot-b8937e52-90f4-45a1-a2a2-81d826d3fca5,,2025-11-12T07:11:04.850Z,706.6197876064891,243.2964551837754,0,0,,,screenshots/screen_000004.png
69142eb4410888a7b66fa988,68e48f1a803e577b1177152e,6912a59f410888a7b66ed6cf,screenshot-b8937e52-90f4-45a1-a2a2-81d826d3fca5,,2025-11-12T07:11:04.950Z,708.6078204260426,232.27911665482395,0,0,,,screenshots/screen_000004.png
69142eb4410888a7b66fa988,68e48f1a803e577b1177152e,6912a59f410888a7b66ed6cf,screenshot-b8937e52-90f4-45a1-a2a2-81d826d3fca5,,2025-11-12T07:11:05.045Z,690.0413322246345,240.3455786701014,0,0,,,screenshots/screen_000004.png
69142eb4410888a7b66fa988,68e48f1a803e577b1177152e,6912a59f410888a7b66ed6cf,screenshot-b8937e52-90f4-45a1-a2a2-81d826d3fca5,,2025-11-12T07:11:05.150Z,646.4336408006591,228.0365969026827,0,0,,,screenshots/screen_000004.png
69142eb4410888a7b66fa988,68e48f1a803e577b1177152e,6912a59f410888a7b66ed6cf,screenshot-b8937e52-90f4-45a1-a2a2-81d826d3fca5,,2025-11-12T07:11:05.250Z,714.0773743362289,225.3405998191571,0,0,,,screenshots/screen_000004.png
69142eb4410888a7b66fa988,68e48f1a803e577b1177152e,6912a59f410888a7b66ed6cf,screenshot-b8937e52-90f4-45a1-a2a2-81d826d3fca5,,2025-11-12T07:11:05.351Z,793.7984392216526,243.74316028792057,0,0,,,screenshots/screen_000004.png
69142eb4410888a7b66fa988,68e48f1a803e577b1177152e,6912a59f410888a7b66ed6cf,screenshot-b8937e52-90f4-45a1-a2a2-81d826d3fca5,,2025-11-12T07:11:05.453Z,759.514766115643,250.95336505183442,0,0,,,screenshots/screen_000004.png
69142eb4410888a7b66fa988,68e48f1a803e577b1177152e,6912a59f410888a7b66ed6cf,screenshot-b8937e52-90f4-45a1-a2a2-81d826d3fca5,,2025-11-12T07:11:05.554Z,775.4443820858831,228.3364113724337,0,0,,,screenshots/screen_000004.png
69142eb4410888a7b66fa988,68e48f1a803e577b1177152e,6912a59f410888a7b66ed6cf,screenshot-b8937e52-90f4-45a1-a2a2-81d826d3fca5,,2025-11-12T07:11:05.657Z,772.8789810185691,256.35834641339557,0,0,,,screenshots/screen_000004.png
69142eb4410888a7b66fa988,68e48f1a803e577b1177152e,6912a59f410888a7b66ed6cf,screenshot-b8937e52-90f4-45a1-a2a2-81d826d3fca5,,2025-11-12T07:11:05.756Z,719.9142525940922,264.97466931717884,0,0,,,screenshots/screen_000004.png
69142eb4410888a7b66fa988,68e48f1a803e577b1177152e,6912a59f410888a7b66ed6cf,screenshot-b8937e52-90f4-45a1-a2a2-81d826d3fca5,,2025-11-12T07:11:05.856Z,748.8916730128724,285.8582169968285,0,0,,,screenshots/screen_000004.png
69142eb4410888a7b66fa988,68e48f1a803e577b1177152e,6912a59f410888a7b66ed6cf,screenshot-b8937e52-90f4-45a1-a2a2-81d826d3fca5,,2025-11-12T07:11:05.957Z,797.7765229133948,320.1722958994261,0,0,,,screenshots/screen_000004.png
69142eb4410888a7b66fa988,68e48f1a803e577b1177152e,6912a59f410888a7b66ed6cf,screenshot-b8937e52-90f4-45a1-a2a2-81d826d3fca5,,2025-11-12T07:11:06.057Z,812.5540892113794,285.2283086586194,0,0,,,screenshots/screen_000004.png
69142eb4410888a7b66fa988,68e48f1a803e577b1177152e,6912a59f410888a7b66ed6cf,screenshot-b8937e52-90f4-45a1-a2a2-81d826d3fca5,,2025-11-12T07:11:06.152Z,805.4143023562347,309.9925237347735,0,0,,,screenshots/screen_000004.png
69142eb4410888a7b66fa988,68e48f1a803e577b1177152e,6912a59f410888a7b66ed6cf,screenshot-b8937e52-90f4-45a1-a2a2-81d826d3fca5,,2025-11-12T07:11:06.265Z,709.9432884587009,279.47409468962866,0,0,,,screenshots/screen_000004.png
69142eb4410888a7b66fa988,68e48f1a803e577b1177152e,6912a59f410888a7b66ed6cf,screenshot-b8937e52-90f4-45a1-a2a2-81d826d3fca5,,2025-11-12T07:11:06.395Z,707.4537445548981,263.61254877945345,0,0,,,screenshots/screen_000004.png
69142eb4410888a7b66fa988,68e48f1a803e577b1177152e,6912a59f410888a7b66ed6cf,screenshot-b8937e52-90f4-45a1-a2a2-81d826d3fca5,,2025-11-12T07:11:06.506Z,711.6885511342024,239.62555714704664,0,0,,,screenshots/screen_000004.png
69142eb4410888a7b66fa988,68e48f1a803e577b1177152e,6912a59f410888a7b66ed6cf,screenshot-b8937e52-90f4-45a1-a2a2-81d826d3fca5,,2025-11-12T07:11:06.641Z,656.9057925653129,205.07921945315704,0,0,,,screenshots/screen_000004.png
69142eb4410888a7b66fa988,68e48f1a803e577b1177152e,6912a59f410888a7b66ed6cf,screenshot-b8937e52-90f4-45a1-a2a2-81d826d3fca5,,2025-11-12T07:11:06.750Z,716.6536972650114,192.28681950386638,0,0,,,screenshots/screen_000004.png
69142eb4410888a7b66fa988,68e48f1a803e577b1177152e,6912a59f410888a7b66ed6cf,screenshot-b8937e52-90f4-45a1-a2a2-81d826d3fca5,,2025-11-12T07:11:06.867Z,657.8908865716472,199.78804145421202,0,0,,,screenshots/screen_000004.png
69142eb4410888a7b66fa988,68e48f1a803e577b1177152e,6912a59f410888a7b66ed6cf,screenshot-b8937e52-90f4-45a1-a2a2-81d826d3fca5,,2025-11-12T07:11:06.971Z,601.064614440363,179.57305422682361,0,0,,,screenshots/screen_000004.png
69142eb4410888a7b66fa988,68e48f1a803e577b1177152e,6912a59f410888a7b66ed6cf,screenshot-b8937e52-90f4-45a1-a2a2-81d826d3fca5,,2025-11-12T07:11:07.079Z,642.3803057633578,157.48100606128813,0,0,,,screenshots/screen_000004.png
69142eb4410888a7b66fa988,68e48f1a803e577b1177152e,6912a59f410888a7b66ed6cf,screenshot-b8937e52-90f4-45a1-a2a2-81d826d3fca5,,2025-11-12T07:11:07.211Z,607.4718598589568,131.9130099912386,0,0,,,screenshots/screen_000004.png
69142eb4410888a7b66fa988,68e48f1a803e577b1177152e,6912a59f410888a7b66ed6cf,screenshot-b8937e52-90f4-45a1-a2a2-81d826d3fca5,,2025-11-12T07:11:07.339Z,617.7455574451689,169.5582254561756,0,0,,,screenshots/screen_000004.png
69142eb4410888a7b66fa988,68e48f1a803e577b1177152e,6912a59f410888a7b66ed6cf,screenshot-b8937e52-90f4-45a1-a2a2-81d826d3fca5,,2025-11-12T07:11:07.471Z,570.8206020050492,188.15698165282583,0,0,,,screenshots/screen_000004.png
69142eb4410888a7b66fa988,68e48f1a803e577b1177152e,6912a59f410888a7b66ed6cf,screenshot-b8937e52-90f4-45a1-a2a2-81d826d3fca5,,2025-11-12T07:11:07.604Z,538.748388641149,199.38189501634776,0,0,,,screenshots/screen_000004.png
69142eb4410888a7b66fa988,68e48f1a803e577b1177152e,6912a59f410888a7b66ed6cf,screenshot-b8937e52-90f4-45a1-a2a2-81d826d3fca5,,2025-11-12T07:11:07.739Z,498.7433097199011,267.5248789435945,0,0,,,screenshots/screen_000004.png
69142eb4410888a7b66fa988,68e48f1a803e577b1177152e,6912a59f410888a7b66ed6cf,screenshot-b8937e52-90f4-45a1-a2a2-81d826d3fca5,,2025-11-12T07:11:07.872Z,487.88210638976125,279.39760043236845,0,0,,,screenshots/screen_000004.png
69142eb4410888a7b66fa988,68e48f1a803e577b1177152e,6912a59f410888a7b66ed6cf,screenshot-b8937e52-90f4-45a1-a2a2-81d826d3fca5,,2025-11-12T07:11:08.009Z,444.33626721159345,294.3650331477222,0,0,,,screenshots/screen_000004.png
69142eb4410888a7b66fa988,68e48f1a803e577b1177152e,6912a59f410888a7b66ed6cf,screenshot-b8937e52-90f4-45a1-a2a2-81d826d3fca5,,2025-11-12T07:11:08.151Z,451.6170968036199,261.1606338023598,0,0,,,screenshots/screen_000004.png
69142eb4410888a7b66fa988,68e48f1a803e577b1177152e,6912a59f410888a7b66ed6cf,screenshot-b8937e52-90f4-45a1-a2a2-81d826d3fca5,,2025-11-12T07:11:08.279Z,436.03578260549267,228.28373715468408,0,0,,,screenshots/screen_000004.png
69142eb4410888a7b66fa988,68e48f1a803e577b1177152e,6912a59f410888a7b66ed6cf,screenshot-b8937e52-90f4-45a1-a2a2-81d826d3fca5,,2025-11-12T07:11:08.414Z,426.41851711226263,201.93266872099036,0,0,,,screenshots/screen_000004.png
69142eb4410888a7b66fa988,68e48f1a803e577b1177152e,6912a59f410888a7b66ed6cf,screenshot-b8937e52-90f4-45a1-a2a2-81d826d3fca5,,2025-11-12T07:11:08.548Z,428.1047489593799,192.75340232621355,0,0,,,screenshots/screen_000004.png
69142eb4410888a7b66fa988,68e48f1a803e577b1177152e,6912a59f410888a7b66ed6cf,screenshot-b8937e52-90f4-45a1-a2a2-81d826d3fca5,,2025-11-12T07:11:08.684Z,431.40642695869354,213.51549789267955,0,0,,,screenshots/screen_000004.png
69142eb4410888a7b66fa988,68e48f1a803e577b1177152e,6912a59f410888a7b66ed6cf,screenshot-b8937e52-90f4-45a1-a2a2-81d826d3fca5,,2025-11-12T07:11:08.817Z,466.9153380158288,188.8725283221295,0,0,,,screenshots/screen_000004.png
69142eb4410888a7b66fa988,68e48f1a803e577b1177152e,6912a59f410888a7b66ed6cf,screenshot-b8937e52-90f4-45a1-a2a2-81d826d3fca5,,2025-11-12T07:11:08.949Z,393.1515376467844,207.62886116218215,0,0,,,screenshots/screen_000004.png
69142eb4410888a7b66fa988,68e48f1a803e577b1177152e,6912a59f410888a7b66ed6cf,screenshot-b8937e52-90f4-45a1-a2a2-81d826d3fca5,,2025-11-12T07:11:09.080Z,406.03504422849227,213.93897117486944,0,0,,,screenshots/screen_000004.png
69142eb4410888a7b66fa988,68e48f1a803e577b1177152e,6912a59f410888a7b66ed6cf,screenshot-b8937e52-90f4-45a1-a2a2-81d826d3fca5,,2025-11-12T07:11:09.213Z,457.1103900351748,221.56572044935615,0,0,,,screenshots/screen_000004.png
69142eb4410888a7b66fa988,68e48f1a803e577b1177152e,6912a59f410888a7b66ed6cf,screenshot-b8937e52-90f4-45a1-a2a2-81d826d3fca5,,2025-11-12T07:11:09.344Z,443.344778168851,198.24867529378474,0,0,,,screenshots/screen_000004.png
69142eb4410888a7b66fa988,68e48f1a803e577b1177152e,6912a59f410888a7b66ed6cf,screenshot-b8937e52-90f4-45a1-a2a2-81d826d3fca5,,2025-11-12T07:11:09.465Z,493.02515300881674,224.1315302828291,0,0,,,screenshots/screen_000004.png
69142eb4410888a7b66fa988,68e48f1a803e577b1177152e,6912a59f410888a7b66ed6cf,screenshot-b8937e52-90f4-45a1-a2a2-81d826d3fca5,,2025-11-12T07:11:09.589Z,461.8003570237791,226.03057445772674,0,0,,,screenshots/screen_000004.png
69142eb4410888a7b66fa988,68e48f1a803e577b1177152e,6912a59f410888a7b66ed6cf,screenshot-b8937e52-90f4-45a1-a2a2-81d826d3fca5,,2025-11-12T07:11:09.728Z,453.81926806339266,217.52540473234043,0,0,,,screenshots/screen_000004.png
69142eb4410888a7b66fa988,68e48f1a803e577b1177152e,6912a59f410888a7b66ed6cf,screenshot-b8937e52-90f4-45a1-a2a2-81d826d3fca5,,2025-11-12T07:11:09.852Z,462.2820402843004,206.18981150889715,0,0,,,screenshots/screen_000004.png
69142eb4410888a7b66fa988,68e48f1a803e577b1177152e,6912a59f410888a7b66ed6cf,screenshot-b8937e52-90f4-45a1-a2a2-81d826d3fca5,,2025-11-12T07:11:09.995Z,471.23842603756043,214.60438135042807,0,0,,,screenshots/screen_000004.png
69142eb4410888a7b66fa988,68e48f1a803e577b1177152e,6912a59f410888a7b66ed6cf,screenshot-b8937e52-90f4-45a1-a2a2-81d826d3fca5,,2025-11-12T07:11:10.130Z,448.5114349114699,218.27787603768238,0,0,,,screenshots/screen_000004.png
69142eb4410888a7b66fa988,68e48f1a803e577b1177152e,6912a59f410888a7b66ed6cf,screenshot-b8937e52-90f4-45a1-a2a2-81d826d3fca5,,2025-11-12T07:11:10.262Z,463.60489285193734,216.44206999492636,0,0,,,screenshots/screen_000004.png
69142eb4410888a7b66fa988,68e48f1a803e577b1177152e,6912a59f410888a7b66ed6cf,screenshot-b8937e52-90f4-45a1-a2a2-81d826d3fca5,,2025-11-12T07:11:10.392Z,495.81171356436573,239.43370953399895,0,0,,,screenshots/screen_000004.png
69142eb4410888a7b66fa988,68e48f1a803e577b1177152e,6912a59f410888a7b66ed6cf,screenshot-b8937e52-90f4-45a1-a2a2-81d826d3fca5,,2025-11-12T07:11:10.524Z,496.7292405261207,238.29041097266273,0,0,,,screenshots/screen_000004.png
69142eb4410888a7b66fa988,68e48f1a803e577b1177152e,6912a59f410888a7b66ed6cf,screenshot-b8937e52-90f4-45a1-a2a2-81d826d3fca5,,2025-11-12T07:11:10.656Z,573.3658832970428,230.6381667454055,0,0,,,screenshots/screen_000004.png
69142eb4410888a7b66fa988,68e48f1a803e577b1177152e,6912a59f410888a7b66ed6cf,screenshot-b8937e52-90f4-45a1-a2a2-81d826d3fca5,,2025-11-12T07:11:10.787Z,611.0575469256113,234.02139204247976,0,0,,,screenshots/screen_000004.png
69142eb4410888a7b66fa988,68e48f1a803e577b1177152e,6912a59f410888a7b66ed6cf,screenshot-b8937e52-90f4-45a1-a2a2-81d826d3fca5,,2025-11-12T07:11:10.925Z,624.8901525815149,233.61537200087022,0,0,,,screenshots/screen_000004.png
69142eb4410888a7b66fa988,68e48f1a803e577b1177152e,6912a59f410888a7b66ed6cf,screenshot-b8937e52-90f4-45a1-a2a2-81d826d3fca5,,2025-11-12T07:11:11.065Z,660.4628065005788,207.70559655202635,0,0,,,screenshots/screen_000004.png
69142eb4410888a7b66fa988,68e48f1a803e577b1177152e,6912a59f410888a7b66ed6cf,screenshot-b8937e52-90f4-45a1-a2a2-81d826d3fca5,,2025-11-12T07:11:11.198Z,613.8347098387201,227.15150877328614,0,0,,,screenshots/screen_000004.png
69142eb4410888a7b66fa988,68e48f1a803e577b1177152e,6912a59f410888a7b66ed6cf,screenshot-b8937e52-90f4-45a1-a2a2-81d826d3fca5,,2025-11-12T07:11:11.325Z,627.6343873630544,225.67794965743693,0,0,,,screenshots/screen_000004.png
69142eb4410888a7b66fa988,68e48f1a803e577b1177152e,6912a59f410888a7b66ed6cf,screenshot-b8937e52-90f4-45a1-a2a2-81d826d3fca5,,2025-11-12T07:11:11.438Z,550.7768779493091,256.29565183347313,0,0,,,screenshots/screen_000004.png
69142eb4410888a7b66fa988,68e48f1a803e577b1177152e,6912a59f410888a7b66ed6cf,screenshot-b8937e52-90f4-45a1-a2a2-81d826d3fca5,,2025-11-12T07:11:11.558Z,480.28891139210106,287.0077096992369,0,0,,,screenshots/screen_000004.png
69142eb4410888a7b66fa988,68e48f1a803e577b1177152e,6912a59f410888a7b66ed6cf,screenshot-b8937e52-90f4-45a1-a2a2-81d826d3fca5,,2025-11-12T07:11:11.707Z,527.1511424562866,290.5895092570173,0,0,,,screenshots/screen_000004.png
69142eb4410888a7b66fa988,68e48f1a803e577b1177152e,6912a59f410888a7b66ed6cf,screenshot-b8937e52-90f4-45a1-a2a2-81d826d3fca5,,2025-11-12T07:11:11.824Z,494.5938239187744,293.9642596713137,0,0,,,screenshots/screen_000004.png
69142eb4410888a7b66fa988,68e48f1a803e577b1177152e,6912a59f410888a7b66ed6cf,screenshot-b8937e52-90f4-45a1-a2a2-81d826d3fca5,,2025-11-12T07:11:11.961Z,492.44952792127344,276.5741751667521,0,0,,,screenshots/screen_000004.png
69142eb4410888a7b66fa988,68e48f1a803e577b1177152e,6912a59f410888a7b66ed6cf,screenshot-b8937e52-90f4-45a1-a2a2-81d826d3fca5,,2025-11-12T07:11:12.083Z,493.61621160745494,287.1507304119795,0,0,,,screenshots/screen_000004.png
69142eb4410888a7b66fa988,68e48f1a803e577b1177152e,6912a59f410888a7b66ed6cf,screenshot-b8937e52-90f4-45a1-a2a2-81d826d3fca5,,2025-11-12T07:11:12.195Z,493.5722337348991,273.7607902616575,0,0,,,screenshots/screen_000004.png
69142eb4410888a7b66fa988,68e48f1a803e577b1177152e,6912a59f410888a7b66ed6cf,screenshot-b8937e52-90f4-45a1-a2a2-81d826d3fca5,,2025-11-12T07:11:12.311Z,522.457308994986,258.46109250028144,0,0,,,screenshots/screen_000004.png
69142eb4410888a7b66fa988,68e48f1a803e577b1177152e,6912a59f410888a7b66ed6cf,screenshot-b8937e52-90f4-45a1-a2a2-81d826d3fca5,,2025-11-12T07:11:12.419Z,581.3317762815958,229.2797458829831,0,0,,,screenshots/screen_000004.png
69142eb4410888a7b66fa988,68e48f1a803e577b1177152e,6912a59f410888a7b66ed6cf,screenshot-b8937e52-90f4-45a1-a2a2-81d826d3fca5,,2025-11-12T07:11:12.526Z,623.7731414574537,244.5983297638826,0,0,,,screenshots/screen_000004.png
69142eb4410888a7b66fa988,68e48f1a803e577b1177152e,6912a59f410888a7b66ed6cf,screenshot-b8937e52-90f4-45a1-a2a2-81d826d3fca5,,2025-11-12T07:11:12.634Z,653.3447399911603,233.0569102568811,0,0,,,screenshots/screen_000004.png
69142eb4410888a7b66fa988,68e48f1a803e577b1177152e,6912a59f410888a7b66ed6cf,screenshot-b8937e52-90f4-45a1-a2a2-81d826d3fca5,,2025-11-12T07:11:12.743Z,656.2304789135784,223.72555863672554,0,0,,,screenshots/screen_000004.png
69142eb4410888a7b66fa988,68e48f1a803e577b1177152e,6912a59f410888a7b66ed6cf,screenshot-b8937e52-90f4-45a1-a2a2-81d826d3fca5,,2025-11-12T07:11:12.855Z,693.2257225991468,190.78611416031066,0,0,,,screenshots/screen_000004.png
69142eb4410888a7b66fa988,68e48f1a803e577b1177152e,6912a59f410888a7b66ed6cf,screenshot-b8937e52-90f4-45a1-a2a2-81d826d3fca5,,2025-11-12T07:11:12.986Z,714.6906678432131,191.0089814064655,0,0,,,screenshots/screen_000004.png
69142eb4410888a7b66fa988,68e48f1a803e577b1177152e,6912a59f410888a7b66ed6cf,screenshot-b8937e52-90f4-45a1-a2a2-81d826d3fca5,,2025-11-12T07:11:13.084Z,722.0475619675663,181.43320911784883,0,0,,,screenshots/screen_000004.png
69142eb4410888a7b66fa988,68e48f1a803e577b1177152e,6912a59f410888a7b66ed6cf,screenshot-b8937e52-90f4-45a1-a2a2-81d826d3fca5,,2025-11-12T07:11:13.206Z,664.2192765544362,193.2147319692322,0,0,,,screenshots/screen_000004.png
69142eb4410888a7b66fa988,68e48f1a803e577b1177152e,6912a59f410888a7b66ed6cf,screenshot-b8937e52-90f4-45a1-a2a2-81d826d3fca5,,2025-11-12T07:11:13.314Z,697.2087014622782,214.0296423109138,0,0,,,screenshots/screen_000004.png
69142eb4410888a7b66fa988,68e48f1a803e577b1177152e,6912a59f410888a7b66ed6cf,screenshot-b8937e52-90f4-45a1-a2a2-81d826d3fca5,,2025-11-12T07:11:13.420Z,717.5804291023019,214.19003399070684,0,0,,,screenshots/screen_000004.png
69142eb4410888a7b66fa988,68e48f1a803e577b1177152e,6912a59f410888a7b66ed6cf,screenshot-b8937e52-90f4-45a1-a2a2-81d826d3fca5,,2025-11-12T07:11:13.519Z,748.7443711809932,239.80728115150123,0,0,,,screenshots/screen_000004.png
69142eb4410888a7b66fa988,68e48f1a803e577b1177152e,6912a59f410888a7b66ed6cf,screenshot-b8937e52-90f4-45a1-a2a2-81d826d3fca5,,2025-11-12T07:11:13.618Z,765.6062322109731,250.6678047463171,0,0,,,screenshots/screen_000004.png
69142eb4410888a7b66fa988,68e48f1a803e577b1177152e,6912a59f410888a7b66ed6cf,screenshot-b8937e52-90f4-45a1-a2a2-81d826d3fca5,,2025-11-12T07:11:13.716Z,784.6293721211513,243.56599254907738,0,0,,,screenshots/screen_000004.png
69142eb4410888a7b66fa988,68e48f1a803e577b1177152e,6912a59f410888a7b66ed6cf,screenshot-b8937e52-90f4-45a1-a2a2-81d826d3fca5,,2025-11-12T07:11:13.816Z,733.208874638267,242.00501889086274,0,0,,,screenshots/screen_000004.png
69142eb4410888a7b66fa988,68e48f1a803e577b1177152e,6912a59f410888a7b66ed6cf,screenshot-b8937e52-90f4-45a1-a2a2-81d826d3fca5,,2025-11-12T07:11:13.927Z,807.9195944796772,249.27549484737685,0,0,,,screenshots/screen_000004.png
69142eb4410888a7b66fa988,68e48f1a803e577b1177152e,6912a59f410888a7b66ed6cf,screenshot-b8937e52-90f4-45a1-a2a2-81d826d3fca5,,2025-11-12T07:11:14.042Z,850.6949098391962,272.5006209778995,0,0,,,screenshots/screen_000004.png
69142eb4410888a7b66fa988,68e48f1a803e577b1177152e,6912a59f410888a7b66ed6cf,screenshot-b8937e52-90f4-45a1-a2a2-81d826d3fca5,,2025-11-12T07:11:14.155Z,869.5954252271299,269.41752951322695,0,0,,,screenshots/screen_000004.png
69142eb4410888a7b66fa988,68e48f1a803e577b1177152e,6912a59f410888a7b66ed6cf,screenshot-b8937e52-90f4-45a1-a2a2-81d826d3fca5,,2025-11-12T07:11:14.254Z,868.5279026466419,269.27470271903627,0,0,,,screenshots/screen_000004.png
69142eb4410888a7b66fa988,68e48f1a803e577b1177152e,6912a59f410888a7b66ed6cf,screenshot-b8937e52-90f4-45a1-a2a2-81d826d3fca5,,2025-11-12T07:11:14.354Z,847.8844552862006,288.2726219409575,0,0,,,screenshots/screen_000004.png
69142eb4410888a7b66fa988,68e48f1a803e577b1177152e,6912a59f410888a7b66ed6cf,screenshot-b8937e52-90f4-45a1-a2a2-81d826d3fca5,,2025-11-12T07:11:14.454Z,911.7160447050629,285.6708562680668,0,0,,,screenshots/screen_000004.png
69142eb4410888a7b66fa988,68e48f1a803e577b1177152e,6912a59f410888a7b66ed6cf,screenshot-b8937e52-90f4-45a1-a2a2-81d826d3fca5,,2025-11-12T07:11:14.550Z,861.6376040851267,289.57714303197804,0,0,,,screenshots/screen_000004.png
69142eb4410888a7b66fa988,68e48f1a803e577b1177152e,6912a59f410888a7b66ed6cf,screenshot-b8937e52-90f4-45a1-a2a2-81d826d3fca5,,2025-11-12T07:11:14.654Z,796.2755047687288,305.4452333945558,0,0,,,screenshots/screen_000004.png
69142eb4410888a7b66fa988,68e48f1a803e577b1177152e,6912a59f410888a7b66ed6cf,screenshot-b8937e52-90f4-45a1-a2a2-81d826d3fca5,,2025-11-12T07:11:14.755Z,737.6719484941757,318.93429569085947,0,0,,,screenshots/screen_000004.png
69142eb4410888a7b66fa988,68e48f1a803e577b1177152e,6912a59f410888a7b66ed6cf,screenshot-b8937e52-90f4-45a1-a2a2-81d826d3fca5,,2025-11-12T07:11:14.855Z,690.774705509581,339.37206150924254,0,0,,,screenshots/screen_000004.png
69142eb4410888a7b66fa988,68e48f1a803e577b1177152e,6912a59f410888a7b66ed6cf,screenshot-b8937e52-90f4-45a1-a2a2-81d826d3fca5,,2025-11-12T07:11:14.958Z,617.0863372716792,362.45556907517187,0,0,,,screenshots/screen_000004.png
69142eb4410888a7b66fa988,68e48f1a803e577b1177152e,6912a59f410888a7b66ed6cf,screenshot-b8937e52-90f4-45a1-a2a2-81d826d3fca5,,2025-11-12T07:11:15.060Z,614.6647882550536,344.12172308607757,0,0,,,screenshots/screen_000004.png
69142eb4410888a7b66fa988,68e48f1a803e577b1177152e,6912a59f410888a7b66ed6cf,screenshot-b8937e52-90f4-45a1-a2a2-81d826d3fca5,,2025-11-12T07:11:15.157Z,651.8068136694359,320.44742421526684,0,0,,,screenshots/screen_000004.png
69142eb4410888a7b66fa988,68e48f1a803e577b1177152e,6912a59f410888a7b66ed6cf,screenshot-b8937e52-90f4-45a1-a2a2-81d826d3fca5,,2025-11-12T07:11:15.256Z,630.3285566593227,321.5281452075418,0,0,,,screenshots/screen_000004.png
69142eb4410888a7b66fa988,68e48f1a803e577b1177152e,6912a59f410888a7b66ed6cf,screenshot-b8937e52-90f4-45a1-a2a2-81d826d3fca5,,2025-11-12T07:11:15.357Z,660.8799962129642,309.8850376691314,0,0,,,screenshots/screen_000004.png
69142eb4410888a7b66fa988,68e48f1a803e577b1177152e,6912a59f410888a7b66ed6cf,screenshot-b8937e52-90f4-45a1-a2a2-81d826d3fca5,,2025-11-12T07:11:15.456Z,677.4413507609108,297.91601365458763,0,0,,,screenshots/screen_000004.png
69142eb4410888a7b66fa988,68e48f1a803e577b1177152e,6912a59f410888a7b66ed6cf,screenshot-b8937e52-90f4-45a1-a2a2-81d826d3fca5,,2025-11-12T07:11:15.553Z,669.8372546324123,283.02432171120506,0,0,,,screenshots/screen_000004.png
69142eb4410888a7b66fa988,68e48f1a803e577b1177152e,6912a59f410888a7b66ed6cf,screenshot-b8937e52-90f4-45a1-a2a2-81d826d3fca5,,2025-11-12T07:11:15.658Z,674.0011677113479,291.2391751259405,0,0,,,screenshots/screen_000004.png
69142eb4410888a7b66fa988,68e48f1a803e577b1177152e,6912a59f410888a7b66ed6cf,screenshot-b8937e52-90f4-45a1-a2a2-81d826d3fca5,,2025-11-12T07:11:15.759Z,638.7674581381568,302.8296586857435,0,0,,,screenshots/screen_000004.png
69142eb4410888a7b66fa988,68e48f1a803e577b1177152e,6912a59f410888a7b66ed6cf,screenshot-b8937e52-90f4-45a1-a2a2-81d826d3fca5,,2025-11-12T07:11:15.859Z,658.1007798750593,297.1958335844982,0,0,,,screenshots/screen_000004.png
69142eb4410888a7b66fa988,68e48f1a803e577b1177152e,6912a59f410888a7b66ed6cf,screenshot-b8937e52-90f4-45a1-a2a2-81d826d3fca5,,2025-11-12T07:11:15.963Z,637.9949430697475,277.7379544999425,0,0,,,screenshots/screen_000004.png
69142eb4410888a7b66fa988,68e48f1a803e577b1177152e,6912a59f410888a7b66ed6cf,screenshot-b8937e52-90f4-45a1-a2a2-81d826d3fca5,,2025-11-12T07:11:16.058Z,603.5310074831442,269.65778697275823,0,0,,,screenshots/screen_000004.png
69142eb4410888a7b66fa988,68e48f1a803e577b1177152e,6912a59f410888a7b66ed6cf,screenshot-b8937e52-90f4-45a1-a2a2-81d826d3fca5,,2025-11-12T07:11:16.157Z,617.8582616221081,279.4177839771369,0,0,,,screenshots/screen_000004.png
69142eb4410888a7b66fa988,68e48f1a803e577b1177152e,6912a59f410888a7b66ed6cf,screenshot-b8937e52-90f4-45a1-a2a2-81d826d3fca5,,2025-11-12T07:11:16.255Z,601.3788237520758,261.49600515698774,0,0,,,screenshots/screen_000004.png
69142eb4410888a7b66fa988,68e48f1a803e577b1177152e,6912a59f410888a7b66ed6cf,screenshot-b8937e52-90f4-45a1-a2a2-81d826d3fca5,,2025-11-12T07:11:16.357Z,595.4557196145862,264.56043391830195,0,0,,,screenshots/screen_000004.png
69142eb4410888a7b66fa988,68e48f1a803e577b1177152e,6912a59f410888a7b66ed6cf,screenshot-b8937e52-90f4-45a1-a2a2-81d826d3fca5,,2025-11-12T07:11:16.458Z,560.196771507282,289.3958361214237,0,0,,,screenshots/screen_000004.png
69142eb4410888a7b66fa988,68e48f1a803e577b1177152e,6912a59f410888a7b66ed6cf,screenshot-b8937e52-90f4-45a1-a2a2-81d826d3fca5,,2025-11-12T07:11:16.564Z,638.6760366770973,267.70126347896195,0,0,,,screenshots/screen_000004.png
69142eb4410888a7b66fa988,68e48f1a803e577b1177152e,6912a59f410888a7b66ed6cf,screenshot-b8937e52-90f4-45a1-a2a2-81d826d3fca5,,2025-11-12T07:11:16.656Z,662.2410239837927,252.03903711223168,0,0,,,screenshots/screen_000004.png
69142eb4410888a7b66fa988,68e48f1a803e577b1177152e,6912a59f410888a7b66ed6cf,screenshot-b8937e52-90f4-45a1-a2a2-81d826d3fca5,,2025-11-12T07:11:16.764Z,658.0073059918047,252.8795542983089,0,0,,,screenshots/screen_000004.png
69142eb4410888a7b66fa988,68e48f1a803e577b1177152e,6912a59f410888a7b66ed6cf,screenshot-b8937e52-90f4-45a1-a2a2-81d826d3fca5,,2025-11-12T07:11:16.863Z,696.7740484666509,263.78323719103963,0,0,,,screenshots/screen_000004.png
69142eb4410888a7b66fa988,68e48f1a803e577b1177152e,6912a59f410888a7b66ed6cf,screenshot-b8937e52-90f4-45a1-a2a2-81d826d3fca5,,2025-11-12T07:11:16.960Z,721.998815406829,252.00512291243132,0,0,,,screenshots/screen_000004.png
69142eb4410888a7b66fa988,68e48f1a803e577b1177152e,6912a59f410888a7b66ed6cf,screenshot-b8937e52-90f4-45a1-a2a2-81d826d3fca5,,2025-11-12T07:11:17.058Z,725.9560034620612,270.4265424797399,0,0,,,screenshots/screen_000004.png
69142eb4410888a7b66fa988,68e48f1a803e577b1177152e,6912a59f410888a7b66ed6cf,screenshot-b8937e52-90f4-45a1-a2a2-81d826d3fca5,,2025-11-12T07:11:17.163Z,763.9034604505705,283.02486848609703,0,0,,,screenshots/screen_000004.png
69142eb4410888a7b66fa988,68e48f1a803e577b1177152e,6912a59f410888a7b66ed6cf,screenshot-b8937e52-90f4-45a1-a2a2-81d826d3fca5,,2025-11-12T07:11:17.264Z,779.048970236664,267.5394120422708,0,0,,,screenshots/screen_000004.png
69142eb4410888a7b66fa988,68e48f1a803e577b1177152e,6912a59f410888a7b66ed6cf,screenshot-b8937e52-90f4-45a1-a2a2-81d826d3fca5,,2025-11-12T07:11:17.365Z,756.8068388590214,263.3039270691281,0,0,,,screenshots/screen_000004.png
69142eb4410888a7b66fa988,68e48f1a803e577b1177152e,6912a59f410888a7b66ed6cf,screenshot-b8937e52-90f4-45a1-a2a2-81d826d3fca5,,2025-11-12T07:11:17.465Z,795.6837642040565,284.6326156321964,0,0,,,screenshots/screen_000004.png
69142eb4410888a7b66fa988,68e48f1a803e577b1177152e,6912a59f410888a7b66ed6cf,screenshot-b8937e52-90f4-45a1-a2a2-81d826d3fca5,,2025-11-12T07:11:17.565Z,766.7450324319063,289.80415500341957,0,0,,,screenshots/screen_000004.png
69142eb4410888a7b66fa988,68e48f1a803e577b1177152e,6912a59f410888a7b66ed6cf,screenshot-b8937e52-90f4-45a1-a2a2-81d826d3fca5,,2025-11-12T07:11:17.664Z,749.7948730453976,274.84096249743084,0,0,,,screenshots/screen_000004.png
69142eb4410888a7b66fa988,68e48f1a803e577b1177152e,6912a59f410888a7b66ed6cf,screenshot-b8937e52-90f4-45a1-a2a2-81d826d3fca5,,2025-11-12T07:11:17.767Z,757.3642889843927,267.83838228790444,0,0,,,screenshots/screen_000004.png
69142eb4410888a7b66fa988,68e48f1a803e577b1177152e,6912a59f410888a7b66ed6cf,screenshot-b8937e52-90f4-45a1-a2a2-81d826d3fca5,,2025-11-12T07:11:17.868Z,745.3546242141763,276.27725796277014,0,0,,,screenshots/screen_000004.png
69142eb4410888a7b66fa988,68e48f1a803e577b1177152e,6912a59f410888a7b66ed6cf,screenshot-b8937e52-90f4-45a1-a2a2-81d826d3fca5,,2025-11-12T07:11:17.971Z,750.9176953223182,262.8901758881845,0,0,,,screenshots/screen_000004.png
69142eb4410888a7b66fa988,68e48f1a803e577b1177152e,6912a59f410888a7b66ed6cf,screenshot-b8937e52-90f4-45a1-a2a2-81d826d3fca5,,2025-11-12T07:11:18.074Z,715.9432966403294,258.5321174349161,0,0,,,screenshots/screen_000004.png
69142eb4410888a7b66fa988,68e48f1a803e577b1177152e,6912a59f410888a7b66ed6cf,screenshot-b8937e52-90f4-45a1-a2a2-81d826d3fca5,,2025-11-12T07:11:18.172Z,675.2325944158404,283.54433944348983,0,0,,,screenshots/screen_000004.png
69142eb4410888a7b66fa988,68e48f1a803e577b1177152e,6912a59f410888a7b66ed6cf,screenshot-b8937e52-90f4-45a1-a2a2-81d826d3fca5,,2025-11-12T07:11:18.267Z,690.2108234150669,263.1641550304092,0,0,,,screenshots/screen_000004.png
69142eb4410888a7b66fa988,68e48f1a803e577b1177152e,6912a59f410888a7b66ed6cf,screenshot-b8937e52-90f4-45a1-a2a2-81d826d3fca5,,2025-11-12T07:11:18.365Z,734.3158280275608,271.0020692037622,0,0,,,screenshots/screen_000004.png
69142eb4410888a7b66fa988,68e48f1a803e577b1177152e,6912a59f410888a7b66ed6cf,screenshot-b8937e52-90f4-45a1-a2a2-81d826d3fca5,,2025-11-12T07:11:18.469Z,758.0185692998929,278.34242937576795,0,0,,,screenshots/screen_000004.png
69142eb4410888a7b66fa988,68e48f1a803e577b1177152e,6912a59f410888a7b66ed6cf,screenshot-b8937e52-90f4-45a1-a2a2-81d826d3fca5,,2025-11-12T07:11:18.569Z,752.5471024910635,278.5606413691236,0,0,,,screenshots/screen_000004.png
69142eb4410888a7b66fa988,68e48f1a803e577b1177152e,6912a59f410888a7b66ed6cf,screenshot-b8937e52-90f4-45a1-a2a2-81d826d3fca5,,2025-11-12T07:11:18.672Z,800.689179052594,265.0104793044356,0,0,,,screenshots/screen_000004.png
69142eb4410888a7b66fa988,68e48f1a803e577b1177152e,6912a59f410888a7b66ed6cf,screenshot-b8937e52-90f4-45a1-a2a2-81d826d3fca5,,2025-11-12T07:11:18.770Z,806.6497840481534,270.91704688481167,0,0,,,screenshots/screen_000004.png
69142eb4410888a7b66fa988,68e48f1a803e577b1177152e,6912a59f410888a7b66ed6cf,screenshot-b8937e52-90f4-45a1-a2a2-81d826d3fca5,,2025-11-12T07:11:18.869Z,777.833182060984,306.69565747274544,0,0,,,screenshots/screen_000004.png
69142eb4410888a7b66fa988,68e48f1a803e577b1177152e,6912a59f410888a7b66ed6cf,screenshot-b8937e52-90f4-45a1-a2a2-81d826d3fca5,,2025-11-12T07:11:18.969Z,821.079291727326,277.1897216403216,0,0,,,screenshots/screen_000004.png
69142eb4410888a7b66fa988,68e48f1a803e577b1177152e,6912a59f410888a7b66ed6cf,screenshot-b8937e52-90f4-45a1-a2a2-81d826d3fca5,,2025-11-12T07:11:19.071Z,774.1738862805428,275.33179907478967,0,0,,,screenshots/screen_000004.png
69142eb4410888a7b66fa988,68e48f1a803e577b1177152e,6912a59f410888a7b66ed6cf,screenshot-b8937e52-90f4-45a1-a2a2-81d826d3fca5,,2025-11-12T07:11:19.169Z,774.0259810687674,254.11934332948672,0,0,,,screenshots/screen_000004.png
69142eb4410888a7b66fa988,68e48f1a803e577b1177152e,6912a59f410888a7b66ed6cf,screenshot-b8937e52-90f4-45a1-a2a2-81d826d3fca5,,2025-11-12T07:11:19.276Z,769.5696005563038,262.2883020080517,0,0,,,screenshots/screen_000004.png
69142eb4410888a7b66fa988,68e48f1a803e577b1177152e,6912a59f410888a7b66ed6cf,screenshot-b8937e52-90f4-45a1-a2a2-81d826d3fca5,,2025-11-12T07:11:19.367Z,785.5537093703554,259.1466409085359,0,0,,,screenshots/screen_000004.png
69142eb4410888a7b66fa988,68e48f1a803e577b1177152e,6912a59f410888a7b66ed6cf,screenshot-b8937e52-90f4-45a1-a2a2-81d826d3fca5,,2025-11-12T07:11:19.471Z,750.6965109798876,264.5146844103481,0,0,,,screenshots/screen_000004.png
69142eb4410888a7b66fa988,68e48f1a803e577b1177152e,6912a59f410888a7b66ed6cf,screenshot-b8937e52-90f4-45a1-a2a2-81d826d3fca5,,2025-11-12T07:11:19.570Z,712.6597468449706,279.2352739092289,0,0,,,screenshots/screen_000004.png
69142eb4410888a7b66fa988,68e48f1a803e577b1177152e,6912a59f410888a7b66ed6cf,screenshot-b8937e52-90f4-45a1-a2a2-81d826d3fca5,,2025-11-12T07:11:19.672Z,752.6427785123924,270.89951778618985,0,0,,,screenshots/screen_000004.png
69142eb4410888a7b66fa988,68e48f1a803e577b1177152e,6912a59f410888a7b66ed6cf,screenshot-b8937e52-90f4-45a1-a2a2-81d826d3fca5,,2025-11-12T07:11:19.805Z,667.694756982602,275.94084428743946,0,0,,,screenshots/screen_000004.png
69142eb4410888a7b66fa988,68e48f1a803e577b1177152e,6912a59f410888a7b66ed6cf,screenshot-b8937e52-90f4-45a1-a2a2-81d826d3fca5,,2025-11-12T07:11:19.913Z,665.7415866287537,278.38784717164447,0,0,,,screenshots/screen_000004.png
69142eb4410888a7b66fa988,68e48f1a803e577b1177152e,6912a59f410888a7b66ed6cf,screenshot-b8937e52-90f4-45a1-a2a2-81d826d3fca5,,2025-11-12T07:11:20.033Z,737.59252686902,233.78989030338187,0,0,,,screenshots/screen_000004.png
69142eb4410888a7b66fa988,68e48f1a803e577b1177152e,6912a59f410888a7b66ed6cf,screenshot-b8937e52-90f4-45a1-a2a2-81d826d3fca5,,2025-11-12T07:11:20.145Z,685.371585251561,256.74230023202057,0,0,,,screenshots/screen_000004.png
69142eb4410888a7b66fa988,68e48f1a803e577b1177152e,6912a59f410888a7b66ed6cf,screenshot-b8937e52-90f4-45a1-a2a2-81d826d3fca5,,2025-11-12T07:11:20.249Z,643.5154282163119,254.1377627021868,0,0,,,screenshots/screen_000004.png
69142eb4410888a7b66fa988,68e48f1a803e577b1177152e,6912a59f410888a7b66ed6cf,screenshot-b8937e52-90f4-45a1-a2a2-81d826d3fca5,,2025-11-12T07:11:20.349Z,630.2108504088792,274.33729047472315,0,0,,,screenshots/screen_000004.png
69142eb4410888a7b66fa988,68e48f1a803e577b1177152e,6912a59f410888a7b66ed6cf,screenshot-b8937e52-90f4-45a1-a2a2-81d826d3fca5,,2025-11-12T07:11:20.449Z,614.2811009270471,283.58044114055076,0,0,,,screenshots/screen_000004.png
69142eb4410888a7b66fa988,68e48f1a803e577b1177152e,6912a59f410888a7b66ed6cf,screenshot-b8937e52-90f4-45a1-a2a2-81d826d3fca5,,2025-11-12T07:11:20.548Z,612.6218062792349,300.67549393312527,0,0,,,screenshots/screen_000004.png
69142eb4410888a7b66fa988,68e48f1a803e577b1177152e,6912a59f410888a7b66ed6cf,screenshot-b8937e52-90f4-45a1-a2a2-81d826d3fca5,,2025-11-12T07:11:20.649Z,572.8976249393586,296.57365868111503,0,0,,,screenshots/screen_000004.png
69142eb4410888a7b66fa988,68e48f1a803e577b1177152e,6912a59f410888a7b66ed6cf,screenshot-b8937e52-90f4-45a1-a2a2-81d826d3fca5,,2025-11-12T07:11:21.300Z,532.5519162921361,318.96618688476366,0,0,,,screenshots/screen_000004.png
69142eb4410888a7b66fa988,68e48f1a803e577b1177152e,6912a59f410888a7b66ed6cf,screenshot-b8937e52-90f4-45a1-a2a2-81d826d3fca5,,2025-11-12T07:11:21.426Z,491.8956581140436,323.72839850569494,0,0,,,screenshots/screen_000004.png
69142eb4410888a7b66fa988,68e48f1a803e577b1177152e,6912a59f410888a7b66ed6cf,screenshot-ca9c7e54-3573-40c7-90f4-f53e3ad2eeb7,,2025-11-12T07:11:23.835Z,409.43208786073365,235.14506016438068,0,0,,,screenshots/screen_000005.png
69142eb4410888a7b66fa988,68e48f1a803e577b1177152e,6912a59f410888a7b66ed6cf,screenshot-ca9c7e54-3573-40c7-90f4-f53e3ad2eeb7,,2025-11-12T07:11:23.975Z,376.6500974766082,246.7740512576094,0,0,,,screenshots/screen_000005.png
69142eb4410888a7b66fa988,68e48f1a803e577b1177152e,6912a59f410888a7b66ed6cf,screenshot-ca9c7e54-3573-40c7-90f4-f53e3ad2eeb7,,2025-11-12T07:11:24.112Z,399.9868944810392,232.93021867315426,0,0,,,screenshots/screen_000005.png
69142eb4410888a7b66fa988,68e48f1a803e577b1177152e,6912a59f410888a7b66ed6cf,screenshot-ca9c7e54-3573-40c7-90f4-f53e3ad2eeb7,,2025-11-12T07:11:24.243Z,394.3093413522803,243.99229324634638,0,0,,,screenshots/screen_000005.png
69142eb4410888a7b66fa988,68e48f1a803e577b1177152e,6912a59f410888a7b66ed6cf,screenshot-ca9c7e54-3573-40c7-90f4-f53e3ad2eeb7,,2025-11-12T07:11:24.375Z,398.7663938209522,240.03179673786417,0,0,,,screenshots/screen_000005.png
69142eb4410888a7b66fa988,68e48f1a803e577b1177152e,6912a59f410888a7b66ed6cf,screenshot-ca9c7e54-3573-40c7-90f4-f53e3ad2eeb7,,2025-11-12T07:11:24.513Z,417.8961490820806,225.3924764466326,0,0,,,screenshots/screen_000005.png
69142eb4410888a7b66fa988,68e48f1a803e577b1177152e,6912a59f410888a7b66ed6cf,screenshot-ca9c7e54-3573-40c7-90f4-f53e3ad2eeb7,,2025-11-12T07:11:24.648Z,428.9446301683922,233.89795776600076,0,0,,,screenshots/screen_000005.png
69142eb4410888a7b66fa988,68e48f1a803e577b1177152e,6912a59f410888a7b66ed6cf,screenshot-ca9c7e54-3573-40c7-90f4-f53e3ad2eeb7,,2025-11-12T07:11:24.777Z,481.69958182750776,250.5068704695889,0,0,,,screenshots/screen_000005.png
69142eb4410888a7b66fa988,68e48f1a803e577b1177152e,6912a59f410888a7b66ed6cf,screenshot-ca9c7e54-3573-40c7-90f4-f53e3ad2eeb7,,2025-11-12T07:11:24.911Z,518.1734754381632,262.79508644958696,0,0,,,screenshots/screen_000005.png
69142eb4410888a7b66fa988,68e48f1a803e577b1177152e,6912a59f410888a7b66ed6cf,screenshot-ca9c7e54-3573-40c7-90f4-f53e3ad2eeb7,,2025-11-12T07:11:25.046Z,543.3557285963535,296.47682446888183,0,0,,,screenshots/screen_000005.png
69142eb4410888a7b66fa988,68e48f1a803e577b1177152e,6912a59f410888a7b66ed6cf,screenshot-ca9c7e54-3573-40c7-90f4-f53e3ad2eeb7,,2025-11-12T07:11:25.179Z,575.7641551736248,317.7850077645237,0,0,,,screenshots/screen_000005.png
69142eb4410888a7b66fa988,68e48f1a803e577b1177152e,6912a59f410888a7b66ed6cf,screenshot-ca9c7e54-3573-40c7-90f4-f53e3ad2eeb7,,2025-11-12T07:11:25.294Z,611.7698811040008,261.30326646223494,0,0,,,screenshots/screen_000005.png
69142eb4410888a7b66fa988,68e48f1a803e577b1177152e,6912a59f410888a7b66ed6cf,screenshot-ca9c7e54-3573-40c7-90f4-f53e3ad2eeb7,,2025-11-12T07:11:25.428Z,586.1653628814352,269.3164869449198,0,0,,,screenshots/screen_000005.png
69142eb4410888a7b66fa988,68e48f1a803e577b1177152e,6912a59f410888a7b66ed6cf,screenshot-ca9c7e54-3573-40c7-90f4-f53e3ad2eeb7,,2025-11-12T07:11:25.550Z,597.9202387078739,286.156328854764,0,0,,,screenshots/screen_000005.png
69142eb4410888a7b66fa988,68e48f1a803e577b1177152e,6912a59f410888a7b66ed6cf,screenshot-ca9c7e54-3573-40c7-90f4-f53e3ad2eeb7,,2025-11-12T07:11:25.688Z,596.9417618558465,282.0848206278478,0,0,,,screenshots/screen_000005.png
69142eb4410888a7b66fa988,68e48f1a803e577b1177152e,6912a59f410888a7b66ed6cf,screenshot-ca9c7e54-3573-40c7-90f4-f53e3ad2eeb7,,2025-11-12T07:11:25.816Z,545.3921495246473,285.08779485883554,0,0,,,screenshots/screen_000005.png
69142eb4410888a7b66fa988,68e48f1a803e577b1177152e,6912a59f410888a7b66ed6cf,screenshot-ca9c7e54-3573-40c7-90f4-f53e3ad2eeb7,,2025-11-12T07:11:25.954Z,473.6077080603202,279.04498489541237,0,0,,,screenshots/screen_000005.png
69142eb4410888a7b66fa988,68e48f1a803e577b1177152e,6912a59f410888a7b66ed6cf,screenshot-ca9c7e54-3573-40c7-90f4-f53e3ad2eeb7,,2025-11-12T07:11:26.090Z,414.4767967164531,261.36924705187755,0,0,,,screenshots/screen_000005.png
69142eb4410888a7b66fa988,68e48f1a803e577b1177152e,6912a59f410888a7b66ed6cf,screenshot-ca9c7e54-3573-40c7-90f4-f53e3ad2eeb7,,2025-11-12T07:11:26.224Z,400.5875281142405,284.1944897434637,0,0,,,screenshots/screen_000005.png
69142eb4410888a7b66fa988,68e48f1a803e577b1177152e,6912a59f410888a7b66ed6cf,screenshot-ca9c7e54-3573-40c7-90f4-f53e3ad2eeb7,,2025-11-12T07:11:26.353Z,372.8694632377447,259.5806111702919,0,0,,,screenshots/screen_000005.png
69142eb4410888a7b66fa988,68e48f1a803e577b1177152e,6912a59f410888a7b66ed6cf,screenshot-ca9c7e54-3573-40c7-90f4-f53e3ad2eeb7,,2025-11-12T07:11:26.479Z,350.8811322520903,248.39856880507693,0,0,,,screenshots/screen_000005.png
69142eb4410888a7b66fa988,68e48f1a803e577b1177152e,6912a59f410888a7b66ed6cf,screenshot-ca9c7e54-3573-40c7-90f4-f53e3ad2eeb7,,2025-11-12T07:11:26.595Z,345.4707120774964,236.51927028376994,0,0,,,screenshots/screen_000005.png
69142eb4410888a7b66fa988,68e48f1a803e577b1177152e,6912a59f410888a7b66ed6cf,screenshot-ca9c7e54-3573-40c7-90f4-f53e3ad2eeb7,,2025-11-12T07:11:26.732Z,297.94679951964565,256.1303162088457,0,0,,,screenshots/screen_000005.png
69142eb4410888a7b66fa988,68e48f1a803e577b1177152e,6912a59f410888a7b66ed6cf,screenshot-ca9c7e54-3573-40c7-90f4-f53e3ad2eeb7,,2025-11-12T07:11:26.858Z,334.26893370289497,243.2396199151943,0,0,,,screenshots/screen_000005.png
69142eb4410888a7b66fa988,68e48f1a803e577b1177152e,6912a59f410888a7b66ed6cf,screenshot-ca9c7e54-3573-40c7-90f4-f53e3ad2eeb7,,2025-11-12T07:11:26.990Z,280.37925655535224,244.70650896830495,0,0,,,screenshots/screen_000005.png
69142eb4410888a7b66fa988,68e48f1a803e577b1177152e,6912a59f410888a7b66ed6cf,screenshot-ca9c7e54-3573-40c7-90f4-f53e3ad2eeb7,,2025-11-12T07:11:27.124Z,295.91680318652476,239.7335440210141,0,0,,,screenshots/screen_000005.png
69142eb4410888a7b66fa988,68e48f1a803e577b1177152e,6912a59f410888a7b66ed6cf,screenshot-ca9c7e54-3573-40c7-90f4-f53e3ad2eeb7,,2025-11-12T07:11:27.250Z,304.95405084196955,261.9282755467457,0,0,,,screenshots/screen_000005.png
69142eb4410888a7b66fa988,68e48f1a803e577b1177152e,6912a59f410888a7b66ed6cf,screenshot-ca9c7e54-3573-40c7-90f4-f53e3ad2eeb7,,2025-11-12T07:11:27.395Z,342.692544630826,262.24692432650966,0,0,,,screenshots/screen_000005.png
69142eb4410888a7b66fa988,68e48f1a803e577b1177152e,6912a59f410888a7b66ed6cf,screenshot-ca9c7e54-3573-40c7-90f4-f53e3ad2eeb7,,2025-11-12T07:11:27.521Z,404.706460939192,257.9437716350768,0,0,,,screenshots/screen_000005.png
69142eb4410888a7b66fa988,68e48f1a803e577b1177152e,6912a59f410888a7b66ed6cf,screenshot-ca9c7e54-3573-40c7-90f4-f53e3ad2eeb7,,2025-11-12T07:11:27.659Z,354.63399080036527,261.5029382935687,0,0,,,screenshots/screen_000005.png
69142eb4410888a7b66fa988,68e48f1a803e577b1177152e,6912a59f410888a7b66ed6cf,screenshot-ca9c7e54-3573-40c7-90f4-f53e3ad2eeb7,,2025-11-12T07:11:27.799Z,368.6184567349417,275.2377609869064,0,0,,,screenshots/screen_000005.png
69142eb4410888a7b66fa988,68e48f1a803e577b1177152e,6912a59f410888a7b66ed6cf,screenshot-ca9c7e54-3573-40c7-90f4-f53e3ad2eeb7,,2025-11-12T07:11:27.920Z,373.6351886431416,276.62749261849467,0,0,,,screenshots/screen_000005.png
69142eb4410888a7b66fa988,68e48f1a803e577b1177152e,6912a59f410888a7b66ed6cf,screenshot-ca9c7e54-3573-40c7-90f4-f53e3ad2eeb7,,2025-11-12T07:11:28.059Z,370.500626056407,309.70207934352004,0,0,,,screenshots/screen_000005.png
69142eb4410888a7b66fa988,68e48f1a803e577b1177152e,6912a59f410888a7b66ed6cf,screenshot-ca9c7e54-3573-40c7-90f4-f53e3ad2eeb7,,2025-11-12T07:11:28.189Z,394.91057225954836,302.20736767394936,0,0,,,screenshots/screen_000005.png
69142eb4410888a7b66fa988,68e48f1a803e577b1177152e,6912a59f410888a7b66ed6cf,screenshot-ca9c7e54-3573-40c7-90f4-f53e3ad2eeb7,,2025-11-12T07:11:28.313Z,413.75867688368334,298.18175573446285,0,0,,,screenshots/screen_000005.png
69142eb4410888a7b66fa988,68e48f1a803e577b1177152e,6912a59f410888a7b66ed6cf,screenshot-ca9c7e54-3573-40c7-90f4-f53e3ad2eeb7,,2025-11-12T07:11:28.435Z,416.22193896378866,329.54478945094564,0,0,,,screenshots/screen_000005.png
69142eb4410888a7b66fa988,68e48f1a803e577b1177152e,6912a59f410888a7b66ed6cf,screenshot-ca9c7e54-3573-40c7-90f4-f53e3ad2eeb7,,2025-11-12T07:11:28.550Z,484.33598425781366,340.1051354795929,0,0,,,screenshots/screen_000005.png
69142eb4410888a7b66fa988,68e48f1a803e577b1177152e,6912a59f410888a7b66ed6cf,screenshot-ca9c7e54-3573-40c7-90f4-f53e3ad2eeb7,,2025-11-12T07:11:28.657Z,497.6148739617964,330.6787862623935,0,0,,,screenshots/screen_000005.png
69142eb4410888a7b66fa988,68e48f1a803e577b1177152e,6912a59f410888a7b66ed6cf,screenshot-ca9c7e54-3573-40c7-90f4-f53e3ad2eeb7,,2025-11-12T07:11:28.801Z,542.2671361806014,341.3801142060857,0,0,,,screenshots/screen_000005.png
69142eb4410888a7b66fa988,68e48f1a803e577b1177152e,6912a59f410888a7b66ed6cf,screenshot-ca9c7e54-3573-40c7-90f4-f53e3ad2eeb7,,2025-11-12T07:11:28.995Z,533.7961021145858,326.0429477602698,0,0,,,screenshots/screen_000005.png
69142eb4410888a7b66fa988,68e48f1a803e577b1177152e,6912a59f410888a7b66ed6cf,screenshot-ca9c7e54-3573-40c7-90f4-f53e3ad2eeb7,,2025-11-12T07:11:29.150Z,547.7128703730215,320.9375659133777,0,0,,,screenshots/screen_000005.png
69142eb4410888a7b66fa988,68e48f1a803e577b1177152e,6912a59f410888a7b66ed6cf,screenshot-ca9c7e54-3573-40c7-90f4-f53e3ad2eeb7,,2025-11-12T07:11:29.334Z,586.6300091245517,318.0913923806099,0,0,,,screenshots/screen_000005.png
69142eb4410888a7b66fa988,68e48f1a803e577b1177152e,6912a59f410888a7b66ed6cf,screenshot-ca9c7e54-3573-40c7-90f4-f53e3ad2eeb7,,2025-11-12T07:11:29.484Z,607.5625368357747,332.7452293127818,0,0,,,screenshots/screen_000005.png
69142eb4410888a7b66fa988,68e48f1a803e577b1177152e,6912a59f410888a7b66ed6cf,screenshot-ca9c7e54-3573-40c7-90f4-f53e3ad2eeb7,,2025-11-12T07:11:29.625Z,593.6965164733232,311.57894423841367,0,0,,,screenshots/screen_000005.png
69142eb4410888a7b66fa988,68e48f1a803e577b1177152e,6912a59f410888a7b66ed6cf,screenshot-ca9c7e54-3573-40c7-90f4-f53e3ad2eeb7,,2025-11-12T07:11:29.760Z,610.40773116744,285.3826355960825,0,0,,,screenshots/screen_000005.png
69142eb4410888a7b66fa988,68e48f1a803e577b1177152e,6912a59f410888a7b66ed6cf,screenshot-ca9c7e54-3573-40c7-90f4-f53e3ad2eeb7,,2025-11-12T07:11:29.857Z,602.1079687987756,312.64013459692296,0,0,,,screenshots/screen_000005.png
69142eb4410888a7b66fa988,68e48f1a803e577b1177152e,6912a59f410888a7b66ed6cf,screenshot-ca9c7e54-3573-40c7-90f4-f53e3ad2eeb7,,2025-11-12T07:11:29.955Z,568.0522003064668,339.18423820875233,0,0,,,screenshots/screen_000005.png
69142eb4410888a7b66fa988,68e48f1a803e577b1177152e,6912a59f410888a7b66ed6cf,screenshot-ca9c7e54-3573-40c7-90f4-f53e3ad2eeb7,,2025-11-12T07:11:30.060Z,509.60777818404773,319.3069207707763,0,0,,,screenshots/screen_000005.png
69142eb4410888a7b66fa988,68e48f1a803e577b1177152e,6912a59f410888a7b66ed6cf,screenshot-ca9c7e54-3573-40c7-90f4-f53e3ad2eeb7,,2025-11-12T07:11:30.160Z,523.8449745695079,329.1443489754213,0,0,,,screenshots/screen_000005.png
69142eb4410888a7b66fa988,68e48f1a803e577b1177152e,6912a59f410888a7b66ed6cf,screenshot-ca9c7e54-3573-40c7-90f4-f53e3ad2eeb7,,2025-11-12T07:11:30.274Z,524.7642026430915,313.8764245924293,0,0,,,screenshots/screen_000005.png
69142eb4410888a7b66fa988,68e48f1a803e577b1177152e,6912a59f410888a7b66ed6cf,screenshot-ca9c7e54-3573-40c7-90f4-f53e3ad2eeb7,,2025-11-12T07:11:30.384Z,506.4411314412856,303.5463792154,0,0,,,screenshots/screen_000005.png
69142eb4410888a7b66fa988,68e48f1a803e577b1177152e,6912a59f410888a7b66ed6cf,screenshot-ca9c7e54-3573-40c7-90f4-f53e3ad2eeb7,,2025-11-12T07:11:30.485Z,512.7963753399795,317.07497603850464,0,0,,,screenshots/screen_000005.png
69142eb4410888a7b66fa988,68e48f1a803e577b1177152e,6912a59f410888a7b66ed6cf,screenshot-ca9c7e54-3573-40c7-90f4-f53e3ad2eeb7,,2025-11-12T07:11:30.596Z,522.087795607547,313.62353839247703,0,0,,,screenshots/screen_000005.png
69142eb4410888a7b66fa988,68e48f1a803e577b1177152e,6912a59f410888a7b66ed6cf,screenshot-ca9c7e54-3573-40c7-90f4-f53e3ad2eeb7,,2025-11-12T07:11:30.702Z,543.3777791259529,294.16562123382755,0,0,,,screenshots/screen_000005.png
69142eb4410888a7b66fa988,68e48f1a803e577b1177152e,6912a59f410888a7b66ed6cf,screenshot-ca9c7e54-3573-40c7-90f4-f53e3ad2eeb7,,2025-11-12T07:11:30.817Z,507.66188335818276,314.5570261115006,0,0,,,screenshots/screen_000005.png
69142eb4410888a7b66fa988,68e48f1a803e577b1177152e,6912a59f410888a7b66ed6cf,screenshot-ca9c7e54-3573-40c7-90f4-f53e3ad2eeb7,,2025-11-12T07:11:30.922Z,502.4142578006728,320.99057453726545,0,0,,,screenshots/screen_000005.png
69142eb4410888a7b66fa988,68e48f1a803e577b1177152e,6912a59f410888a7b66ed6cf,screenshot-ca9c7e54-3573-40c7-90f4-f53e3ad2eeb7,,2025-11-12T07:11:31.083Z,523.4512297026731,317.5157325417088,0,0,,,screenshots/screen_000005.png
69142eb4410888a7b66fa988,68e48f1a803e577b1177152e,6912a59f410888a7b66ed6cf,screenshot-ca9c7e54-3573-40c7-90f4-f53e3ad2eeb7,,2025-11-12T07:11:31.233Z,542.5238929286749,300.28144760201064,0,0,,,screenshots/screen_000005.png
69142eb4410888a7b66fa988,68e48f1a803e577b1177152e,6912a59f410888a7b66ed6cf,screenshot-ca9c7e54-3573-40c7-90f4-f53e3ad2eeb7,,2025-11-12T07:11:31.387Z,512.136858741085,307.2883093706024,0,0,,,screenshots/screen_000005.png
69142eb4410888a7b66fa988,68e48f1a803e577b1177152e,6912a59f410888a7b66ed6cf,screenshot-ca9c7e54-3573-40c7-90f4-f53e3ad2eeb7,,2025-11-12T07:11:31.533Z,533.0827272037991,289.6632205966226,0,0,,,screenshots/screen_000005.png
69142eb4410888a7b66fa988,68e48f1a803e577b1177152e,6912a59f410888a7b66ed6cf,screenshot-ca9c7e54-3573-40c7-90f4-f53e3ad2eeb7,,2025-11-12T07:11:31.683Z,566.8229777896637,284.9693670689291,0,0,,,screenshots/screen_000005.png
69142eb4410888a7b66fa988,68e48f1a803e577b1177152e,6912a59f410888a7b66ed6cf,screenshot-ca9c7e54-3573-40c7-90f4-f53e3ad2eeb7,,2025-11-12T07:11:31.805Z,583.3067372988562,299.92927855687947,0,0,,,screenshots/screen_000005.png
69142eb4410888a7b66fa988,68e48f1a803e577b1177152e,6912a59f410888a7b66ed6cf,screenshot-ca9c7e54-3573-40c7-90f4-f53e3ad2eeb7,,2025-11-12T07:11:31.902Z,576.1988047318263,304.66227098424355,0,0,,,screenshots/screen_000005.png
69142eb4410888a7b66fa988,68e48f1a803e577b1177152e,6912a59f410888a7b66ed6cf,screenshot-ca9c7e54-3573-40c7-90f4-f53e3ad2eeb7,,2025-11-12T07:11:32.001Z,584.4588646238402,293.0608108851507,0,0,,,screenshots/screen_000005.png
69142eb4410888a7b66fa988,68e48f1a803e577b1177152e,6912a59f410888a7b66ed6cf,screenshot-ca9c7e54-3573-40c7-90f4-f53e3ad2eeb7,,2025-11-12T07:11:32.113Z,546.6241571624953,288.1582549585247,0,0,,,screenshots/screen_000005.png
69142eb4410888a7b66fa988,68e48f1a803e577b1177152e,6912a59f410888a7b66ed6cf,screenshot-ca9c7e54-3573-40c7-90f4-f53e3ad2eeb7,,2025-11-12T07:11:32.223Z,498.3503051669926,276.8475154361155,0,0,,,screenshots/screen_000005.png
69142eb4410888a7b66fa988,68e48f1a803e577b1177152e,6912a59f410888a7b66ed6cf,screenshot-ca9c7e54-3573-40c7-90f4-f53e3ad2eeb7,,2025-11-12T07:11:32.317Z,533.5486560255575,302.80574596296464,0,0,,,screenshots/screen_000005.png
69142eb4410888a7b66fa988,68e48f1a803e577b1177152e,6912a59f410888a7b66ed6cf,screenshot-ca9c7e54-3573-40c7-90f4-f53e3ad2eeb7,,2025-11-12T07:11:32.418Z,526.397843216944,311.91923058682846,0,0,,,screenshots/screen_000005.png
69142eb4410888a7b66fa988,68e48f1a803e577b1177152e,6912a59f410888a7b66ed6cf,screenshot-ca9c7e54-3573-40c7-90f4-f53e3ad2eeb7,,2025-11-12T07:11:32.620Z,515.495884774726,298.88585122857205,0,0,,,screenshots/screen_000005.png
69142eb4410888a7b66fa988,68e48f1a803e577b1177152e,6912a59f410888a7b66ed6cf,screenshot-ca9c7e54-3573-40c7-90f4-f53e3ad2eeb7,,2025-11-12T07:11:32.751Z,438.6892538222749,284.94668168644176,0,0,,,screenshots/screen_000005.png
69142eb4410888a7b66fa988,68e48f1a803e577b1177152e,6912a59f410888a7b66ed6cf,screenshot-ca9c7e54-3573-40c7-90f4-f53e3ad2eeb7,,2025-11-12T07:11:32.875Z,420.6422179701339,271.8035455937708,0,0,,,screenshots/screen_000005.png
69142eb4410888a7b66fa988,68e48f1a803e577b1177152e,6912a59f410888a7b66ed6cf,screenshot-ca9c7e54-3573-40c7-90f4-f53e3ad2eeb7,,2025-11-12T07:11:33.004Z,398.8228962619148,283.9113992261355,0,0,,,screenshots/screen_000005.png
69142eb4410888a7b66fa988,68e48f1a803e577b1177152e,6912a59f410888a7b66ed6cf,screenshot-ca9c7e54-3573-40c7-90f4-f53e3ad2eeb7,,2025-11-12T07:11:33.138Z,345.06482550616045,258.25733795044,0,0,,,screenshots/screen_000005.png
69142eb4410888a7b66fa988,68e48f1a803e577b1177152e,6912a59f410888a7b66ed6cf,screenshot-ca9c7e54-3573-40c7-90f4-f53e3ad2eeb7,,2025-11-12T07:11:33.272Z,338.5998529872317,259.38256439730753,0,0,,,screenshots/screen_000005.png
69142eb4410888a7b66fa988,68e48f1a803e577b1177152e,6912a59f410888a7b66ed6cf,screenshot-ca9c7e54-3573-40c7-90f4-f53e3ad2eeb7,,2025-11-12T07:11:33.398Z,303.61639632618113,243.11412666729106,0,0,,,screenshots/screen_000005.png
69142eb4410888a7b66fa988,68e48f1a803e577b1177152e,6912a59f410888a7b66ed6cf,screenshot-ca9c7e54-3573-40c7-90f4-f53e3ad2eeb7,,2025-11-12T07:11:33.517Z,351.43759510118747,243.88474421301845,0,0,,,screenshots/screen_000005.png
69142eb4410888a7b66fa988,68e48f1a803e577b1177152e,6912a59f410888a7b66ed6cf,screenshot-ca9c7e54-3573-40c7-90f4-f53e3ad2eeb7,,2025-11-12T07:11:33.651Z,343.49646993617125,258.5593197404871,0,0,,,screenshots/screen_000005.png
69142eb4410888a7b66fa988,68e48f1a803e577b1177152e,6912a59f410888a7b66ed6cf,screenshot-ca9c7e54-3573-40c7-90f4-f53e3ad2eeb7,,2025-11-12T07:11:33.781Z,347.43255550326734,248.0350842204731,0,0,,,screenshots/screen_000005.png
69142eb4410888a7b66fa988,68e48f1a803e577b1177152e,6912a59f410888a7b66ed6cf,screenshot-ca9c7e54-3573-40c7-90f4-f53e3ad2eeb7,,2025-11-12T07:11:33.912Z,373.1857592625445,250.3052420790863,0,0,,,screenshots/screen_000005.png
69142eb4410888a7b66fa988,68e48f1a803e577b1177152e,6912a59f410888a7b66ed6cf,screenshot-ca9c7e54-3573-40c7-90f4-f53e3ad2eeb7,,2025-11-12T07:11:34.046Z,345.5225258270308,219.6257405613381,0,0,,,screenshots/screen_000005.png
69142eb4410888a7b66fa988,68e48f1a803e577b1177152e,6912a59f410888a7b66ed6cf,screenshot-ca9c7e54-3573-40c7-90f4-f53e3ad2eeb7,,2025-11-12T07:11:34.171Z,364.52168103013867,224.18031783774126,0,0,,,screenshots/screen_000005.png
69142eb4410888a7b66fa988,68e48f1a803e577b1177152e,6912a59f410888a7b66ed6cf,screenshot-ca9c7e54-3573-40c7-90f4-f53e3ad2eeb7,,2025-11-12T07:11:34.288Z,376.2259104318432,240.84337620509086,0,0,,,screenshots/screen_000005.png
69142eb4410888a7b66fa988,68e48f1a803e577b1177152e,6912a59f410888a7b66ed6cf,screenshot-ca9c7e54-3573-40c7-90f4-f53e3ad2eeb7,,2025-11-12T07:11:34.407Z,419.7617362231937,203.22381635280223,0,0,,,screenshots/screen_000005.png
69142eb4410888a7b66fa988,68e48f1a803e577b1177152e,6912a59f410888a7b66ed6cf,screenshot-ca9c7e54-3573-40c7-90f4-f53e3ad2eeb7,,2025-11-12T07:11:34.548Z,440.90137075927817,192.11485131481487,0,0,,,screenshots/screen_000005.png
69142eb4410888a7b66fa988,68e48f1a803e577b1177152e,6912a59f410888a7b66ed6cf,screenshot-ca9c7e54-3573-40c7-90f4-f53e3ad2eeb7,,2025-11-12T07:11:34.685Z,462.6656923181323,175.3593584917054,0,0,,,screenshots/screen_000005.png
69142eb4410888a7b66fa988,68e48f1a803e577b1177152e,6912a59f410888a7b66ed6cf,screenshot-ca9c7e54-3573-40c7-90f4-f53e3ad2eeb7,,2025-11-12T07:11:34.814Z,480.2530284816643,185.539528471783,0,0,,,screenshots/screen_000005.png
69142eb4410888a7b66fa988,68e48f1a803e577b1177152e,6912a59f410888a7b66ed6cf,screenshot-ca9c7e54-3573-40c7-90f4-f53e3ad2eeb7,,2025-11-12T07:11:34.953Z,507.1458862270431,196.78408305127346,0,0,,,screenshots/screen_000005.png
69142eb4410888a7b66fa988,68e48f1a803e577b1177152e,6912a59f410888a7b66ed6cf,screenshot-ca9c7e54-3573-40c7-90f4-f53e3ad2eeb7,,2025-11-12T07:11:35.086Z,490.5261904302674,222.2163615198168,0,0,,,screenshots/screen_000005.png
69142eb4410888a7b66fa988,68e48f1a803e577b1177152e,6912a59f410888a7b66ed6cf,screenshot-ca9c7e54-3573-40c7-90f4-f53e3ad2eeb7,,2025-11-12T07:11:35.214Z,534.2785327951696,226.17456617982643,0,0,,,screenshots/screen_000005.png
69142eb4410888a7b66fa988,68e48f1a803e577b1177152e,6912a59f410888a7b66ed6cf,screenshot-ca9c7e54-3573-40c7-90f4-f53e3ad2eeb7,,2025-11-12T07:11:35.348Z,602.3833768767051,245.41189837426992,0,0,,,screenshots/screen_000005.png
69142eb4410888a7b66fa988,68e48f1a803e577b1177152e,6912a59f410888a7b66ed6cf,screenshot-ca9c7e54-3573-40c7-90f4-f53e3ad2eeb7,,2025-11-12T07:11:35.472Z,613.1320384333636,250.88849820856117,0,0,,,screenshots/screen_000005.png
69142eb4410888a7b66fa988,68e48f1a803e577b1177152e,6912a59f410888a7b66ed6cf,screenshot-ca9c7e54-3573-40c7-90f4-f53e3ad2eeb7,,2025-11-12T07:11:35.583Z,651.4232614806234,255.61813208532158,0,0,,,screenshots/screen_000005.png
69142eb4410888a7b66fa988,68e48f1a803e577b1177152e,6912a59f410888a7b66ed6cf,screenshot-ca9c7e54-3573-40c7-90f4-f53e3ad2eeb7,,2025-11-12T07:11:35.705Z,659.6725236876123,234.03892389863626,0,0,,,screenshots/screen_000005.png
69142eb4410888a7b66fa988,68e48f1a803e577b1177152e,6912a59f410888a7b66ed6cf,screenshot-ca9c7e54-3573-40c7-90f4-f53e3ad2eeb7,,2025-11-12T07:11:35.830Z,696.002112301673,246.61996978729564,0,0,,,screenshots/screen_000005.png
69142eb4410888a7b66fa988,68e48f1a803e577b1177152e,6912a59f410888a7b66ed6cf,screenshot-ca9c7e54-3573-40c7-90f4-f53e3ad2eeb7,,2025-11-12T07:11:35.948Z,754.8877014332273,263.02879759502673,0,0,,,screenshots/screen_000005.png
69142eb4410888a7b66fa988,68e48f1a803e577b1177152e,6912a59f410888a7b66ed6cf,screenshot-ca9c7e54-3573-40c7-90f4-f53e3ad2eeb7,,2025-11-12T07:11:36.085Z,746.0579623543666,239.0385803496321,0,0,,,screenshots/screen_000005.png
69142eb4410888a7b66fa988,68e48f1a803e577b1177152e,6912a59f410888a7b66ed6cf,screenshot-ca9c7e54-3573-40c7-90f4-f53e3ad2eeb7,,2025-11-12T07:11:36.224Z,769.6219430843797,294.31744667481456,0,0,,,screenshots/screen_000005.png
69142eb4410888a7b66fa988,68e48f1a803e577b1177152e,6912a59f410888a7b66ed6cf,screenshot-ca9c7e54-3573-40c7-90f4-f53e3ad2eeb7,,2025-11-12T07:11:36.363Z,715.6219013459507,285.2891160081724,0,0,,,screenshots/screen_000005.png
69142eb4410888a7b66fa988,68e48f1a803e577b1177152e,6912a59f410888a7b66ed6cf,screenshot-ca9c7e54-3573-40c7-90f4-f53e3ad2eeb7,,2025-11-12T07:11:36.494Z,675.5052816929273,308.8626042565314,0,0,,,screenshots/screen_000005.png
69142eb4410888a7b66fa988,68e48f1a803e577b1177152e,6912a59f410888a7b66ed6cf,screenshot-ca9c7e54-3573-40c7-90f4-f53e3ad2eeb7,,2025-11-12T07:11:36.621Z,666.8174933902957,340.29281203425325,0,0,,,screenshots/screen_000005.png
69142eb4410888a7b66fa988,68e48f1a803e577b1177152e,6912a59f410888a7b66ed6cf,screenshot-ca9c7e54-3573-40c7-90f4-f53e3ad2eeb7,,2025-11-12T07:11:36.762Z,661.3791366773289,360.3034773209064,0,0,,,screenshots/screen_000005.png
69142eb4410888a7b66fa988,68e48f1a803e577b1177152e,6912a59f410888a7b66ed6cf,screenshot-ca9c7e54-3573-40c7-90f4-f53e3ad2eeb7,,2025-11-12T07:11:36.885Z,664.6699704032583,375.4529062457124,0,0,,,screenshots/screen_000005.png
69142eb4410888a7b66fa988,68e48f1a803e577b1177152e,6912a59f410888a7b66ed6cf,screenshot-ca9c7e54-3573-40c7-90f4-f53e3ad2eeb7,,2025-11-12T07:11:37.000Z,619.232351090847,363.563523723687,0,0,,,screenshots/screen_000005.png
69142eb4410888a7b66fa988,68e48f1a803e577b1177152e,6912a59f410888a7b66ed6cf,screenshot-ca9c7e54-3573-40c7-90f4-f53e3ad2eeb7,,2025-11-12T07:11:37.124Z,600.6387308079826,416.59604624640065,0,0,,,screenshots/screen_000005.png
69142eb4410888a7b66fa988,68e48f1a803e577b1177152e,6912a59f410888a7b66ed6cf,screenshot-ca9c7e54-3573-40c7-90f4-f53e3ad2eeb7,,2025-11-12T07:11:37.250Z,571.365845428847,398.3089252878478,0,0,,,screenshots/screen_000005.png
69142eb4410888a7b66fa988,68e48f1a803e577b1177152e,6912a59f410888a7b66ed6cf,screenshot-ca9c7e54-3573-40c7-90f4-f53e3ad2eeb7,,2025-11-12T07:11:37.381Z,552.3347563612241,394.2994075766801,0,0,,,screenshots/screen_000005.png
69142eb4410888a7b66fa988,68e48f1a803e577b1177152e,6912a59f410888a7b66ed6cf,screenshot-ca9c7e54-3573-40c7-90f4-f53e3ad2eeb7,,2025-11-12T07:11:37.504Z,534.2586902508867,386.78383257753717,0,0,,,screenshots/screen_000005.png
69142eb4410888a7b66fa988,68e48f1a803e577b1177152e,6912a59f410888a7b66ed6cf,screenshot-ca9c7e54-3573-40c7-90f4-f53e3ad2eeb7,,2025-11-12T07:11:37.619Z,501.1631928397659,363.9788592978077,0,0,,,screenshots/screen_000005.png
69142eb4410888a7b66fa988,68e48f1a803e577b1177152e,6912a59f410888a7b66ed6cf,screenshot-ca9c7e54-3573-40c7-90f4-f53e3ad2eeb7,,2025-11-12T07:11:37.726Z,518.2120505662389,312.48628732850176,0,0,,,screenshots/screen_000005.png
69142eb4410888a7b66fa988,68e48f1a803e577b1177152e,6912a59f410888a7b66ed6cf,screenshot-ca9c7e54-3573-40c7-90f4-f53e3ad2eeb7,,2025-11-12T07:11:37.837Z,518.5505790133926,274.002678070224,0,0,,,screenshots/screen_000005.png
69142eb4410888a7b66fa988,68e48f1a803e577b1177152e,6912a59f410888a7b66ed6cf,screenshot-ca9c7e54-3573-40c7-90f4-f53e3ad2eeb7,,2025-11-12T07:11:37.949Z,549.1382182368178,252.45357343427128,0,0,,,screenshots/screen_000005.png
69142eb4410888a7b66fa988,68e48f1a803e577b1177152e,6912a59f410888a7b66ed6cf,screenshot-ca9c7e54-3573-40c7-90f4-f53e3ad2eeb7,,2025-11-12T07:11:38.048Z,587.9710331520729,235.63882507731992,0,0,,,screenshots/screen_000005.png
69142eb4410888a7b66fa988,68e48f1a803e577b1177152e,6912a59f410888a7b66ed6cf,screenshot-ca9c7e54-3573-40c7-90f4-f53e3ad2eeb7,,2025-11-12T07:11:38.159Z,534.202868786532,229.83027097930807,0,0,,,screenshots/screen_000005.png
69142eb4410888a7b66fa988,68e48f1a803e577b1177152e,6912a59f410888a7b66ed6cf,screenshot-ca9c7e54-3573-40c7-90f4-f53e3ad2eeb7,,2025-11-12T07:11:38.835Z,546.2611675759254,190.2627436035028,0,0,,,screenshots/screen_000005.png
69142eb4410888a7b66fa988,68e48f1a803e577b1177152e,6912a59f410888a7b66ed6cf,screenshot-ca9c7e54-3573-40c7-90f4-f53e3ad2eeb7,,2025-11-12T07:11:39.564Z,568.3890398841085,216.35391046007805,0,0,,,screenshots/screen_000005.png
69142eb4410888a7b66fa988,68e48f1a803e577b1177152e,6912a59f410888a7b66ed6cf,screenshot-ca9c7e54-3573-40c7-90f4-f53e3ad2eeb7,,2025-11-12T07:11:39.797Z,522.8775703167378,242.97555704646277,0,0,,,screenshots/screen_000005.png
69142eb4410888a7b66fa988,68e48f1a803e577b1177152e,6912a59f410888a7b66ed6cf,screenshot-44592419-cff6-4695-a3b9-339ea644550e,,2025-11-12T07:11:41.221Z,449.927969352752,220.98443051668468,0,0,,,screenshots/screen_000006.png
69142eb4410888a7b66fa988,68e48f1a803e577b1177152e,6912a59f410888a7b66ed6cf,screenshot-44592419-cff6-4695-a3b9-339ea644550e,,2025-11-12T07:11:41.323Z,472.36844677919237,201.42047807414642,0,0,,,screenshots/screen_000006.png
69142eb4410888a7b66fa988,68e48f1a803e577b1177152e,6912a59f410888a7b66ed6cf,screenshot-44592419-cff6-4695-a3b9-339ea644550e,,2025-11-12T07:11:41.423Z,450.7703478832223,188.72203884084163,0,0,,,screenshots/screen_000006.png
69142eb4410888a7b66fa988,68e48f1a803e577b1177152e,6912a59f410888a7b66ed6cf,screenshot-44592419-cff6-4695-a3b9-339ea644550e,,2025-11-12T07:11:41.526Z,466.0281816278183,212.77236762219772,0,0,,,screenshots/screen_000006.png
69142eb4410888a7b66fa988,68e48f1a803e577b1177152e,6912a59f410888a7b66ed6cf,screenshot-44592419-cff6-4695-a3b9-339ea644550e,,2025-11-12T07:11:41.622Z,505.2947805639075,201.45185704732026,0,0,,,screenshots/screen_000006.png
69142eb4410888a7b66fa988,68e48f1a803e577b1177152e,6912a59f410888a7b66ed6cf,screenshot-44592419-cff6-4695-a3b9-339ea644550e,,2025-11-12T07:11:41.725Z,471.9234131465916,227.33928858697564,0,0,,,screenshots/screen_000006.png
69142eb4410888a7b66fa988,68e48f1a803e577b1177152e,6912a59f410888a7b66ed6cf,screenshot-44592419-cff6-4695-a3b9-339ea644550e,,2025-11-12T07:11:41.820Z,462.95540958750496,225.34721379951176,0,0,,,screenshots/screen_000006.png
69142eb4410888a7b66fa988,68e48f1a803e577b1177152e,6912a59f410888a7b66ed6cf,screenshot-44592419-cff6-4695-a3b9-339ea644550e,,2025-11-12T07:11:41.924Z,504.64505209531995,226.6467746505174,0,0,,,screenshots/screen_000006.png
69142eb4410888a7b66fa988,68e48f1a803e577b1177152e,6912a59f410888a7b66ed6cf,screenshot-44592419-cff6-4695-a3b9-339ea644550e,,2025-11-12T07:11:42.017Z,512.2837125557239,212.4797043820924,0,0,,,screenshots/screen_000006.png
69142eb4410888a7b66fa988,68e48f1a803e577b1177152e,6912a59f410888a7b66ed6cf,screenshot-44592419-cff6-4695-a3b9-339ea644550e,,2025-11-12T07:11:42.121Z,538.3579651668932,240.38106991327476,0,0,,,screenshots/screen_000006.png
69142eb4410888a7b66fa988,68e48f1a803e577b1177152e,6912a59f410888a7b66ed6cf,screenshot-44592419-cff6-4695-a3b9-339ea644550e,,2025-11-12T07:11:42.231Z,506.47631370267675,272.10616059768125,0,0,,,screenshots/screen_000006.png
69142eb4410888a7b66fa988,68e48f1a803e577b1177152e,6912a59f410888a7b66ed6cf,screenshot-44592419-cff6-4695-a3b9-339ea644550e,,2025-11-12T07:11:42.329Z,482.52592819471226,266.0182349300171,0,0,,,screenshots/screen_000006.png
69142eb4410888a7b66fa988,68e48f1a803e577b1177152e,6912a59f410888a7b66ed6cf,screenshot-44592419-cff6-4695-a3b9-339ea644550e,,2025-11-12T07:11:42.429Z,507.06577045035743,277.2908401537165,0,0,,,screenshots/screen_000006.png
69142eb4410888a7b66fa988,68e48f1a803e577b1177152e,6912a59f410888a7b66ed6cf,screenshot-44592419-cff6-4695-a3b9-339ea644550e,,2025-11-12T07:11:42.528Z,473.26948506030783,285.75189183066436,0,0,,,screenshots/screen_000006.png
69142eb4410888a7b66fa988,68e48f1a803e577b1177152e,6912a59f410888a7b66ed6cf,screenshot-44592419-cff6-4695-a3b9-339ea644550e,,2025-11-12T07:11:42.629Z,531.2773920272573,264.7648175298342,0,0,,,screenshots/screen_000006.png
69142eb4410888a7b66fa988,68e48f1a803e577b1177152e,6912a59f410888a7b66ed6cf,screenshot-44592419-cff6-4695-a3b9-339ea644550e,,2025-11-12T07:11:42.727Z,550.9293782224771,270.2673769225364,0,0,,,screenshots/screen_000006.png
69142eb4410888a7b66fa988,68e48f1a803e577b1177152e,6912a59f410888a7b66ed6cf,screenshot-44592419-cff6-4695-a3b9-339ea644550e,,2025-11-12T07:11:42.828Z,576.9716541341214,263.68336210697294,0,0,,,screenshots/screen_000006.png
69142eb4410888a7b66fa988,68e48f1a803e577b1177152e,6912a59f410888a7b66ed6cf,screenshot-44592419-cff6-4695-a3b9-339ea644550e,,2025-11-12T07:11:42.928Z,589.3613306399864,269.54270016957156,0,0,,,screenshots/screen_000006.png
69142eb4410888a7b66fa988,68e48f1a803e577b1177152e,6912a59f410888a7b66ed6cf,screenshot-44592419-cff6-4695-a3b9-339ea644550e,,2025-11-12T07:11:43.023Z,629.6155015336008,287.1868140670917,0,0,,,screenshots/screen_000006.png
69142eb4410888a7b66fa988,68e48f1a803e577b1177152e,6912a59f410888a7b66ed6cf,screenshot-44592419-cff6-4695-a3b9-339ea644550e,,2025-11-12T07:11:43.129Z,639.0835089935777,261.3818551644957,0,0,,,screenshots/screen_000006.png
69142eb4410888a7b66fa988,68e48f1a803e577b1177152e,6912a59f410888a7b66ed6cf,screenshot-44592419-cff6-4695-a3b9-339ea644550e,,2025-11-12T07:11:43.232Z,634.7052619839725,286.5809907768492,0,0,,,screenshots/screen_000006.png
69142eb4410888a7b66fa988,68e48f1a803e577b1177152e,6912a59f410888a7b66ed6cf,screenshot-44592419-cff6-4695-a3b9-339ea644550e,,2025-11-12T07:11:43.332Z,736.9536100298657,262.73673693938923,0,0,,,screenshots/screen_000006.png
69142eb4410888a7b66fa988,68e48f1a803e577b1177152e,6912a59f410888a7b66ed6cf,screenshot-44592419-cff6-4695-a3b9-339ea644550e,,2025-11-12T07:11:43.433Z,771.2904267029052,236.294213325693,0,0,,,screenshots/screen_000006.png
69142eb4410888a7b66fa988,68e48f1a803e577b1177152e,6912a59f410888a7b66ed6cf,screenshot-44592419-cff6-4695-a3b9-339ea644550e,,2025-11-12T07:11:43.532Z,875.9155541422331,195.54665769912745,0,0,,,screenshots/screen_000006.png
69142eb4410888a7b66fa988,68e48f1a803e577b1177152e,6912a59f410888a7b66ed6cf,screenshot-44592419-cff6-4695-a3b9-339ea644550e,,2025-11-12T07:11:43.637Z,799.6097784132753,212.69794285685737,0,0,,,screenshots/screen_000006.png
69142eb4410888a7b66fa988,68e48f1a803e577b1177152e,6912a59f410888a7b66ed6cf,screenshot-44592419-cff6-4695-a3b9-339ea644550e,,2025-11-12T07:11:43.744Z,741.9654985208368,233.61891081869967,0,0,,,screenshots/screen_000006.png
69142eb4410888a7b66fa988,68e48f1a803e577b1177152e,6912a59f410888a7b66ed6cf,screenshot-44592419-cff6-4695-a3b9-339ea644550e,,2025-11-12T07:11:43.874Z,738.506978059358,240.01248888352944,0,0,,,screenshots/screen_000006.png
69142eb4410888a7b66fa988,68e48f1a803e577b1177152e,6912a59f410888a7b66ed6cf,screenshot-44592419-cff6-4695-a3b9-339ea644550e,,2025-11-12T07:11:43.994Z,669.1147730963008,266.84361113281074,0,0,,,screenshots/screen_000006.png
69142eb4410888a7b66fa988,68e48f1a803e577b1177152e,6912a59f410888a7b66ed6cf,screenshot-44592419-cff6-4695-a3b9-339ea644550e,,2025-11-12T07:11:44.104Z,680.7703345766398,266.4166230938803,0,0,,,screenshots/screen_000006.png
69142eb4410888a7b66fa988,68e48f1a803e577b1177152e,6912a59f410888a7b66ed6cf,screenshot-44592419-cff6-4695-a3b9-339ea644550e,,2025-11-12T07:11:44.208Z,661.0693837406909,265.64891120441035,0,0,,,screenshots/screen_000006.png
69142eb4410888a7b66fa988,68e48f1a803e577b1177152e,6912a59f410888a7b66ed6cf,screenshot-44592419-cff6-4695-a3b9-339ea644550e,,2025-11-12T07:11:44.337Z,575.9679491507434,277.4846751231838,0,0,,,screenshots/screen_000006.png
69142eb4410888a7b66fa988,68e48f1a803e577b1177152e,6912a59f410888a7b66ed6cf,screenshot-44592419-cff6-4695-a3b9-339ea644550e,,2025-11-12T07:11:44.449Z,560.677247374597,265.8120257927247,0,0,,,screenshots/screen_000006.png
69142eb4410888a7b66fa988,68e48f1a803e577b1177152e,6912a59f410888a7b66ed6cf,screenshot-44592419-cff6-4695-a3b9-339ea644550e,,2025-11-12T07:11:44.589Z,540.3994255947066,261.4777129347519,0,0,,,screenshots/screen_000006.png
69142eb4410888a7b66fa988,68e48f1a803e577b1177152e,6912a59f410888a7b66ed6cf,screenshot-44592419-cff6-4695-a3b9-339ea644550e,,2025-11-12T07:11:44.721Z,500.41439638679316,258.6716448631558,0,0,,,screenshots/screen_000006.png
69142eb4410888a7b66fa988,68e48f1a803e577b1177152e,6912a59f410888a7b66ed6cf,screenshot-44592419-cff6-4695-a3b9-339ea644550e,,2025-11-12T07:11:44.857Z,505.2449851796855,254.6463215586811,0,0,,,screenshots/screen_000006.png
69142eb4410888a7b66fa988,68e48f1a803e577b1177152e,6912a59f410888a7b66ed6cf,screenshot-44592419-cff6-4695-a3b9-339ea644550e,,2025-11-12T07:11:44.983Z,467.1616684345383,205.1490941648207,0,0,,,screenshots/screen_000006.png
69142eb4410888a7b66fa988,68e48f1a803e577b1177152e,6912a59f410888a7b66ed6cf,screenshot-44592419-cff6-4695-a3b9-339ea644550e,,2025-11-12T07:11:45.117Z,470.9475261239377,183.28423960112792,0,0,,,screenshots/screen_000006.png
69142eb4410888a7b66fa988,68e48f1a803e577b1177152e,6912a59f410888a7b66ed6cf,screenshot-44592419-cff6-4695-a3b9-339ea644550e,,2025-11-12T07:11:45.260Z,474.56794720608843,157.73324003821912,0,0,,,screenshots/screen_000006.png
69142eb4410888a7b66fa988,68e48f1a803e577b1177152e,6912a59f410888a7b66ed6cf,screenshot-44592419-cff6-4695-a3b9-339ea644550e,,2025-11-12T07:11:45.398Z,440.4801523722177,145.2498425304392,0,0,,,screenshots/screen_000006.png
69142eb4410888a7b66fa988,68e48f1a803e577b1177152e,6912a59f410888a7b66ed6cf,screenshot-44592419-cff6-4695-a3b9-339ea644550e,,2025-11-12T07:11:45.527Z,446.7589892296054,153.2977243538225,0,0,,,screenshots/screen_000006.png
69142eb4410888a7b66fa988,68e48f1a803e577b1177152e,6912a59f410888a7b66ed6cf,screenshot-44592419-cff6-4695-a3b9-339ea644550e,,2025-11-12T07:11:45.658Z,412.58778875001525,150.0102274926278,0,0,,,screenshots/screen_000006.png
69142eb4410888a7b66fa988,68e48f1a803e577b1177152e,6912a59f410888a7b66ed6cf,screenshot-44592419-cff6-4695-a3b9-339ea644550e,,2025-11-12T07:11:45.795Z,402.010657074507,139.09608956611498,0,0,,,screenshots/screen_000006.png
69142eb4410888a7b66fa988,68e48f1a803e577b1177152e,6912a59f410888a7b66ed6cf,screenshot-44592419-cff6-4695-a3b9-339ea644550e,,2025-11-12T07:11:45.923Z,349.55687354702445,122.38198259311665,0,0,,,screenshots/screen_000006.png
69142eb4410888a7b66fa988,68e48f1a803e577b1177152e,6912a59f410888a7b66ed6cf,screenshot-44592419-cff6-4695-a3b9-339ea644550e,,2025-11-12T07:11:46.052Z,378.1390259717217,140.82422984896678,0,0,,,screenshots/screen_000006.png
69142eb4410888a7b66fa988,68e48f1a803e577b1177152e,6912a59f410888a7b66ed6cf,screenshot-44592419-cff6-4695-a3b9-339ea644550e,,2025-11-12T07:11:46.190Z,441.94877499955663,144.79268343207815,0,0,,,screenshots/screen_000006.png
69142eb4410888a7b66fa988,68e48f1a803e577b1177152e,6912a59f410888a7b66ed6cf,screenshot-44592419-cff6-4695-a3b9-339ea644550e,,2025-11-12T07:11:46.327Z,423.3695908703458,144.61317892012474,0,0,,,screenshots/screen_000006.png
69142eb4410888a7b66fa988,68e48f1a803e577b1177152e,6912a59f410888a7b66ed6cf,screenshot-44592419-cff6-4695-a3b9-339ea644550e,,2025-11-12T07:11:46.458Z,464.8320269229158,144.67022579827693,0,0,,,screenshots/screen_000006.png
69142eb4410888a7b66fa988,68e48f1a803e577b1177152e,6912a59f410888a7b66ed6cf,screenshot-44592419-cff6-4695-a3b9-339ea644550e,,2025-11-12T07:11:46.585Z,524.3791009858851,126.27743980031995,0,0,,,screenshots/screen_000006.png
69142eb4410888a7b66fa988,68e48f1a803e577b1177152e,6912a59f410888a7b66ed6cf,screenshot-44592419-cff6-4695-a3b9-339ea644550e,,2025-11-12T07:11:46.702Z,557.1713867630891,119.62027975351127,0,0,,,screenshots/screen_000006.png
69142eb4410888a7b66fa988,68e48f1a803e577b1177152e,6912a59f410888a7b66ed6cf,screenshot-44592419-cff6-4695-a3b9-339ea644550e,,2025-11-12T07:11:46.825Z,601.3275721599689,86.03380754956282,0,0,,,screenshots/screen_000006.png
69142eb4410888a7b66fa988,68e48f1a803e577b1177152e,6912a59f410888a7b66ed6cf,screenshot-44592419-cff6-4695-a3b9-339ea644550e,,2025-11-12T07:11:46.940Z,726.491847368706,89.51261132309025,0,0,,,screenshots/screen_000006.png
69142eb4410888a7b66fa988,68e48f1a803e577b1177152e,6912a59f410888a7b66ed6cf,screenshot-44592419-cff6-4695-a3b9-339ea644550e,,2025-11-12T07:11:47.065Z,720.3192390570383,58.7570487823095,0,0,,,screenshots/screen_000006.png
69142eb4410888a7b66fa988,68e48f1a803e577b1177152e,6912a59f410888a7b66ed6cf,screenshot-44592419-cff6-4695-a3b9-339ea644550e,,2025-11-12T07:11:47.188Z,664.8264732283159,60.70404938729834,0,0,,,screenshots/screen_000006.png
69142eb4410888a7b66fa988,68e48f1a803e577b1177152e,6912a59f410888a7b66ed6cf,screenshot-44592419-cff6-4695-a3b9-339ea644550e,,2025-11-12T07:11:47.320Z,634.0612795153227,75.13559230685681,0,0,,,screenshots/screen_000006.png
69142eb4410888a7b66fa988,68e48f1a803e577b1177152e,6912a59f410888a7b66ed6cf,screenshot-44592419-cff6-4695-a3b9-339ea644550e,,2025-11-12T07:11:47.455Z,480.22370789199937,91.58079013286927,0,0,,,screenshots/screen_000006.png
69142eb4410888a7b66fa988,68e48f1a803e577b1177152e,6912a59f410888a7b66ed6cf,screenshot-44592419-cff6-4695-a3b9-339ea644550e,,2025-11-12T07:11:47.588Z,425.91999960924676,41.81101307168203,0,0,,,screenshots/screen_000006.png
69142eb4410888a7b66fa988,68e48f1a803e577b1177152e,6912a59f410888a7b66ed6cf,screenshot-44592419-cff6-4695-a3b9-339ea644550e,,2025-11-12T07:11:47.726Z,372.09000206105577,96.07927296165037,0,0,,,screenshots/screen_000006.png
69142eb4410888a7b66fa988,68e48f1a803e577b1177152e,6912a59f410888a7b66ed6cf,screenshot-44592419-cff6-4695-a3b9-339ea644550e,,2025-11-12T07:11:47.866Z,365.1185230467453,85.17166434092806,0,0,,,screenshots/screen_000006.png
69142eb4410888a7b66fa988,68e48f1a803e577b1177152e,6912a59f410888a7b66ed6cf,screenshot-44592419-cff6-4695-a3b9-339ea644550e,,2025-11-12T07:11:48.004Z,326.5519981293589,100.48571775123462,0,0,,,screenshots/screen_000006.png
69142eb4410888a7b66fa988,68e48f1a803e577b1177152e,6912a59f410888a7b66ed6cf,screenshot-44592419-cff6-4695-a3b9-339ea644550e,,2025-11-12T07:11:48.143Z,266.2943366123871,73.89240268572253,0,0,,,screenshots/screen_000006.png
69142eb4410888a7b66fa988,68e48f1a803e577b1177152e,6912a59f410888a7b66ed6cf,screenshot-44592419-cff6-4695-a3b9-339ea644550e,,2025-11-12T07:11:48.265Z,267.94136102827923,63.21154929147132,0,0,,,screenshots/screen_000006.png
69142eb4410888a7b66fa988,68e48f1a803e577b1177152e,6912a59f410888a7b66ed6cf,screenshot-44592419-cff6-4695-a3b9-339ea644550e,,2025-11-12T07:11:48.400Z,286.1539481537593,87.46300840947652,0,0,,,screenshots/screen_000006.png
69142eb4410888a7b66fa988,68e48f1a803e577b1177152e,6912a59f410888a7b66ed6cf,screenshot-44592419-cff6-4695-a3b9-339ea644550e,,2025-11-12T07:11:48.537Z,257.6988391873184,85.52723406504217,0,0,,,screenshots/screen_000006.png
69142eb4410888a7b66fa988,68e48f1a803e577b1177152e,6912a59f410888a7b66ed6cf,screenshot-44592419-cff6-4695-a3b9-339ea644550e,,2025-11-12T07:11:48.674Z,241.69236487449683,87.01975826858619,0,0,,,screenshots/screen_000006.png
69142eb4410888a7b66fa988,68e48f1a803e577b1177152e,6912a59f410888a7b66ed6cf,screenshot-44592419-cff6-4695-a3b9-339ea644550e,,2025-11-12T07:11:48.802Z,284.8417358486072,141.71122939931303,0,0,,,screenshots/screen_000006.png
69142eb4410888a7b66fa988,68e48f1a803e577b1177152e,6912a59f410888a7b66ed6cf,screenshot-44592419-cff6-4695-a3b9-339ea644550e,,2025-11-12T07:11:48.932Z,305.43791470790893,117.7990452330001,0,0,,,screenshots/screen_000006.png
69142eb4410888a7b66fa988,68e48f1a803e577b1177152e,6912a59f410888a7b66ed6cf,screenshot-44592419-cff6-4695-a3b9-339ea644550e,,2025-11-12T07:11:49.071Z,310.5041233465841,95.49974486916184,0,0,,,screenshots/screen_000006.png
69142eb4410888a7b66fa988,68e48f1a803e577b1177152e,6912a59f410888a7b66ed6cf,screenshot-44592419-cff6-4695-a3b9-339ea644550e,,2025-11-12T07:11:49.217Z,279.8582240902798,100.24219443347849,0,0,,,screenshots/screen_000006.png
69142eb4410888a7b66fa988,68e48f1a803e577b1177152e,6912a59f410888a7b66ed6cf,screenshot-44592419-cff6-4695-a3b9-339ea644550e,,2025-11-12T07:11:49.345Z,296.92770459929756,109.30112197778479,0,0,,,screenshots/screen_000006.png
69142eb4410888a7b66fa988,68e48f1a803e577b1177152e,6912a59f410888a7b66ed6cf,screenshot-44592419-cff6-4695-a3b9-339ea644550e,,2025-11-12T07:11:49.478Z,309.2057593217217,103.61993621863994,0,0,,,screenshots/screen_000006.png
69142eb4410888a7b66fa988,68e48f1a803e577b1177152e,6912a59f410888a7b66ed6cf,screenshot-44592419-cff6-4695-a3b9-339ea644550e,,2025-11-12T07:11:49.613Z,484.48914402651593,87.09246789203148,0,0,,,screenshots/screen_000006.png
69142eb4410888a7b66fa988,68e48f1a803e577b1177152e,6912a59f410888a7b66ed6cf,screenshot-44592419-cff6-4695-a3b9-339ea644550e,,2025-11-12T07:11:49.747Z,611.9701744165254,151.76427723766835,0,0,,,screenshots/screen_000006.png
69142eb4410888a7b66fa988,68e48f1a803e577b1177152e,6912a59f410888a7b66ed6cf,screenshot-44592419-cff6-4695-a3b9-339ea644550e,,2025-11-12T07:11:49.877Z,650.2775400437798,116.15107741633214,0,0,,,screenshots/screen_000006.png
69142eb4410888a7b66fa988,68e48f1a803e577b1177152e,6912a59f410888a7b66ed6cf,screenshot-44592419-cff6-4695-a3b9-339ea644550e,,2025-11-12T07:11:50.003Z,646.3794278248832,160.87858821453187,0,0,,,screenshots/screen_000006.png
69142eb4410888a7b66fa988,68e48f1a803e577b1177152e,6912a59f410888a7b66ed6cf,screenshot-44592419-cff6-4695-a3b9-339ea644550e,,2025-11-12T07:11:50.152Z,629.1498409360493,204.23605058764423,0,0,,,screenshots/screen_000006.png
69142eb4410888a7b66fa988,68e48f1a803e577b1177152e,6912a59f410888a7b66ed6cf,screenshot-44592419-cff6-4695-a3b9-339ea644550e,,2025-11-12T07:11:50.276Z,549.7739348139645,203.03453132139362,0,0,,,screenshots/screen_000006.png
69142eb4410888a7b66fa988,68e48f1a803e577b1177152e,6912a59f410888a7b66ed6cf,screenshot-44592419-cff6-4695-a3b9-339ea644550e,,2025-11-12T07:11:50.405Z,589.3357977302345,175.65713623255846,0,0,,,screenshots/screen_000006.png
69142eb4410888a7b66fa988,68e48f1a803e577b1177152e,6912a59f410888a7b66ed6cf,screenshot-44592419-cff6-4695-a3b9-339ea644550e,,2025-11-12T07:11:50.537Z,522.926559066711,190.65938859038252,0,0,,,screenshots/screen_000006.png
69142eb4410888a7b66fa988,68e48f1a803e577b1177152e,6912a59f410888a7b66ed6cf,screenshot-44592419-cff6-4695-a3b9-339ea644550e,,2025-11-12T07:11:50.661Z,605.6737367112995,165.91532185236503,0,0,,,screenshots/screen_000006.png
69142eb4410888a7b66fa988,68e48f1a803e577b1177152e,6912a59f410888a7b66ed6cf,screenshot-44592419-cff6-4695-a3b9-339ea644550e,,2025-11-12T07:11:50.774Z,573.1766979472965,166.10845071648893,0,0,,,screenshots/screen_000006.png
69142eb4410888a7b66fa988,68e48f1a803e577b1177152e,6912a59f410888a7b66ed6cf,screenshot-44592419-cff6-4695-a3b9-339ea644550e,,2025-11-12T07:11:50.896Z,537.4032399957636,145.1104517284526,0,0,,,screenshots/screen_000006.png
69142eb4410888a7b66fa988,68e48f1a803e577b1177152e,6912a59f410888a7b66ed6cf,screenshot-44592419-cff6-4695-a3b9-339ea644550e,,2025-11-12T07:11:51.032Z,547.5338168838282,114.24268250333512,0,0,,,screenshots/screen_000006.png
69142eb4410888a7b66fa988,68e48f1a803e577b1177152e,6912a59f410888a7b66ed6cf,screenshot-44592419-cff6-4695-a3b9-339ea644550e,,2025-11-12T07:11:51.152Z,613.9034412864505,119.60145460869907,0,0,,,screenshots/screen_000006.png
69142eb4410888a7b66fa988,68e48f1a803e577b1177152e,6912a59f410888a7b66ed6cf,screenshot-44592419-cff6-4695-a3b9-339ea644550e,,2025-11-12T07:11:51.283Z,630.2974038266818,137.6663503412763,0,0,,,screenshots/screen_000006.png
69142eb4410888a7b66fa988,68e48f1a803e577b1177152e,6912a59f410888a7b66ed6cf,screenshot-44592419-cff6-4695-a3b9-339ea644550e,,2025-11-12T07:11:51.414Z,570.9293027656649,141.9973395228087,0,0,,,screenshots/screen_000006.png
69142eb4410888a7b66fa988,68e48f1a803e577b1177152e,6912a59f410888a7b66ed6cf,screenshot-44592419-cff6-4695-a3b9-339ea644550e,,2025-11-12T07:11:51.547Z,589.7227986917176,153.37946569807332,0,0,,,screenshots/screen_000006.png
69142eb4410888a7b66fa988,68e48f1a803e577b1177152e,6912a59f410888a7b66ed6cf,screenshot-44592419-cff6-4695-a3b9-339ea644550e,,2025-11-12T07:11:51.683Z,583.5258998892331,129.83618646136088,0,0,,,screenshots/screen_000006.png
69142eb4410888a7b66fa988,68e48f1a803e577b1177152e,6912a59f410888a7b66ed6cf,screenshot-44592419-cff6-4695-a3b9-339ea644550e,,2025-11-12T07:11:51.810Z,567.8350806805942,120.90157527182097,0,0,,,screenshots/screen_000006.png
69142eb4410888a7b66fa988,68e48f1a803e577b1177152e,6912a59f410888a7b66ed6cf,screenshot-44592419-cff6-4695-a3b9-339ea644550e,,2025-11-12T07:11:51.938Z,519.3869525596665,129.25984457066863,0,0,,,screenshots/screen_000006.png
69142eb4410888a7b66fa988,68e48f1a803e577b1177152e,6912a59f410888a7b66ed6cf,screenshot-44592419-cff6-4695-a3b9-339ea644550e,,2025-11-12T07:11:52.079Z,482.1394194321304,138.2984912832168,0,0,,,screenshots/screen_000006.png
69142eb4410888a7b66fa988,68e48f1a803e577b1177152e,6912a59f410888a7b66ed6cf,screenshot-44592419-cff6-4695-a3b9-339ea644550e,,2025-11-12T07:11:52.224Z,497.36968824757196,125.99571542345355,0,0,,,screenshots/screen_000006.png
69142eb4410888a7b66fa988,68e48f1a803e577b1177152e,6912a59f410888a7b66ed6cf,screenshot-44592419-cff6-4695-a3b9-339ea644550e,,2025-11-12T07:11:52.349Z,543.058075959156,111.60001059321723,0,0,,,screenshots/screen_000006.png
69142eb4410888a7b66fa988,68e48f1a803e577b1177152e,6912a59f410888a7b66ed6cf,screenshot-44592419-cff6-4695-a3b9-339ea644550e,,2025-11-12T07:11:52.479Z,541.9415964741868,102.44008931798932,0,0,,,screenshots/screen_000006.png
69142eb4410888a7b66fa988,68e48f1a803e577b1177152e,6912a59f410888a7b66ed6cf,screenshot-44592419-cff6-4695-a3b9-339ea644550e,,2025-11-12T07:11:52.609Z,521.8550797023203,92.71008269843105,0,0,,,screenshots/screen_000006.png
69142eb4410888a7b66fa988,68e48f1a803e577b1177152e,6912a59f410888a7b66ed6cf,screenshot-44592419-cff6-4695-a3b9-339ea644550e,,2025-11-12T07:11:52.741Z,511.8389982598399,82.0646767781598,0,0,,,screenshots/screen_000006.png
69142eb4410888a7b66fa988,68e48f1a803e577b1177152e,6912a59f410888a7b66ed6cf,screenshot-44592419-cff6-4695-a3b9-339ea644550e,,2025-11-12T07:11:52.858Z,533.2331956716134,101.35139728516145,0,0,,,screenshots/screen_000006.png
69142eb4410888a7b66fa988,68e48f1a803e577b1177152e,6912a59f410888a7b66ed6cf,screenshot-44592419-cff6-4695-a3b9-339ea644550e,,2025-11-12T07:11:52.980Z,538.0008154677798,107.1757024709339,0,0,,,screenshots/screen_000006.png
69142eb4410888a7b66fa988,68e48f1a803e577b1177152e,6912a59f410888a7b66ed6cf,screenshot-44592419-cff6-4695-a3b9-339ea644550e,,2025-11-12T07:11:53.115Z,548.6186176384836,118.66166899510489,0,0,,,screenshots/screen_000006.png
69142eb4410888a7b66fa988,68e48f1a803e577b1177152e,6912a59f410888a7b66ed6cf,screenshot-44592419-cff6-4695-a3b9-339ea644550e,,2025-11-12T07:11:53.247Z,562.8168357063973,132.72965052666964,0,0,,,screenshots/screen_000006.png
69142eb4410888a7b66fa988,68e48f1a803e577b1177152e,6912a59f410888a7b66ed6cf,screenshot-44592419-cff6-4695-a3b9-339ea644550e,,2025-11-12T07:11:53.382Z,501.1086606599336,137.00274713512215,0,0,,,screenshots/screen_000006.png
69142eb4410888a7b66fa988,68e48f1a803e577b1177152e,6912a59f410888a7b66ed6cf,screenshot-44592419-cff6-4695-a3b9-339ea644550e,,2025-11-12T07:11:53.511Z,406.8619091678661,139.53070608738906,0,0,,,screenshots/screen_000006.png
69142eb4410888a7b66fa988,68e48f1a803e577b1177152e,6912a59f410888a7b66ed6cf,screenshot-44592419-cff6-4695-a3b9-339ea644550e,,2025-11-12T07:11:53.631Z,337.6261504670315,155.46959301072846,0,0,,,screenshots/screen_000006.png
69142eb4410888a7b66fa988,68e48f1a803e577b1177152e,6912a59f410888a7b66ed6cf,screenshot-44592419-cff6-4695-a3b9-339ea644550e,,2025-11-12T07:11:53.739Z,303.1844982611721,148.00828049884407,0,0,,,screenshots/screen_000006.png
69142eb4410888a7b66fa988,68e48f1a803e577b1177152e,6912a59f410888a7b66ed6cf,screenshot-44592419-cff6-4695-a3b9-339ea644550e,,2025-11-12T07:11:53.846Z,360.9317190466478,159.43315065498177,0,0,,,screenshots/screen_000006.png
69142eb4410888a7b66fa988,68e48f1a803e577b1177152e,6912a59f410888a7b66ed6cf,screenshot-44592419-cff6-4695-a3b9-339ea644550e,,2025-11-12T07:11:53.953Z,322.0781116471798,171.9425784187049,0,0,,,screenshots/screen_000006.png
69142eb4410888a7b66fa988,68e48f1a803e577b1177152e,6912a59f410888a7b66ed6cf,screenshot-44592419-cff6-4695-a3b9-339ea644550e,,2025-11-12T07:11:54.054Z,303.8213201255579,176.3338166236312,0,0,,,screenshots/screen_000006.png
69142eb4410888a7b66fa988,68e48f1a803e577b1177152e,6912a59f410888a7b66ed6cf,screenshot-44592419-cff6-4695-a3b9-339ea644550e,,2025-11-12T07:11:54.161Z,281.7525558322138,173.94736606685558,0,0,,,screenshots/screen_000006.png
69142eb4410888a7b66fa988,68e48f1a803e577b1177152e,6912a59f410888a7b66ed6cf,screenshot-44592419-cff6-4695-a3b9-339ea644550e,,2025-11-12T07:11:54.266Z,282.34719149391,202.46111537411505,0,0,,,screenshots/screen_000006.png
69142eb4410888a7b66fa988,68e48f1a803e577b1177152e,6912a59f410888a7b66ed6cf,screenshot-44592419-cff6-4695-a3b9-339ea644550e,,2025-11-12T07:11:54.373Z,471.86458598146834,225.96675468590894,0,0,,,screenshots/screen_000006.png
69142eb4410888a7b66fa988,68e48f1a803e577b1177152e,6912a59f410888a7b66ed6cf,screenshot-44592419-cff6-4695-a3b9-339ea644550e,,2025-11-12T07:11:54.473Z,597.3460354766908,249.77660330874426,0,0,,,screenshots/screen_000006.png
69142eb4410888a7b66fa988,68e48f1a803e577b1177152e,6912a59f410888a7b66ed6cf,screenshot-44592419-cff6-4695-a3b9-339ea644550e,,2025-11-12T07:11:54.575Z,634.5503787502515,257.8771911172449,0,0,,,screenshots/screen_000006.png
69142eb4410888a7b66fa988,68e48f1a803e577b1177152e,6912a59f410888a7b66ed6cf,screenshot-44592419-cff6-4695-a3b9-339ea644550e,,2025-11-12T07:11:54.677Z,703.4590068785518,264.1720884349088,0,0,,,screenshots/screen_000006.png
69142eb4410888a7b66fa988,68e48f1a803e577b1177152e,6912a59f410888a7b66ed6cf,screenshot-44592419-cff6-4695-a3b9-339ea644550e,,2025-11-12T07:11:54.781Z,715.2115921469436,238.64303595609923,0,0,,,screenshots/screen_000006.png
69142eb4410888a7b66fa988,68e48f1a803e577b1177152e,6912a59f410888a7b66ed6cf,screenshot-44592419-cff6-4695-a3b9-339ea644550e,,2025-11-12T07:11:54.881Z,731.1542998417858,236.40392436778,0,0,,,screenshots/screen_000006.png
69142eb4410888a7b66fa988,68e48f1a803e577b1177152e,6912a59f410888a7b66ed6cf,screenshot-44592419-cff6-4695-a3b9-339ea644550e,,2025-11-12T07:11:54.985Z,790.6249942836746,249.08267474718696,0,0,,,screenshots/screen_000006.png
69142eb4410888a7b66fa988,68e48f1a803e577b1177152e,6912a59f410888a7b66ed6cf,screenshot-44592419-cff6-4695-a3b9-339ea644550e,,2025-11-12T07:11:55.089Z,822.2346635685748,261.7465202439596,0,0,,,screenshots/screen_000006.png
69142eb4410888a7b66fa988,68e48f1a803e577b1177152e,6912a59f410888a7b66ed6cf,screenshot-44592419-cff6-4695-a3b9-339ea644550e,,2025-11-12T07:11:55.208Z,829.9458455124577,282.36767184710664,0,0,,,screenshots/screen_000006.png
69142eb4410888a7b66fa988,68e48f1a803e577b1177152e,6912a59f410888a7b66ed6cf,screenshot-44592419-cff6-4695-a3b9-339ea644550e,,2025-11-12T07:11:55.316Z,836.2533633172786,266.7084002332124,0,0,,,screenshots/screen_000006.png
69142eb4410888a7b66fa988,68e48f1a803e577b1177152e,6912a59f410888a7b66ed6cf,screenshot-44592419-cff6-4695-a3b9-339ea644550e,,2025-11-12T07:11:55.431Z,814.0864668918746,275.97981777469585,0,0,,,screenshots/screen_000006.png
69142eb4410888a7b66fa988,68e48f1a803e577b1177152e,6912a59f410888a7b66ed6cf,screenshot-44592419-cff6-4695-a3b9-339ea644550e,,2025-11-12T07:11:55.544Z,784.6187173018296,292.72321137763527,0,0,,,screenshots/screen_000006.png
69142eb4410888a7b66fa988,68e48f1a803e577b1177152e,6912a59f410888a7b66ed6cf,screenshot-44592419-cff6-4695-a3b9-339ea644550e,,2025-11-12T07:11:55.650Z,764.4361608803595,304.23020517865956,0,0,,,screenshots/screen_000006.png
69142eb4410888a7b66fa988,68e48f1a803e577b1177152e,6912a59f410888a7b66ed6cf,screenshot-44592419-cff6-4695-a3b9-339ea644550e,,2025-11-12T07:11:55.748Z,793.2844892163683,335.43873821787633,0,0,,,screenshots/screen_000006.png
69142eb4410888a7b66fa988,68e48f1a803e577b1177152e,6912a59f410888a7b66ed6cf,screenshot-44592419-cff6-4695-a3b9-339ea644550e,,2025-11-12T07:11:55.845Z,790.030975209073,337.5221976957283,0,0,,,screenshots/screen_000006.png
69142eb4410888a7b66fa988,68e48f1a803e577b1177152e,6912a59f410888a7b66ed6cf,screenshot-44592419-cff6-4695-a3b9-339ea644550e,,2025-11-12T07:11:55.946Z,832.1459234316109,334.08330290333345,0,0,,,screenshots/screen_000006.png
69142eb4410888a7b66fa988,68e48f1a803e577b1177152e,6912a59f410888a7b66ed6cf,screenshot-44592419-cff6-4695-a3b9-339ea644550e,,2025-11-12T07:11:56.048Z,846.84471417684,341.55105667746665,0,0,,,screenshots/screen_000006.png
69142eb4410888a7b66fa988,68e48f1a803e577b1177152e,6912a59f410888a7b66ed6cf,screenshot-44592419-cff6-4695-a3b9-339ea644550e,,2025-11-12T07:11:56.150Z,823.2736047149978,335.74859074377497,0,0,,,screenshots/screen_000006.png
69142eb4410888a7b66fa988,68e48f1a803e577b1177152e,6912a59f410888a7b66ed6cf,screenshot-44592419-cff6-4695-a3b9-339ea644550e,,2025-11-12T07:11:56.244Z,917.6441622685618,329.6673244773872,0,0,,,screenshots/screen_000006.png
69142eb4410888a7b66fa988,68e48f1a803e577b1177152e,6912a59f410888a7b66ed6cf,screenshot-44592419-cff6-4695-a3b9-339ea644550e,,2025-11-12T07:11:56.346Z,947.4941319396553,323.0581615047202,0,0,,,screenshots/screen_000006.png
69142eb4410888a7b66fa988,68e48f1a803e577b1177152e,6912a59f410888a7b66ed6cf,screenshot-44592419-cff6-4695-a3b9-339ea644550e,,2025-11-12T07:11:56.445Z,945.115356015162,316.46403568499477,0,0,,,screenshots/screen_000006.png
69142eb4410888a7b66fa988,68e48f1a803e577b1177152e,6912a59f410888a7b66ed6cf,screenshot-44592419-cff6-4695-a3b9-339ea644550e,,2025-11-12T07:11:56.543Z,878.289372724778,304.043383086092,0,0,,,screenshots/screen_000006.png
69142eb4410888a7b66fa988,68e48f1a803e577b1177152e,6912a59f410888a7b66ed6cf,screenshot-44592419-cff6-4695-a3b9-339ea644550e,,2025-11-12T07:11:56.652Z,829.3360395726401,287.3460523532235,0,0,,,screenshots/screen_000006.png
69142eb4410888a7b66fa988,68e48f1a803e577b1177152e,6912a59f410888a7b66ed6cf,screenshot-44592419-cff6-4695-a3b9-339ea644550e,,2025-11-12T07:11:56.756Z,795.976948865874,255.98733044155338,0,0,,,screenshots/screen_000006.png
69142eb4410888a7b66fa988,68e48f1a803e577b1177152e,6912a59f410888a7b66ed6cf,screenshot-44592419-cff6-4695-a3b9-339ea644550e,,2025-11-12T07:11:56.877Z,669.7542146419307,248.54979552138693,0,0,,,screenshots/screen_000006.png
69142eb4410888a7b66fa988,68e48f1a803e577b1177152e,6912a59f410888a7b66ed6cf,screenshot-44592419-cff6-4695-a3b9-339ea644550e,,2025-11-12T07:11:56.985Z,600.4254339122242,261.39755516546063,0,0,,,screenshots/screen_000006.png
69142eb4410888a7b66fa988,68e48f1a803e577b1177152e,6912a59f410888a7b66ed6cf,screenshot-44592419-cff6-4695-a3b9-339ea644550e,,2025-11-12T07:11:57.085Z,620.4728428313766,216.37104778950163,0,0,,,screenshots/screen_000006.png
69142eb4410888a7b66fa988,68e48f1a803e577b1177152e,6912a59f410888a7b66ed6cf,screenshot-44592419-cff6-4695-a3b9-339ea644550e,,2025-11-12T07:11:57.190Z,657.0459761888357,181.99871576220715,0,0,,,screenshots/screen_000006.png
69142eb4410888a7b66fa988,68e48f1a803e577b1177152e,6912a59f410888a7b66ed6cf,screenshot-44592419-cff6-4695-a3b9-339ea644550e,,2025-11-12T07:11:57.287Z,702.0766547180954,237.7196208542228,0,0,,,screenshots/screen_000006.png
69142eb4410888a7b66fa988,68e48f1a803e577b1177152e,6912a59f410888a7b66ed6cf,screenshot-44592419-cff6-4695-a3b9-339ea644550e,,2025-11-12T07:11:57.393Z,658.2641295537832,231.1897457974215,0,0,,,screenshots/screen_000006.png
69142eb4410888a7b66fa988,68e48f1a803e577b1177152e,6912a59f410888a7b66ed6cf,screenshot-44592419-cff6-4695-a3b9-339ea644550e,,2025-11-12T07:11:57.501Z,727.1430362061408,178.14838426099467,0,0,,,screenshots/screen_000006.png
69142eb4410888a7b66fa988,68e48f1a803e577b1177152e,6912a59f410888a7b66ed6cf,screenshot-44592419-cff6-4695-a3b9-339ea644550e,,2025-11-12T07:11:57.615Z,738.5661961656136,138.74860942246926,0,0,,,screenshots/screen_000006.png
69142eb4410888a7b66fa988,68e48f1a803e577b1177152e,6912a59f410888a7b66ed6cf,screenshot-44592419-cff6-4695-a3b9-339ea644550e,,2025-11-12T07:11:57.723Z,707.8999295593405,148.67769363491695,0,0,,,screenshots/screen_000006.png
69142eb4410888a7b66fa988,68e48f1a803e577b1177152e,6912a59f410888a7b66ed6cf,screenshot-44592419-cff6-4695-a3b9-339ea644550e,,2025-11-12T07:11:57.821Z,721.6220573580357,150.2374691175523,0,0,,,screenshots/screen_000006.png
69142eb4410888a7b66fa988,68e48f1a803e577b1177152e,6912a59f410888a7b66ed6cf,screenshot-44592419-cff6-4695-a3b9-339ea644550e,,2025-11-12T07:11:57.924Z,708.4651103703621,183.24593082501002,0,0,,,screenshots/screen_000006.png
69142eb4410888a7b66fa988,68e48f1a803e577b1177152e,6912a59f410888a7b66ed6cf,screenshot-44592419-cff6-4695-a3b9-339ea644550e,,2025-11-12T07:11:58.028Z,674.0127990235861,205.85792011680488,0,0,,,screenshots/screen_000006.png
69142eb4410888a7b66fa988,68e48f1a803e577b1177152e,6912a59f410888a7b66ed6cf,screenshot-44592419-cff6-4695-a3b9-339ea644550e,,2025-11-12T07:11:58.124Z,620.8916018058709,228.59132965879652,0,0,,,screenshots/screen_000006.png
69142eb4410888a7b66fa988,68e48f1a803e577b1177152e,6912a59f410888a7b66ed6cf,screenshot-44592419-cff6-4695-a3b9-339ea644550e,,2025-11-12T07:11:58.226Z,619.9721919725804,252.5593393487025,0,0,,,screenshots/screen_000006.png
69142eb4410888a7b66fa988,68e48f1a803e577b1177152e,6912a59f410888a7b66ed6cf,screenshot-44592419-cff6-4695-a3b9-339ea644550e,,2025-11-12T07:11:58.324Z,598.2524733875891,277.98746939095474,0,0,,,screenshots/screen_000006.png
69142eb4410888a7b66fa988,68e48f1a803e577b1177152e,6912a59f410888a7b66ed6cf,screenshot-44592419-cff6-4695-a3b9-339ea644550e,,2025-11-12T07:11:58.424Z,601.0284861441369,272.38743895577664,0,0,,,screenshots/screen_000006.png
69142eb4410888a7b66fa988,68e48f1a803e577b1177152e,6912a59f410888a7b66ed6cf,screenshot-44592419-cff6-4695-a3b9-339ea644550e,,2025-11-12T07:11:58.530Z,561.4533520571838,297.94067386677574,0,0,,,screenshots/screen_000006.png
69142eb4410888a7b66fa988,68e48f1a803e577b1177152e,6912a59f410888a7b66ed6cf,screenshot-44592419-cff6-4695-a3b9-339ea644550e,,2025-11-12T07:11:58.632Z,510.2031446714417,303.3877375606162,0,0,,,screenshots/screen_000006.png
69142eb4410888a7b66fa988,68e48f1a803e577b1177152e,6912a59f410888a7b66ed6cf,screenshot-44592419-cff6-4695-a3b9-339ea644550e,,2025-11-12T07:11:58.729Z,528.5525471438605,301.6440318890827,0,0,,,screenshots/screen_000006.png
69142eb4410888a7b66fa988,68e48f1a803e577b1177152e,6912a59f410888a7b66ed6cf,screenshot-44592419-cff6-4695-a3b9-339ea644550e,,2025-11-12T07:11:58.828Z,617.4046867411572,279.21133360886876,0,0,,,screenshots/screen_000006.png
69142eb4410888a7b66fa988,68e48f1a803e577b1177152e,6912a59f410888a7b66ed6cf,screenshot-44592419-cff6-4695-a3b9-339ea644550e,,2025-11-12T07:11:58.931Z,611.6310888007645,277.3317889384252,0,0,,,screenshots/screen_000006.png
69142eb4410888a7b66fa988,68e48f1a803e577b1177152e,6912a59f410888a7b66ed6cf,screenshot-44592419-cff6-4695-a3b9-339ea644550e,,2025-11-12T07:11:59.031Z,645.1039723979502,276.94651413837124,0,0,,,screenshots/screen_000006.png
69142eb4410888a7b66fa988,68e48f1a803e577b1177152e,6912a59f410888a7b66ed6cf,screenshot-44592419-cff6-4695-a3b9-339ea644550e,,2025-11-12T07:11:59.129Z,640.0761689084421,277.39403555713926,0,0,,,screenshots/screen_000006.png
69142eb4410888a7b66fa988,68e48f1a803e577b1177152e,6912a59f410888a7b66ed6cf,screenshot-44592419-cff6-4695-a3b9-339ea644550e,,2025-11-12T07:11:59.250Z,646.5057622486856,266.5577677480586,0,0,,,screenshots/screen_000006.png
69142eb4410888a7b66fa988,68e48f1a803e577b1177152e,6912a59f410888a7b66ed6cf,screenshot-44592419-cff6-4695-a3b9-339ea644550e,,2025-11-12T07:11:59.366Z,631.698004617014,286.9851837437622,0,0,,,screenshots/screen_000006.png
69142eb4410888a7b66fa988,68e48f1a803e577b1177152e,6912a59f410888a7b66ed6cf,screenshot-44592419-cff6-4695-a3b9-339ea644550e,,2025-11-12T07:11:59.462Z,674.6866968875356,294.9433681027616,0,0,,,screenshots/screen_000006.png
69142eb4410888a7b66fa988,68e48f1a803e577b1177152e,6912a59f410888a7b66ed6cf,screenshot-44592419-cff6-4695-a3b9-339ea644550e,,2025-11-12T07:11:59.561Z,769.7399781642888,258.4526565211131,0,0,,,screenshots/screen_000006.png
69142eb4410888a7b66fa988,68e48f1a803e577b1177152e,6912a59f410888a7b66ed6cf,screenshot-44592419-cff6-4695-a3b9-339ea644550e,,2025-11-12T07:11:59.660Z,739.0047297544746,274.38851998291744,0,0,,,screenshots/screen_000006.png
69142eb4410888a7b66fa988,68e48f1a803e577b1177152e,6912a59f410888a7b66ed6cf,screenshot-44592419-cff6-4695-a3b9-339ea644550e,,2025-11-12T07:11:59.764Z,802.6944119004453,284.0114539814554,0,0,,,screenshots/screen_000006.png
69142eb4410888a7b66fa988,68e48f1a803e577b1177152e,6912a59f410888a7b66ed6cf,screenshot-44592419-cff6-4695-a3b9-339ea644550e,,2025-11-12T07:11:59.861Z,797.0294865523712,286.3878401992707,0,0,,,screenshots/screen_000006.png
69142eb4410888a7b66fa988,68e48f1a803e577b1177152e,6912a59f410888a7b66ed6cf,screenshot-44592419-cff6-4695-a3b9-339ea644550e,,2025-11-12T07:11:59.963Z,775.5182376090162,297.3665843384501,0,0,,,screenshots/screen_000006.png
69142eb4410888a7b66fa988,68e48f1a803e577b1177152e,6912a59f410888a7b66ed6cf,screenshot-44592419-cff6-4695-a3b9-339ea644550e,,2025-11-12T07:12:00.063Z,878.9106407795599,259.11534800397874,0,0,,,screenshots/screen_000006.png
69142eb4410888a7b66fa988,68e48f1a803e577b1177152e,6912a59f410888a7b66ed6cf,screenshot-44592419-cff6-4695-a3b9-339ea644550e,,2025-11-12T07:12:00.163Z,803.0582090024458,273.6062982356582,0,0,,,screenshots/screen_000006.png
69142eb4410888a7b66fa988,68e48f1a803e577b1177152e,6912a59f410888a7b66ed6cf,screenshot-44592419-cff6-4695-a3b9-339ea644550e,,2025-11-12T07:12:00.261Z,918.4852798785804,259.5661181268333,0,0,,,screenshots/screen_000006.png
69142eb4410888a7b66fa988,68e48f1a803e577b1177152e,6912a59f410888a7b66ed6cf,screenshot-44592419-cff6-4695-a3b9-339ea644550e,,2025-11-12T07:12:00.360Z,857.1886369841686,268.61024024920937,0,0,,,screenshots/screen_000006.png
69142eb4410888a7b66fa988,68e48f1a803e577b1177152e,6912a59f410888a7b66ed6cf,screenshot-44592419-cff6-4695-a3b9-339ea644550e,,2025-11-12T07:12:00.464Z,821.3233549631634,296.72392493909587,0,0,,,screenshots/screen_000006.png
69142eb4410888a7b66fa988,68e48f1a803e577b1177152e,6912a59f410888a7b66ed6cf,screenshot-44592419-cff6-4695-a3b9-339ea644550e,,2025-11-12T07:12:00.561Z,759.0817592113854,319.65384405905,0,0,,,screenshots/screen_000006.png
69142eb4410888a7b66fa988,68e48f1a803e577b1177152e,6912a59f410888a7b66ed6cf,screenshot-44592419-cff6-4695-a3b9-339ea644550e,,2025-11-12T07:12:00.665Z,678.6390522722306,332.1931503316959,0,0,,,screenshots/screen_000006.png
69142eb4410888a7b66fa988,68e48f1a803e577b1177152e,6912a59f410888a7b66ed6cf,screenshot-44592419-cff6-4695-a3b9-339ea644550e,,2025-11-12T07:12:00.776Z,634.6398598045038,327.72174353476123,0,0,,,screenshots/screen_000006.png
69142eb4410888a7b66fa988,68e48f1a803e577b1177152e,6912a59f410888a7b66ed6cf,screenshot-44592419-cff6-4695-a3b9-339ea644550e,,2025-11-12T07:12:00.891Z,561.3906902483683,303.19290920271993,0,0,,,screenshots/screen_000006.png
69142eb4410888a7b66fa988,68e48f1a803e577b1177152e,6912a59f410888a7b66ed6cf,screenshot-44592419-cff6-4695-a3b9-339ea644550e,,2025-11-12T07:12:01.002Z,531.2683762038947,268.6211248164923,0,0,,,screenshots/screen_000006.png
69142eb4410888a7b66fa988,68e48f1a803e577b1177152e,6912a59f410888a7b66ed6cf,screenshot-44592419-cff6-4695-a3b9-339ea644550e,,2025-11-12T07:12:01.106Z,488.1843090515031,258.73923258282224,0,0,,,screenshots/screen_000006.png
69142eb4410888a7b66fa988,68e48f1a803e577b1177152e,6912a59f410888a7b66ed6cf,screenshot-44592419-cff6-4695-a3b9-339ea644550e,,2025-11-12T07:12:01.205Z,460.8035556205648,251.08162243321135,0,0,,,screenshots/screen_000006.png
69142eb4410888a7b66fa988,68e48f1a803e577b1177152e,6912a59f410888a7b66ed6cf,screenshot-44592419-cff6-4695-a3b9-339ea644550e,,2025-11-12T07:12:01.302Z,432.09448851462724,249.85861989446548,0,0,,,screenshots/screen_000006.png
69142eb4410888a7b66fa988,68e48f1a803e577b1177152e,6912a59f410888a7b66ed6cf,screenshot-44592419-cff6-4695-a3b9-339ea644550e,,2025-11-12T07:12:01.401Z,418.422105886675,264.3553198023207,0,0,,,screenshots/screen_000006.png
69142eb4410888a7b66fa988,68e48f1a803e577b1177152e,6912a59f410888a7b66ed6cf,screenshot-44592419-cff6-4695-a3b9-339ea644550e,,2025-11-12T07:12:01.505Z,432.6826561032342,229.85110794385793,0,0,,,screenshots/screen_000006.png
69142eb4410888a7b66fa988,68e48f1a803e577b1177152e,6912a59f410888a7b66ed6cf,screenshot-44592419-cff6-4695-a3b9-339ea644550e,,2025-11-12T07:12:01.629Z,420.68059302381056,186.8657007852272,0,0,,,screenshots/screen_000006.png
69142eb4410888a7b66fa988,68e48f1a803e577b1177152e,6912a59f410888a7b66ed6cf,screenshot-44592419-cff6-4695-a3b9-339ea644550e,,2025-11-12T07:12:01.745Z,360.2558936446187,171.76983266590486,0,0,,,screenshots/screen_000006.png
69142eb4410888a7b66fa988,68e48f1a803e577b1177152e,6912a59f410888a7b66ed6cf,screenshot-44592419-cff6-4695-a3b9-339ea644550e,,2025-11-12T07:12:01.854Z,406.64775990183665,147.23068609866766,0,0,,,screenshots/screen_000006.png
69142eb4410888a7b66fa988,68e48f1a803e577b1177152e,6912a59f410888a7b66ed6cf,screenshot-44592419-cff6-4695-a3b9-339ea644550e,,2025-11-12T07:12:01.971Z,492.70510956253975,136.17228972586648,0,0,,,screenshots/screen_000006.png
69142eb4410888a7b66fa988,68e48f1a803e577b1177152e,6912a59f410888a7b66ed6cf,screenshot-44592419-cff6-4695-a3b9-339ea644550e,,2025-11-12T07:12:02.089Z,534.8303319939705,105.10401787309996,0,0,,,screenshots/screen_000006.png
69142eb4410888a7b66fa988,68e48f1a803e577b1177152e,6912a59f410888a7b66ed6cf,screenshot-44592419-cff6-4695-a3b9-339ea644550e,,2025-11-12T07:12:02.212Z,496.28340448171423,116.11714027391781,0,0,,,screenshots/screen_000006.png
69142eb4410888a7b66fa988,68e48f1a803e577b1177152e,6912a59f410888a7b66ed6cf,screenshot-44592419-cff6-4695-a3b9-339ea644550e,,2025-11-12T07:12:02.320Z,437.13137964433406,121.83833275295049,0,0,,,screenshots/screen_000006.png
69142eb4410888a7b66fa988,68e48f1a803e577b1177152e,6912a59f410888a7b66ed6cf,screenshot-44592419-cff6-4695-a3b9-339ea644550e,,2025-11-12T07:12:02.443Z,388.18530977612187,140.390984513116,0,0,,,screenshots/screen_000006.png
69142eb4410888a7b66fa988,68e48f1a803e577b1177152e,6912a59f410888a7b66ed6cf,screenshot-44592419-cff6-4695-a3b9-339ea644550e,,2025-11-12T07:12:02.546Z,362.26013392487465,121.64828290764436,0,0,,,screenshots/screen_000006.png
69142eb4410888a7b66fa988,68e48f1a803e577b1177152e,6912a59f410888a7b66ed6cf,screenshot-44592419-cff6-4695-a3b9-339ea644550e,,2025-11-12T07:12:02.645Z,390.6020755110876,267.5424144723188,0,0,,,screenshots/screen_000006.png
69142eb4410888a7b66fa988,68e48f1a803e577b1177152e,6912a59f410888a7b66ed6cf,screenshot-44592419-cff6-4695-a3b9-339ea644550e,,2025-11-12T07:12:02.740Z,600.3073468124501,331.40962925540606,0,0,,,screenshots/screen_000006.png
69142eb4410888a7b66fa988,68e48f1a803e577b1177152e,6912a59f410888a7b66ed6cf,screenshot-44592419-cff6-4695-a3b9-339ea644550e,,2025-11-12T07:12:02.844Z,613.229611475479,327.4020775768442,0,0,,,screenshots/screen_000006.png
69142eb4410888a7b66fa988,68e48f1a803e577b1177152e,6912a59f410888a7b66ed6cf,screenshot-44592419-cff6-4695-a3b9-339ea644550e,,2025-11-12T07:12:02.942Z,586.0165151435967,332.6695828533675,0,0,,,screenshots/screen_000006.png
69142eb4410888a7b66fa988,68e48f1a803e577b1177152e,6912a59f410888a7b66ed6cf,screenshot-44592419-cff6-4695-a3b9-339ea644550e,,2025-11-12T07:12:03.039Z,583.4876905595925,339.2134645499409,0,0,,,screenshots/screen_000006.png
69142eb4410888a7b66fa988,68e48f1a803e577b1177152e,6912a59f410888a7b66ed6cf,screenshot-44592419-cff6-4695-a3b9-339ea644550e,,2025-11-12T07:12:03.140Z,560.8943298372742,320.6400659723516,0,0,,,screenshots/screen_000006.png
69142eb4410888a7b66fa988,68e48f1a803e577b1177152e,6912a59f410888a7b66ed6cf,screenshot-44592419-cff6-4695-a3b9-339ea644550e,,2025-11-12T07:12:03.239Z,564.9762985600959,312.82116902314806,0,0,,,screenshots/screen_000006.png
69142eb4410888a7b66fa988,68e48f1a803e577b1177152e,6912a59f410888a7b66ed6cf,screenshot-44592419-cff6-4695-a3b9-339ea644550e,,2025-11-12T07:12:03.343Z,568.7603204909084,289.5926151401497,0,0,,,screenshots/screen_000006.png
69142eb4410888a7b66fa988,68e48f1a803e577b1177152e,6912a59f410888a7b66ed6cf,screenshot-44592419-cff6-4695-a3b9-339ea644550e,,2025-11-12T07:12:03.471Z,541.7109408697482,253.04632750580367,0,0,,,screenshots/screen_000006.png
69142eb4410888a7b66fa988,68e48f1a803e577b1177152e,6912a59f410888a7b66ed6cf,screenshot-44592419-cff6-4695-a3b9-339ea644550e,,2025-11-12T07:12:03.625Z,523.0394659159588,252.28603816794384,0,0,,,screenshots/screen_000006.png
69142eb4410888a7b66fa988,68e48f1a803e577b1177152e,6912a59f410888a7b66ed6cf,screenshot-44592419-cff6-4695-a3b9-339ea644550e,,2025-11-12T07:12:03.769Z,482.47113004316526,263.50679683252815,0,0,,,screenshots/screen_000006.png
69142eb4410888a7b66fa988,68e48f1a803e577b1177152e,6912a59f410888a7b66ed6cf,screenshot-44592419-cff6-4695-a3b9-339ea644550e,,2025-11-12T07:12:03.898Z,497.9495635602577,257.65244294127115,0,0,,,screenshots/screen_000006.png
69142eb4410888a7b66fa988,68e48f1a803e577b1177152e,6912a59f410888a7b66ed6cf,screenshot-44592419-cff6-4695-a3b9-339ea644550e,,2025-11-12T07:12:04.035Z,449.44205249326103,255.10514245048438,0,0,,,screenshots/screen_000006.png
69142eb4410888a7b66fa988,68e48f1a803e577b1177152e,6912a59f410888a7b66ed6cf,screenshot-44592419-cff6-4695-a3b9-339ea644550e,,2025-11-12T07:12:04.195Z,474.39153713126876,233.99543977664115,0,0,,,screenshots/screen_000006.png
69142eb4410888a7b66fa988,68e48f1a803e577b1177152e,6912a59f410888a7b66ed6cf,screenshot-44592419-cff6-4695-a3b9-339ea644550e,,2025-11-12T07:12:04.341Z,444.23113811182907,245.02096659379708,0,0,,,screenshots/screen_000006.png
69142eb4410888a7b66fa988,68e48f1a803e577b1177152e,6912a59f410888a7b66ed6cf,screenshot-44592419-cff6-4695-a3b9-339ea644550e,,2025-11-12T07:12:04.465Z,373.68025500250957,257.2593916338191,0,0,,,screenshots/screen_000006.png
69142eb4410888a7b66fa988,68e48f1a803e577b1177152e,6912a59f410888a7b66ed6cf,screenshot-44592419-cff6-4695-a3b9-339ea644550e,,2025-11-12T07:12:04.576Z,370.75998547998785,256.6551423660166,0,0,,,screenshots/screen_000006.png
69142eb4410888a7b66fa988,68e48f1a803e577b1177152e,6912a59f410888a7b66ed6cf,screenshot-44592419-cff6-4695-a3b9-339ea644550e,,2025-11-12T07:12:04.683Z,367.7401389042557,265.5655948189704,0,0,,,screenshots/screen_000006.png
69142eb4410888a7b66fa988,68e48f1a803e577b1177152e,6912a59f410888a7b66ed6cf,screenshot-44592419-cff6-4695-a3b9-339ea644550e,,2025-11-12T07:12:04.786Z,421.16477176273736,249.07316050841405,0,0,,,screenshots/screen_000006.png
69142eb4410888a7b66fa988,68e48f1a803e577b1177152e,6912a59f410888a7b66ed6cf,screenshot-44592419-cff6-4695-a3b9-339ea644550e,,2025-11-12T07:12:04.884Z,451.1579662446041,249.04589887198506,0,0,,,screenshots/screen_000006.png
69142eb4410888a7b66fa988,68e48f1a803e577b1177152e,6912a59f410888a7b66ed6cf,screenshot-44592419-cff6-4695-a3b9-339ea644550e,,2025-11-12T07:12:04.987Z,468.462706859807,251.01457140384065,0,0,,,screenshots/screen_000006.png
69142eb4410888a7b66fa988,68e48f1a803e577b1177152e,6912a59f410888a7b66ed6cf,screenshot-44592419-cff6-4695-a3b9-339ea644550e,,2025-11-12T07:12:05.086Z,488.27765923810256,266.17216122490635,0,0,,,screenshots/screen_000006.png
69142eb4410888a7b66fa988,68e48f1a803e577b1177152e,6912a59f410888a7b66ed6cf,screenshot-44592419-cff6-4695-a3b9-339ea644550e,,2025-11-12T07:12:05.184Z,555.7552982120532,242.2358517403443,0,0,,,screenshots/screen_000006.png
69142eb4410888a7b66fa988,68e48f1a803e577b1177152e,6912a59f410888a7b66ed6cf,screenshot-44592419-cff6-4695-a3b9-339ea644550e,,2025-11-12T07:12:05.854Z,565.0660167684092,243.162935171432,0,0,,,screenshots/screen_000006.png
69142eb4410888a7b66fa988,68e48f1a803e577b1177152e,6912a59f410888a7b66ed6cf,screenshot-44592419-cff6-4695-a3b9-339ea644550e,,2025-11-12T07:12:06.510Z,552.6809138936925,238.96308887314072,0,0,,,screenshots/screen_000006.png
69142eb4410888a7b66fa988,68e48f1a803e577b1177152e,6912a59f410888a7b66ed6cf,screenshot-44592419-cff6-4695-a3b9-339ea644550e,,2025-11-12T07:12:06.626Z,602.0435561666368,200.51513862641656,0,0,,,screenshots/screen_000006.png
69142eb4410888a7b66fa988,68e48f1a803e577b1177152e,6912a59f410888a7b66ed6cf,screenshot-44592419-cff6-4695-a3b9-339ea644550e,,2025-11-12T07:12:06.859Z,603.5856524282294,180.1064425584256,0,0,,,screenshots/screen_000006.png
69142eb4410888a7b66fa988,68e48f1a803e577b1177152e,6912a59f410888a7b66ed6cf,screenshot-44592419-cff6-4695-a3b9-339ea644550e,,2025-11-12T07:12:06.994Z,638.9324909312238,128.53688140919812,0,0,,,screenshots/screen_000006.png
69142eb4410888a7b66fa988,68e48f1a803e577b1177152e,6912a59f410888a7b66ed6cf,screenshot-44592419-cff6-4695-a3b9-339ea644550e,,2025-11-12T07:12:07.112Z,647.2558604753048,101.99347663120572,0,0,,,screenshots/screen_000006.png
69142eb4410888a7b66fa988,68e48f1a803e577b1177152e,6912a59f410888a7b66ed6cf,screenshot-92c3fa3a-6572-42be-9ce4-0541f882684d,,2025-11-12T07:12:08.614Z,674.1438577413393,142.91542737147412,0,0,,,screenshots/screen_000007.png
69142eb4410888a7b66fa988,68e48f1a803e577b1177152e,6912a59f410888a7b66ed6cf,screenshot-92c3fa3a-6572-42be-9ce4-0541f882684d,,2025-11-12T07:12:08.725Z,630.0409784650195,148.86817355850295,0,0,,,screenshots/screen_000007.png
69142eb4410888a7b66fa988,68e48f1a803e577b1177152e,6912a59f410888a7b66ed6cf,screenshot-92c3fa3a-6572-42be-9ce4-0541f882684d,,2025-11-12T07:12:08.836Z,552.314307409003,176.0540612005591,0,0,,,screenshots/screen_000007.png
69142eb4410888a7b66fa988,68e48f1a803e577b1177152e,6912a59f410888a7b66ed6cf,screenshot-92c3fa3a-6572-42be-9ce4-0541f882684d,,2025-11-12T07:12:08.947Z,498.52332505317906,185.39028574606945,0,0,,,screenshots/screen_000007.png
69142eb4410888a7b66fa988,68e48f1a803e577b1177152e,6912a59f410888a7b66ed6cf,screenshot-92c3fa3a-6572-42be-9ce4-0541f882684d,,2025-11-12T07:12:09.056Z,423.3164313647337,183.0831521863303,0,0,,,screenshots/screen_000007.png
69142eb4410888a7b66fa988,68e48f1a803e577b1177152e,6912a59f410888a7b66ed6cf,screenshot-92c3fa3a-6572-42be-9ce4-0541f882684d,,2025-11-12T07:12:09.204Z,370.00450180933916,180.7902827368142,0,0,,,screenshots/screen_000007.png
69142eb4410888a7b66fa988,68e48f1a803e577b1177152e,6912a59f410888a7b66ed6cf,screenshot-92c3fa3a-6572-42be-9ce4-0541f882684d,,2025-11-12T07:12:09.353Z,339.56141177438275,190.97922786876654,0,0,,,screenshots/screen_000007.png
69142eb4410888a7b66fa988,68e48f1a803e577b1177152e,6912a59f410888a7b66ed6cf,screenshot-92c3fa3a-6572-42be-9ce4-0541f882684d,,2025-11-12T07:12:09.503Z,376.02333145636544,182.08455900705854,0,0,,,screenshots/screen_000007.png
69142eb4410888a7b66fa988,68e48f1a803e577b1177152e,6912a59f410888a7b66ed6cf,screenshot-92c3fa3a-6572-42be-9ce4-0541f882684d,,2025-11-12T07:12:09.653Z,365.89061114026737,208.96089052144538,0,0,,,screenshots/screen_000007.png
69142eb4410888a7b66fa988,68e48f1a803e577b1177152e,6912a59f410888a7b66ed6cf,screenshot-92c3fa3a-6572-42be-9ce4-0541f882684d,,2025-11-12T07:12:09.820Z,415.44593256449133,197.91933359186237,0,0,,,screenshots/screen_000007.png
69142eb4410888a7b66fa988,68e48f1a803e577b1177152e,6912a59f410888a7b66ed6cf,screenshot-92c3fa3a-6572-42be-9ce4-0541f882684d,,2025-11-12T07:12:09.970Z,446.9332360717732,186.17918663274273,0,0,,,screenshots/screen_000007.png
69142eb4410888a7b66fa988,68e48f1a803e577b1177152e,6912a59f410888a7b66ed6cf,screenshot-92c3fa3a-6572-42be-9ce4-0541f882684d,,2025-11-12T07:12:10.120Z,442.48403532180066,206.60487025101617,0,0,,,screenshots/screen_000007.png
69142eb4410888a7b66fa988,68e48f1a803e577b1177152e,6912a59f410888a7b66ed6cf,screenshot-92c3fa3a-6572-42be-9ce4-0541f882684d,,2025-11-12T07:12:10.293Z,411.4767532438868,254.64492324704295,0,0,,,screenshots/screen_000007.png
69142eb4410888a7b66fa988,68e48f1a803e577b1177152e,6912a59f410888a7b66ed6cf,screenshot-92c3fa3a-6572-42be-9ce4-0541f882684d,,2025-11-12T07:12:10.437Z,392.9614818862459,247.85019134609507,0,0,,,screenshots/screen_000007.png
69142eb4410888a7b66fa988,68e48f1a803e577b1177152e,6912a59f410888a7b66ed6cf,screenshot-92c3fa3a-6572-42be-9ce4-0541f882684d,,2025-11-12T07:12:10.573Z,411.94665505695394,210.19646678679746,0,0,,,screenshots/screen_000007.png
69142eb4410888a7b66fa988,68e48f1a803e577b1177152e,6912a59f410888a7b66ed6cf,screenshot-92c3fa3a-6572-42be-9ce4-0541f882684d,,2025-11-12T07:12:10.723Z,469.7825476907591,177.4993349651116,0,0,,,screenshots/screen_000007.png
69142eb4410888a7b66fa988,68e48f1a803e577b1177152e,6912a59f410888a7b66ed6cf,screenshot-92c3fa3a-6572-42be-9ce4-0541f882684d,,2025-11-12T07:12:10.903Z,474.04382471606397,183.03631118095296,0,0,,,screenshots/screen_000007.png
69142eb4410888a7b66fa988,68e48f1a803e577b1177152e,6912a59f410888a7b66ed6cf,screenshot-92c3fa3a-6572-42be-9ce4-0541f882684d,,2025-11-12T07:12:11.087Z,478.0128885141466,152.29661536877535,0,0,,,screenshots/screen_000007.png
69142eb4410888a7b66fa988,68e48f1a803e577b1177152e,6912a59f410888a7b66ed6cf,screenshot-92c3fa3a-6572-42be-9ce4-0541f882684d,,2025-11-12T07:12:11.205Z,464.97731874807647,183.47626224543015,0,0,,,screenshots/screen_000007.png
69142eb4410888a7b66fa988,68e48f1a803e577b1177152e,6912a59f410888a7b66ed6cf,screenshot-92c3fa3a-6572-42be-9ce4-0541f882684d,,2025-11-12T07:12:11.302Z,450.04956129842213,180.6187106503996,0,0,,,screenshots/screen_000007.png
69142eb4410888a7b66fa988,68e48f1a803e577b1177152e,6912a59f410888a7b66ed6cf,screenshot-92c3fa3a-6572-42be-9ce4-0541f882684d,,2025-11-12T07:12:11.414Z,483.0058285730955,165.46177182773098,0,0,,,screenshots/screen_000007.png
69142eb4410888a7b66fa988,68e48f1a803e577b1177152e,6912a59f410888a7b66ed6cf,screenshot-92c3fa3a-6572-42be-9ce4-0541f882684d,,2025-11-12T07:12:11.509Z,487.5857492209975,158.98924138722765,0,0,,,screenshots/screen_000007.png
69142eb4410888a7b66fa988,68e48f1a803e577b1177152e,6912a59f410888a7b66ed6cf,screenshot-92c3fa3a-6572-42be-9ce4-0541f882684d,,2025-11-12T07:12:11.604Z,437.36911156495574,153.33101760169492,0,0,,,screenshots/screen_000007.png
69142eb4410888a7b66fa988,68e48f1a803e577b1177152e,6912a59f410888a7b66ed6cf,screenshot-92c3fa3a-6572-42be-9ce4-0541f882684d,,2025-11-12T07:12:11.714Z,470.64110444792345,143.1844330880883,0,0,,,screenshots/screen_000007.png
69142eb4410888a7b66fa988,68e48f1a803e577b1177152e,6912a59f410888a7b66ed6cf,screenshot-92c3fa3a-6572-42be-9ce4-0541f882684d,,2025-11-12T07:12:11.805Z,489.43504710267194,137.10621481752756,0,0,,,screenshots/screen_000007.png
69142eb4410888a7b66fa988,68e48f1a803e577b1177152e,6912a59f410888a7b66ed6cf,screenshot-92c3fa3a-6572-42be-9ce4-0541f882684d,,2025-11-12T07:12:11.905Z,464.9290307921171,129.61672666375821,0,0,,,screenshots/screen_000007.png
69142eb4410888a7b66fa988,68e48f1a803e577b1177152e,6912a59f410888a7b66ed6cf,screenshot-92c3fa3a-6572-42be-9ce4-0541f882684d,,2025-11-12T07:12:12.005Z,467.7082403264353,125.39555201911942,0,0,,,screenshots/screen_000007.png
69142eb4410888a7b66fa988,68e48f1a803e577b1177152e,6912a59f410888a7b66ed6cf,screenshot-92c3fa3a-6572-42be-9ce4-0541f882684d,,2025-11-12T07:12:12.107Z,464.59243105985723,141.26633120791834,0,0,,,screenshots/screen_000007.png
69142eb4410888a7b66fa988,68e48f1a803e577b1177152e,6912a59f410888a7b66ed6cf,screenshot-92c3fa3a-6572-42be-9ce4-0541f882684d,,2025-11-12T07:12:12.207Z,470.8106317247461,151.6865768854788,0,0,,,screenshots/screen_000007.png
69142eb4410888a7b66fa988,68e48f1a803e577b1177152e,6912a59f410888a7b66ed6cf,screenshot-92c3fa3a-6572-42be-9ce4-0541f882684d,,2025-11-12T07:12:12.305Z,497.32211146808237,149.78664334077612,0,0,,,screenshots/screen_000007.png
69142eb4410888a7b66fa988,68e48f1a803e577b1177152e,6912a59f410888a7b66ed6cf,screenshot-92c3fa3a-6572-42be-9ce4-0541f882684d,,2025-11-12T07:12:12.408Z,496.21991582944753,142.17455395460078,0,0,,,screenshots/screen_000007.png
69142eb4410888a7b66fa988,68e48f1a803e577b1177152e,6912a59f410888a7b66ed6cf,screenshot-92c3fa3a-6572-42be-9ce4-0541f882684d,,2025-11-12T07:12:12.516Z,498.16578982804356,171.3499644043704,0,0,,,screenshots/screen_000007.png
69142eb4410888a7b66fa988,68e48f1a803e577b1177152e,6912a59f410888a7b66ed6cf,screenshot-92c3fa3a-6572-42be-9ce4-0541f882684d,,2025-11-12T07:12:12.614Z,506.7259808048839,176.95586325696982,0,0,,,screenshots/screen_000007.png
69142eb4410888a7b66fa988,68e48f1a803e577b1177152e,6912a59f410888a7b66ed6cf,screenshot-92c3fa3a-6572-42be-9ce4-0541f882684d,,2025-11-12T07:12:12.706Z,535.596491380837,151.01346335644985,0,0,,,screenshots/screen_000007.png
69142eb4410888a7b66fa988,68e48f1a803e577b1177152e,6912a59f410888a7b66ed6cf,screenshot-92c3fa3a-6572-42be-9ce4-0541f882684d,,2025-11-12T07:12:12.805Z,593.1624986517983,129.6176880046107,0,0,,,screenshots/screen_000007.png
69142eb4410888a7b66fa988,68e48f1a803e577b1177152e,6912a59f410888a7b66ed6cf,screenshot-92c3fa3a-6572-42be-9ce4-0541f882684d,,2025-11-12T07:12:12.909Z,599.3279412469518,108.13573274213904,0,0,,,screenshots/screen_000007.png
69142eb4410888a7b66fa988,68e48f1a803e577b1177152e,6912a59f410888a7b66ed6cf,screenshot-92c3fa3a-6572-42be-9ce4-0541f882684d,,2025-11-12T07:12:13.012Z,619.3250291038303,141.8888761570471,0,0,,,screenshots/screen_000007.png
69142eb4410888a7b66fa988,68e48f1a803e577b1177152e,6912a59f410888a7b66ed6cf,screenshot-92c3fa3a-6572-42be-9ce4-0541f882684d,,2025-11-12T07:12:13.106Z,641.2923947677415,148.03686959922535,0,0,,,screenshots/screen_000007.png
69142eb4410888a7b66fa988,68e48f1a803e577b1177152e,6912a59f410888a7b66ed6cf,screenshot-92c3fa3a-6572-42be-9ce4-0541f882684d,,2025-11-12T07:12:13.209Z,691.7923824397374,122.70534583428027,0,0,,,screenshots/screen_000007.png
69142eb4410888a7b66fa988,68e48f1a803e577b1177152e,6912a59f410888a7b66ed6cf,screenshot-92c3fa3a-6572-42be-9ce4-0541f882684d,,2025-11-12T07:12:13.311Z,725.8612272194804,111.32953433051833,0,0,,,screenshots/screen_000007.png
69142eb4410888a7b66fa988,68e48f1a803e577b1177152e,6912a59f410888a7b66ed6cf,screenshot-92c3fa3a-6572-42be-9ce4-0541f882684d,,2025-11-12T07:12:13.413Z,749.3049337104939,105.1867990107405,0,0,,,screenshots/screen_000007.png
69142eb4410888a7b66fa988,68e48f1a803e577b1177152e,6912a59f410888a7b66ed6cf,screenshot-92c3fa3a-6572-42be-9ce4-0541f882684d,,2025-11-12T07:12:13.504Z,731.569004783125,103.62656102340314,0,0,,,screenshots/screen_000007.png
69142eb4410888a7b66fa988,68e48f1a803e577b1177152e,6912a59f410888a7b66ed6cf,screenshot-92c3fa3a-6572-42be-9ce4-0541f882684d,,2025-11-12T07:12:13.611Z,750.7980921557466,58.09095467639535,0,0,,,screenshots/screen_000007.png
69142eb4410888a7b66fa988,68e48f1a803e577b1177152e,6912a59f410888a7b66ed6cf,screenshot-92c3fa3a-6572-42be-9ce4-0541f882684d,,2025-11-12T07:12:13.709Z,801.6201976837893,40.54854886929528,0,0,,,screenshots/screen_000007.png
69142eb4410888a7b66fa988,68e48f1a803e577b1177152e,6912a59f410888a7b66ed6cf,screenshot-92c3fa3a-6572-42be-9ce4-0541f882684d,,2025-11-12T07:12:13.813Z,750.2302272625905,65.81992394445157,0,0,,,screenshots/screen_000007.png
69142eb4410888a7b66fa988,68e48f1a803e577b1177152e,6912a59f410888a7b66ed6cf,screenshot-92c3fa3a-6572-42be-9ce4-0541f882684d,,2025-11-12T07:12:13.911Z,755.8593683372558,62.43346146796951,0,0,,,screenshots/screen_000007.png
69142eb4410888a7b66fa988,68e48f1a803e577b1177152e,6912a59f410888a7b66ed6cf,screenshot-92c3fa3a-6572-42be-9ce4-0541f882684d,,2025-11-12T07:12:14.016Z,696.310580262467,76.46025255745157,0,0,,,screenshots/screen_000007.png
69142eb4410888a7b66fa988,68e48f1a803e577b1177152e,6912a59f410888a7b66ed6cf,screenshot-92c3fa3a-6572-42be-9ce4-0541f882684d,,2025-11-12T07:12:14.121Z,664.4184357355647,117.80699227218471,0,0,,,screenshots/screen_000007.png
69142eb4410888a7b66fa988,68e48f1a803e577b1177152e,6912a59f410888a7b66ed6cf,screenshot-92c3fa3a-6572-42be-9ce4-0541f882684d,,2025-11-12T07:12:14.221Z,633.4034687885398,106.14360743113586,0,0,,,screenshots/screen_000007.png
69142eb4410888a7b66fa988,68e48f1a803e577b1177152e,6912a59f410888a7b66ed6cf,screenshot-92c3fa3a-6572-42be-9ce4-0541f882684d,,2025-11-12T07:12:14.320Z,581.6858018693226,101.54126618653116,0,0,,,screenshots/screen_000007.png
69142eb4410888a7b66fa988,68e48f1a803e577b1177152e,6912a59f410888a7b66ed6cf,screenshot-92c3fa3a-6572-42be-9ce4-0541f882684d,,2025-11-12T07:12:14.420Z,547.3578186162575,90.64337412319944,0,0,,,screenshots/screen_000007.png
69142eb4410888a7b66fa988,68e48f1a803e577b1177152e,6912a59f410888a7b66ed6cf,screenshot-92c3fa3a-6572-42be-9ce4-0541f882684d,,2025-11-12T07:12:14.519Z,527.7514264280376,117.16050992760113,0,0,,,screenshots/screen_000007.png
69142eb4410888a7b66fa988,68e48f1a803e577b1177152e,6912a59f410888a7b66ed6cf,screenshot-92c3fa3a-6572-42be-9ce4-0541f882684d,,2025-11-12T07:12:14.618Z,489.0490306706503,142.17798011287348,0,0,,,screenshots/screen_000007.png
69142eb4410888a7b66fa988,68e48f1a803e577b1177152e,6912a59f410888a7b66ed6cf,screenshot-92c3fa3a-6572-42be-9ce4-0541f882684d,,2025-11-12T07:12:14.716Z,450.1015169596542,178.5397851385012,0,0,,,screenshots/screen_000007.png
69142eb4410888a7b66fa988,68e48f1a803e577b1177152e,6912a59f410888a7b66ed6cf,screenshot-92c3fa3a-6572-42be-9ce4-0541f882684d,,2025-11-12T07:12:14.817Z,438.7693027446126,200.35693037914325,0,0,,,screenshots/screen_000007.png
69142eb4410888a7b66fa988,68e48f1a803e577b1177152e,6912a59f410888a7b66ed6cf,screenshot-92c3fa3a-6572-42be-9ce4-0541f882684d,,2025-11-12T07:12:14.922Z,420.58473162532687,218.20188899223803,0,0,,,screenshots/screen_000007.png
69142eb4410888a7b66fa988,68e48f1a803e577b1177152e,6912a59f410888a7b66ed6cf,screenshot-92c3fa3a-6572-42be-9ce4-0541f882684d,,2025-11-12T07:12:15.025Z,387.45903103207286,223.32587411828723,0,0,,,screenshots/screen_000007.png
69142eb4410888a7b66fa988,68e48f1a803e577b1177152e,6912a59f410888a7b66ed6cf,screenshot-92c3fa3a-6572-42be-9ce4-0541f882684d,,2025-11-12T07:12:15.120Z,357.0056694313189,252.35694199852762,0,0,,,screenshots/screen_000007.png
69142eb4410888a7b66fa988,68e48f1a803e577b1177152e,6912a59f410888a7b66ed6cf,screenshot-92c3fa3a-6572-42be-9ce4-0541f882684d,,2025-11-12T07:12:15.220Z,368.53948694837925,230.1376576257653,0,0,,,screenshots/screen_000007.png
69142eb4410888a7b66fa988,68e48f1a803e577b1177152e,6912a59f410888a7b66ed6cf,screenshot-92c3fa3a-6572-42be-9ce4-0541f882684d,,2025-11-12T07:12:15.322Z,353.071078838892,234.20872037544018,0,0,,,screenshots/screen_000007.png
69142eb4410888a7b66fa988,68e48f1a803e577b1177152e,6912a59f410888a7b66ed6cf,screenshot-92c3fa3a-6572-42be-9ce4-0541f882684d,,2025-11-12T07:12:15.417Z,446.99698623827123,205.2439658922226,0,0,,,screenshots/screen_000007.png
69142eb4410888a7b66fa988,68e48f1a803e577b1177152e,6912a59f410888a7b66ed6cf,screenshot-92c3fa3a-6572-42be-9ce4-0541f882684d,,2025-11-12T07:12:15.518Z,448.03038505896654,205.07635927955442,0,0,,,screenshots/screen_000007.png
69142eb4410888a7b66fa988,68e48f1a803e577b1177152e,6912a59f410888a7b66ed6cf,screenshot-92c3fa3a-6572-42be-9ce4-0541f882684d,,2025-11-12T07:12:15.619Z,436.24494829156356,212.48432100642407,0,0,,,screenshots/screen_000007.png
69142eb4410888a7b66fa988,68e48f1a803e577b1177152e,6912a59f410888a7b66ed6cf,screenshot-92c3fa3a-6572-42be-9ce4-0541f882684d,,2025-11-12T07:12:15.725Z,435.76751878803003,199.94614845343972,0,0,,,screenshots/screen_000007.png
69142eb4410888a7b66fa988,68e48f1a803e577b1177152e,6912a59f410888a7b66ed6cf,screenshot-92c3fa3a-6572-42be-9ce4-0541f882684d,,2025-11-12T07:12:15.823Z,412.10667777622183,219.56981374717358,0,0,,,screenshots/screen_000007.png
69142eb4410888a7b66fa988,68e48f1a803e577b1177152e,6912a59f410888a7b66ed6cf,screenshot-92c3fa3a-6572-42be-9ce4-0541f882684d,,2025-11-12T07:12:15.920Z,423.40172975251517,213.928310129955,0,0,,,screenshots/screen_000007.png
69142eb4410888a7b66fa988,68e48f1a803e577b1177152e,6912a59f410888a7b66ed6cf,screenshot-92c3fa3a-6572-42be-9ce4-0541f882684d,,2025-11-12T07:12:16.023Z,413.212378636027,219.20477216770374,0,0,,,screenshots/screen_000007.png
69142eb4410888a7b66fa988,68e48f1a803e577b1177152e,6912a59f410888a7b66ed6cf,screenshot-92c3fa3a-6572-42be-9ce4-0541f882684d,,2025-11-12T07:12:16.124Z,405.6739473058684,246.21902957724942,0,0,,,screenshots/screen_000007.png
69142eb4410888a7b66fa988,68e48f1a803e577b1177152e,6912a59f410888a7b66ed6cf,screenshot-92c3fa3a-6572-42be-9ce4-0541f882684d,,2025-11-12T07:12:16.224Z,435.58163720911534,252.92364103967893,0,0,,,screenshots/screen_000007.png
69142eb4410888a7b66fa988,68e48f1a803e577b1177152e,6912a59f410888a7b66ed6cf,screenshot-92c3fa3a-6572-42be-9ce4-0541f882684d,,2025-11-12T07:12:16.321Z,424.357543512664,230.6965866029788,0,0,,,screenshots/screen_000007.png
69142eb4410888a7b66fa988,68e48f1a803e577b1177152e,6912a59f410888a7b66ed6cf,screenshot-92c3fa3a-6572-42be-9ce4-0541f882684d,,2025-11-12T07:12:16.424Z,433.593328851726,255.32044295082565,0,0,,,screenshots/screen_000007.png
69142eb4410888a7b66fa988,68e48f1a803e577b1177152e,6912a59f410888a7b66ed6cf,screenshot-92c3fa3a-6572-42be-9ce4-0541f882684d,,2025-11-12T07:12:16.518Z,453.87849026847556,244.09278518535365,0,0,,,screenshots/screen_000007.png
69142eb4410888a7b66fa988,68e48f1a803e577b1177152e,6912a59f410888a7b66ed6cf,screenshot-92c3fa3a-6572-42be-9ce4-0541f882684d,,2025-11-12T07:12:16.620Z,449.8789234643566,234.19898864987823,0,0,,,screenshots/screen_000007.png
69142eb4410888a7b66fa988,68e48f1a803e577b1177152e,6912a59f410888a7b66ed6cf,screenshot-92c3fa3a-6572-42be-9ce4-0541f882684d,,2025-11-12T07:12:16.724Z,469.39230392855563,235.40558200583607,0,0,,,screenshots/screen_000007.png
69142eb4410888a7b66fa988,68e48f1a803e577b1177152e,6912a59f410888a7b66ed6cf,screenshot-92c3fa3a-6572-42be-9ce4-0541f882684d,,2025-11-12T07:12:16.823Z,459.55235213929126,231.3471340347769,0,0,,,screenshots/screen_000007.png
69142eb4410888a7b66fa988,68e48f1a803e577b1177152e,6912a59f410888a7b66ed6cf,screenshot-92c3fa3a-6572-42be-9ce4-0541f882684d,,2025-11-12T07:12:16.918Z,491.2085216662437,203.70343180782257,0,0,,,screenshots/screen_000007.png
69142eb4410888a7b66fa988,68e48f1a803e577b1177152e,6912a59f410888a7b66ed6cf,screenshot-92c3fa3a-6572-42be-9ce4-0541f882684d,,2025-11-12T07:12:17.022Z,568.5960288171018,206.60991666070117,0,0,,,screenshots/screen_000007.png
69142eb4410888a7b66fa988,68e48f1a803e577b1177152e,6912a59f410888a7b66ed6cf,screenshot-92c3fa3a-6572-42be-9ce4-0541f882684d,,2025-11-12T07:12:17.129Z,574.704120564474,196.437866875088,0,0,,,screenshots/screen_000007.png
69142eb4410888a7b66fa988,68e48f1a803e577b1177152e,6912a59f410888a7b66ed6cf,screenshot-92c3fa3a-6572-42be-9ce4-0541f882684d,,2025-11-12T07:12:17.229Z,630.7861363173377,180.52802526833813,0,0,,,screenshots/screen_000007.png
69142eb4410888a7b66fa988,68e48f1a803e577b1177152e,6912a59f410888a7b66ed6cf,screenshot-92c3fa3a-6572-42be-9ce4-0541f882684d,,2025-11-12T07:12:17.328Z,677.200491559737,170.59410284187982,0,0,,,screenshots/screen_000007.png
69142eb4410888a7b66fa988,68e48f1a803e577b1177152e,6912a59f410888a7b66ed6cf,screenshot-92c3fa3a-6572-42be-9ce4-0541f882684d,,2025-11-12T07:12:17.427Z,716.549268592857,163.84754451977392,0,0,,,screenshots/screen_000007.png
69142eb4410888a7b66fa988,68e48f1a803e577b1177152e,6912a59f410888a7b66ed6cf,screenshot-92c3fa3a-6572-42be-9ce4-0541f882684d,,2025-11-12T07:12:17.528Z,733.7753080845321,163.8059506881802,0,0,,,screenshots/screen_000007.png
69142eb4410888a7b66fa988,68e48f1a803e577b1177152e,6912a59f410888a7b66ed6cf,screenshot-92c3fa3a-6572-42be-9ce4-0541f882684d,,2025-11-12T07:12:17.626Z,682.7601222588063,170.25431443906885,0,0,,,screenshots/screen_000007.png
69142eb4410888a7b66fa988,68e48f1a803e577b1177152e,6912a59f410888a7b66ed6cf,screenshot-92c3fa3a-6572-42be-9ce4-0541f882684d,,2025-11-12T07:12:17.718Z,711.3201841790502,173.99688401806773,0,0,,,screenshots/screen_000007.png
69142eb4410888a7b66fa988,68e48f1a803e577b1177152e,6912a59f410888a7b66ed6cf,screenshot-92c3fa3a-6572-42be-9ce4-0541f882684d,,2025-11-12T07:12:17.824Z,682.6795773618062,179.16270467681485,0,0,,,screenshots/screen_000007.png
69142eb4410888a7b66fa988,68e48f1a803e577b1177152e,6912a59f410888a7b66ed6cf,screenshot-92c3fa3a-6572-42be-9ce4-0541f882684d,,2025-11-12T07:12:17.922Z,715.1013439014259,162.11868070483484,0,0,,,screenshots/screen_000007.png
69142eb4410888a7b66fa988,68e48f1a803e577b1177152e,6912a59f410888a7b66ed6cf,screenshot-92c3fa3a-6572-42be-9ce4-0541f882684d,,2025-11-12T07:12:18.030Z,791.2980144949752,145.43142375777447,0,0,,,screenshots/screen_000007.png
69142eb4410888a7b66fa988,68e48f1a803e577b1177152e,6912a59f410888a7b66ed6cf,screenshot-92c3fa3a-6572-42be-9ce4-0541f882684d,,2025-11-12T07:12:18.130Z,807.4841465444778,122.24561518552846,0,0,,,screenshots/screen_000007.png
69142eb4410888a7b66fa988,68e48f1a803e577b1177152e,6912a59f410888a7b66ed6cf,screenshot-92c3fa3a-6572-42be-9ce4-0541f882684d,,2025-11-12T07:12:18.232Z,826.0296935078613,110.24299643407623,0,0,,,screenshots/screen_000007.png
69142eb4410888a7b66fa988,68e48f1a803e577b1177152e,6912a59f410888a7b66ed6cf,screenshot-92c3fa3a-6572-42be-9ce4-0541f882684d,,2025-11-12T07:12:18.333Z,870.5089522190771,123.48429239248324,0,0,,,screenshots/screen_000007.png
69142eb4410888a7b66fa988,68e48f1a803e577b1177152e,6912a59f410888a7b66ed6cf,screenshot-92c3fa3a-6572-42be-9ce4-0541f882684d,,2025-11-12T07:12:18.430Z,900.1844535124161,112.44403729079994,0,0,,,screenshots/screen_000007.png
69142eb4410888a7b66fa988,68e48f1a803e577b1177152e,6912a59f410888a7b66ed6cf,screenshot-92c3fa3a-6572-42be-9ce4-0541f882684d,,2025-11-12T07:12:18.530Z,846.7399741674899,102.89603221013508,0,0,,,screenshots/screen_000007.png
69142eb4410888a7b66fa988,68e48f1a803e577b1177152e,6912a59f410888a7b66ed6cf,screenshot-92c3fa3a-6572-42be-9ce4-0541f882684d,,2025-11-12T07:12:18.630Z,830.3860466020875,103.34620760123656,0,0,,,screenshots/screen_000007.png
69142eb4410888a7b66fa988,68e48f1a803e577b1177152e,6912a59f410888a7b66ed6cf,screenshot-92c3fa3a-6572-42be-9ce4-0541f882684d,,2025-11-12T07:12:18.730Z,827.7924772464514,112.34893082035279,0,0,,,screenshots/screen_000007.png
69142eb4410888a7b66fa988,68e48f1a803e577b1177152e,6912a59f410888a7b66ed6cf,screenshot-92c3fa3a-6572-42be-9ce4-0541f882684d,,2025-11-12T07:12:18.829Z,860.6962918284581,102.06359228363038,0,0,,,screenshots/screen_000007.png
69142eb4410888a7b66fa988,68e48f1a803e577b1177152e,6912a59f410888a7b66ed6cf,screenshot-92c3fa3a-6572-42be-9ce4-0541f882684d,,2025-11-12T07:12:18.932Z,811.6915404587652,129.83289754164943,0,0,,,screenshots/screen_000007.png
69142eb4410888a7b66fa988,68e48f1a803e577b1177152e,6912a59f410888a7b66ed6cf,screenshot-92c3fa3a-6572-42be-9ce4-0541f882684d,,2025-11-12T07:12:19.033Z,772.1896450299226,144.52533747408287,0,0,,,screenshots/screen_000007.png
69142eb4410888a7b66fa988,68e48f1a803e577b1177152e,6912a59f410888a7b66ed6cf,screenshot-92c3fa3a-6572-42be-9ce4-0541f882684d,,2025-11-12T07:12:19.137Z,745.9719009505119,157.2382462001348,0,0,,,screenshots/screen_000007.png
69142eb4410888a7b66fa988,68e48f1a803e577b1177152e,6912a59f410888a7b66ed6cf,screenshot-92c3fa3a-6572-42be-9ce4-0541f882684d,,2025-11-12T07:12:19.234Z,839.3195262164775,141.06767386350728,0,0,,,screenshots/screen_000007.png
69142eb4410888a7b66fa988,68e48f1a803e577b1177152e,6912a59f410888a7b66ed6cf,screenshot-92c3fa3a-6572-42be-9ce4-0541f882684d,,2025-11-12T07:12:19.336Z,858.0127048859368,153.82541538061835,0,0,,,screenshots/screen_000007.png
69142eb4410888a7b66fa988,68e48f1a803e577b1177152e,6912a59f410888a7b66ed6cf,screenshot-92c3fa3a-6572-42be-9ce4-0541f882684d,,2025-11-12T07:12:19.439Z,822.0048527716419,165.34411452129845,0,0,,,screenshots/screen_000007.png
69142eb4410888a7b66fa988,68e48f1a803e577b1177152e,6912a59f410888a7b66ed6cf,screenshot-92c3fa3a-6572-42be-9ce4-0541f882684d,,2025-11-12T07:12:19.536Z,897.1323529998833,162.5241149440759,0,0,,,screenshots/screen_000007.png
69142eb4410888a7b66fa988,68e48f1a803e577b1177152e,6912a59f410888a7b66ed6cf,screenshot-92c3fa3a-6572-42be-9ce4-0541f882684d,,2025-11-12T07:12:19.637Z,928.000763423099,138.99198972142278,0,0,,,screenshots/screen_000007.png
69142eb4410888a7b66fa988,68e48f1a803e577b1177152e,6912a59f410888a7b66ed6cf,screenshot-92c3fa3a-6572-42be-9ce4-0541f882684d,,2025-11-12T07:12:19.734Z,1023.9216891274812,133.30334915618616,0,0,,,screenshots/screen_000007.png
69142eb4410888a7b66fa988,68e48f1a803e577b1177152e,6912a59f410888a7b66ed6cf,screenshot-92c3fa3a-6572-42be-9ce4-0541f882684d,,2025-11-12T07:12:19.834Z,1130.6159815858937,201.8597287020234,0,0,,,screenshots/screen_000007.png
69142eb4410888a7b66fa988,68e48f1a803e577b1177152e,6912a59f410888a7b66ed6cf,screenshot-92c3fa3a-6572-42be-9ce4-0541f882684d,,2025-11-12T07:12:19.935Z,1275.216091201751,250.11870190531923,0,0,,,screenshots/screen_000007.png
69142eb4410888a7b66fa988,68e48f1a803e577b1177152e,6912a59f410888a7b66ed6cf,screenshot-92c3fa3a-6572-42be-9ce4-0541f882684d,,2025-11-12T07:12:20.037Z,1334.5035932790033,213.4557604133355,0,0,,,screenshots/screen_000007.png
69142eb4410888a7b66fa988,68e48f1a803e577b1177152e,6912a59f410888a7b66ed6cf,screenshot-92c3fa3a-6572-42be-9ce4-0541f882684d,,2025-11-12T07:12:20.137Z,1382.314531477414,262.0205231076109,0,0,,,screenshots/screen_000007.png
69142eb4410888a7b66fa988,68e48f1a803e577b1177152e,6912a59f410888a7b66ed6cf,screenshot-92c3fa3a-6572-42be-9ce4-0541f882684d,,2025-11-12T07:12:20.235Z,1451.719763290261,262.2050058132883,0,0,,,screenshots/screen_000007.png
69142eb4410888a7b66fa988,68e48f1a803e577b1177152e,6912a59f410888a7b66ed6cf,screenshot-92c3fa3a-6572-42be-9ce4-0541f882684d,,2025-11-12T07:12:20.337Z,1512.4080403029143,274.73815120376776,0,0,,,screenshots/screen_000007.png
69142eb4410888a7b66fa988,68e48f1a803e577b1177152e,6912a59f410888a7b66ed6cf,screenshot-92c3fa3a-6572-42be-9ce4-0541f882684d,,2025-11-12T07:12:20.439Z,1409.7173032280252,316.83612543245977,0,0,,,screenshots/screen_000007.png
69142eb4410888a7b66fa988,68e48f1a803e577b1177152e,6912a59f410888a7b66ed6cf,screenshot-92c3fa3a-6572-42be-9ce4-0541f882684d,,2025-11-12T07:12:20.536Z,1354.9580309092883,336.9359457581837,0,0,,,screenshots/screen_000007.png
69142eb4410888a7b66fa988,68e48f1a803e577b1177152e,6912a59f410888a7b66ed6cf,screenshot-92c3fa3a-6572-42be-9ce4-0541f882684d,,2025-11-12T07:12:20.636Z,1217.5087825770513,319.7595354142759,0,0,,,screenshots/screen_000007.png
69142eb4410888a7b66fa988,68e48f1a803e577b1177152e,6912a59f410888a7b66ed6cf,screenshot-92c3fa3a-6572-42be-9ce4-0541f882684d,,2025-11-12T07:12:20.737Z,1103.650838620692,242.03939366196198,0,0,,,screenshots/screen_000007.png
69142eb4410888a7b66fa988,68e48f1a803e577b1177152e,6912a59f410888a7b66ed6cf,screenshot-92c3fa3a-6572-42be-9ce4-0541f882684d,,2025-11-12T07:12:20.834Z,973.7794410578487,196.1330972364635,0,0,,,screenshots/screen_000007.png
69142eb4410888a7b66fa988,68e48f1a803e577b1177152e,6912a59f410888a7b66ed6cf,screenshot-92c3fa3a-6572-42be-9ce4-0541f882684d,,2025-11-12T07:12:20.936Z,799.9675499456282,231.12875483521063,0,0,,,screenshots/screen_000007.png
69142eb4410888a7b66fa988,68e48f1a803e577b1177152e,6912a59f410888a7b66ed6cf,screenshot-92c3fa3a-6572-42be-9ce4-0541f882684d,,2025-11-12T07:12:21.034Z,535.1703305566124,229.6425562681026,0,0,,,screenshots/screen_000007.png
69142eb4410888a7b66fa988,68e48f1a803e577b1177152e,6912a59f410888a7b66ed6cf,screenshot-92c3fa3a-6572-42be-9ce4-0541f882684d,,2025-11-12T07:12:21.138Z,305.27074036836825,251.6310631318782,0,0,,,screenshots/screen_000007.png
69142eb4410888a7b66fa988,68e48f1a803e577b1177152e,6912a59f410888a7b66ed6cf,screenshot-92c3fa3a-6572-42be-9ce4-0541f882684d,,2025-11-12T07:12:21.234Z,164.02859387850444,265.30011709237505,0,0,,,screenshots/screen_000007.png
69142eb4410888a7b66fa988,68e48f1a803e577b1177152e,6912a59f410888a7b66ed6cf,screenshot-92c3fa3a-6572-42be-9ce4-0541f882684d,,2025-11-12T07:12:21.344Z,52.116404085920585,312.32205189207343,0,0,,,screenshots/screen_000007.png
69142eb4410888a7b66fa988,68e48f1a803e577b1177152e,6912a59f410888a7b66ed6cf,screenshot-92c3fa3a-6572-42be-9ce4-0541f882684d,,2025-11-12T07:12:21.439Z,52.55224057311586,360.7979280662589,0,0,,,screenshots/screen_000007.png
69142eb4410888a7b66fa988,68e48f1a803e577b1177152e,6912a59f410888a7b66ed6cf,screenshot-92c3fa3a-6572-42be-9ce4-0541f882684d,,2025-11-12T07:12:21.545Z,16.266627403749773,452.43489678400874,0,0,,,screenshots/screen_000007.png
69142eb4410888a7b66fa988,68e48f1a803e577b1177152e,6912a59f410888a7b66ed6cf,screenshot-92c3fa3a-6572-42be-9ce4-0541f882684d,,2025-11-12T07:12:21.643Z,30.04698410307398,433.02217032978564,0,0,,,screenshots/screen_000007.png
69142eb4410888a7b66fa988,68e48f1a803e577b1177152e,6912a59f410888a7b66ed6cf,screenshot-92c3fa3a-6572-42be-9ce4-0541f882684d,,2025-11-12T07:12:21.743Z,41.386206750302165,437.7983601298576,0,0,,,screenshots/screen_000007.png
69142eb4410888a7b66fa988,68e48f1a803e577b1177152e,6912a59f410888a7b66ed6cf,screenshot-92c3fa3a-6572-42be-9ce4-0541f882684d,,2025-11-12T07:12:21.841Z,-14.409704563207086,446.91696393797264,0,0,,,screenshots/screen_000007.png
69142eb4410888a7b66fa988,68e48f1a803e577b1177152e,6912a59f410888a7b66ed6cf,screenshot-92c3fa3a-6572-42be-9ce4-0541f882684d,,2025-11-12T07:12:21.942Z,-34.21202969719831,438.00476607276636,0,0,,,screenshots/screen_000007.png
69142eb4410888a7b66fa988,68e48f1a803e577b1177152e,6912a59f410888a7b66ed6cf,screenshot-92c3fa3a-6572-42be-9ce4-0541f882684d,,2025-11-12T07:12:22.037Z,-78.97175997306647,439.82558058315226,0,0,,,screenshots/screen_000007.png
69142eb4410888a7b66fa988,68e48f1a803e577b1177152e,6912a59f410888a7b66ed6cf,screenshot-92c3fa3a-6572-42be-9ce4-0541f882684d,,2025-11-12T07:12:22.140Z,-114.9925027051142,405.40022966384583,0,0,,,screenshots/screen_000007.png
69142eb4410888a7b66fa988,68e48f1a803e577b1177152e,6912a59f410888a7b66ed6cf,screenshot-92c3fa3a-6572-42be-9ce4-0541f882684d,,2025-11-12T07:12:22.245Z,-71.23013367351385,422.5301997641939,0,0,,,screenshots/screen_000007.png
69142eb4410888a7b66fa988,68e48f1a803e577b1177152e,6912a59f410888a7b66ed6cf,screenshot-92c3fa3a-6572-42be-9ce4-0541f882684d,,2025-11-12T07:12:22.342Z,-95.7525666803678,398.41015792621204,0,0,,,screenshots/screen_000007.png
69142eb4410888a7b66fa988,68e48f1a803e577b1177152e,6912a59f410888a7b66ed6cf,screenshot-92c3fa3a-6572-42be-9ce4-0541f882684d,,2025-11-12T07:12:22.446Z,29.217732631577917,379.8351512480709,0,0,,,screenshots/screen_000007.png
69142eb4410888a7b66fa988,68e48f1a803e577b1177152e,6912a59f410888a7b66ed6cf,screenshot-92c3fa3a-6572-42be-9ce4-0541f882684d,,2025-11-12T07:12:22.547Z,30.0871348867955,420.6637939940701,0,0,,,screenshots/screen_000007.png
69142eb4410888a7b66fa988,68e48f1a803e577b1177152e,6912a59f410888a7b66ed6cf,screenshot-92c3fa3a-6572-42be-9ce4-0541f882684d,,2025-11-12T07:12:22.648Z,49.188481763199405,431.7190755058628,0,0,,,screenshots/screen_000007.png
69142eb4410888a7b66fa988,68e48f1a803e577b1177152e,6912a59f410888a7b66ed6cf,screenshot-92c3fa3a-6572-42be-9ce4-0541f882684d,,2025-11-12T07:12:22.752Z,98.00369225543272,416.7486892367122,0,0,,,screenshots/screen_000007.png
69142eb4410888a7b66fa988,68e48f1a803e577b1177152e,6912a59f410888a7b66ed6cf,screenshot-92c3fa3a-6572-42be-9ce4-0541f882684d,,2025-11-12T07:12:22.853Z,168.7377892269506,425.3530696238937,0,0,,,screenshots/screen_000007.png
69142eb4410888a7b66fa988,68e48f1a803e577b1177152e,6912a59f410888a7b66ed6cf,screenshot-92c3fa3a-6572-42be-9ce4-0541f882684d,,2025-11-12T07:12:22.951Z,161.15664673526547,415.614734927517,0,0,,,screenshots/screen_000007.png
69142eb4410888a7b66fa988,68e48f1a803e577b1177152e,6912a59f410888a7b66ed6cf,screenshot-92c3fa3a-6572-42be-9ce4-0541f882684d,,2025-11-12T07:12:23.049Z,174.07396931151482,404.3171211771211,0,0,,,screenshots/screen_000007.png
69142eb4410888a7b66fa988,68e48f1a803e577b1177152e,6912a59f410888a7b66ed6cf,screenshot-92c3fa3a-6572-42be-9ce4-0541f882684d,,2025-11-12T07:12:23.148Z,190.91196900238035,394.79875261106827,0,0,,,screenshots/screen_000007.png
69142eb4410888a7b66fa988,68e48f1a803e577b1177152e,6912a59f410888a7b66ed6cf,screenshot-92c3fa3a-6572-42be-9ce4-0541f882684d,,2025-11-12T07:12:23.248Z,216.02005666346582,409.25757953389393,0,0,,,screenshots/screen_000007.png
69142eb4410888a7b66fa988,68e48f1a803e577b1177152e,6912a59f410888a7b66ed6cf,screenshot-92c3fa3a-6572-42be-9ce4-0541f882684d,,2025-11-12T07:12:23.347Z,219.27183589783482,432.7375809942287,0,0,,,screenshots/screen_000007.png
69142eb4410888a7b66fa988,68e48f1a803e577b1177152e,6912a59f410888a7b66ed6cf,screenshot-92c3fa3a-6572-42be-9ce4-0541f882684d,,2025-11-12T07:12:23.452Z,294.279627437955,414.930564132308,0,0,,,screenshots/screen_000007.png
69142eb4410888a7b66fa988,68e48f1a803e577b1177152e,6912a59f410888a7b66ed6cf,screenshot-92c3fa3a-6572-42be-9ce4-0541f882684d,,2025-11-12T07:12:23.550Z,277.09505660361344,415.0331922225169,0,0,,,screenshots/screen_000007.png
69142eb4410888a7b66fa988,68e48f1a803e577b1177152e,6912a59f410888a7b66ed6cf,screenshot-92c3fa3a-6572-42be-9ce4-0541f882684d,,2025-11-12T07:12:23.650Z,270.5137754938842,418.6925481734283,0,0,,,screenshots/screen_000007.png
69142eb4410888a7b66fa988,68e48f1a803e577b1177152e,6912a59f410888a7b66ed6cf,screenshot-92c3fa3a-6572-42be-9ce4-0541f882684d,,2025-11-12T07:12:23.748Z,308.93986181757464,417.79750838285605,0,0,,,screenshots/screen_000007.png
69142eb4410888a7b66fa988,68e48f1a803e577b1177152e,6912a59f410888a7b66ed6cf,screenshot-92c3fa3a-6572-42be-9ce4-0541f882684d,,2025-11-12T07:12:23.852Z,300.160288151029,417.692129429683,0,0,,,screenshots/screen_000007.png
69142eb4410888a7b66fa988,68e48f1a803e577b1177152e,6912a59f410888a7b66ed6cf,screenshot-92c3fa3a-6572-42be-9ce4-0541f882684d,,2025-11-12T07:12:23.951Z,252.1227321074756,425.8828796473738,0,0,,,screenshots/screen_000007.png
69142eb4410888a7b66fa988,68e48f1a803e577b1177152e,6912a59f410888a7b66ed6cf,screenshot-92c3fa3a-6572-42be-9ce4-0541f882684d,,2025-11-12T07:12:24.050Z,264.0531008831182,424.12986101559125,0,0,,,screenshots/screen_000007.png
69142eb4410888a7b66fa988,68e48f1a803e577b1177152e,6912a59f410888a7b66ed6cf,screenshot-92c3fa3a-6572-42be-9ce4-0541f882684d,,2025-11-12T07:12:24.157Z,264.1261912202036,421.12554211221897,0,0,,,screenshots/screen_000007.png
69142eb4410888a7b66fa988,68e48f1a803e577b1177152e,6912a59f410888a7b66ed6cf,screenshot-92c3fa3a-6572-42be-9ce4-0541f882684d,,2025-11-12T07:12:24.251Z,261.0426536697284,410.3134381576458,0,0,,,screenshots/screen_000007.png
69142eb4410888a7b66fa988,68e48f1a803e577b1177152e,6912a59f410888a7b66ed6cf,screenshot-92c3fa3a-6572-42be-9ce4-0541f882684d,,2025-11-12T07:12:24.349Z,294.8752340493577,413.0898780869489,0,0,,,screenshots/screen_000007.png
69142eb4410888a7b66fa988,68e48f1a803e577b1177152e,6912a59f410888a7b66ed6cf,screenshot-92c3fa3a-6572-42be-9ce4-0541f882684d,,2025-11-12T07:12:24.451Z,359.1624953624257,404.84126920909864,0,0,,,screenshots/screen_000007.png
69142eb4410888a7b66fa988,68e48f1a803e577b1177152e,6912a59f410888a7b66ed6cf,screenshot-92c3fa3a-6572-42be-9ce4-0541f882684d,,2025-11-12T07:12:24.552Z,402.751628256106,383.4909439104846,0,0,,,screenshots/screen_000007.png
69142eb4410888a7b66fa988,68e48f1a803e577b1177152e,6912a59f410888a7b66ed6cf,screenshot-92c3fa3a-6572-42be-9ce4-0541f882684d,,2025-11-12T07:12:24.649Z,465.2134875326333,369.4551737466512,0,0,,,screenshots/screen_000007.png
69142eb4410888a7b66fa988,68e48f1a803e577b1177152e,6912a59f410888a7b66ed6cf,screenshot-92c3fa3a-6572-42be-9ce4-0541f882684d,,2025-11-12T07:12:24.749Z,497.19101700394083,377.9356419226581,0,0,,,screenshots/screen_000007.png
69142eb4410888a7b66fa988,68e48f1a803e577b1177152e,6912a59f410888a7b66ed6cf,screenshot-92c3fa3a-6572-42be-9ce4-0541f882684d,,2025-11-12T07:12:24.858Z,455.16931611741,389.749958161219,0,0,,,screenshots/screen_000007.png
69142eb4410888a7b66fa988,68e48f1a803e577b1177152e,6912a59f410888a7b66ed6cf,screenshot-92c3fa3a-6572-42be-9ce4-0541f882684d,,2025-11-12T07:12:24.952Z,362.45532809343297,393.9444934956383,0,0,,,screenshots/screen_000007.png
69142eb4410888a7b66fa988,68e48f1a803e577b1177152e,6912a59f410888a7b66ed6cf,screenshot-92c3fa3a-6572-42be-9ce4-0541f882684d,,2025-11-12T07:12:25.050Z,263.42147019259517,384.5912171764655,0,0,,,screenshots/screen_000007.png
69142eb4410888a7b66fa988,68e48f1a803e577b1177152e,6912a59f410888a7b66ed6cf,screenshot-92c3fa3a-6572-42be-9ce4-0541f882684d,,2025-11-12T07:12:25.151Z,183.1192744737753,382.7310192326169,0,0,,,screenshots/screen_000007.png
69142eb4410888a7b66fa988,68e48f1a803e577b1177152e,6912a59f410888a7b66ed6cf,screenshot-92c3fa3a-6572-42be-9ce4-0541f882684d,,2025-11-12T07:12:25.253Z,159.42054726295478,391.31395017381874,0,0,,,screenshots/screen_000007.png
69142eb4410888a7b66fa988,68e48f1a803e577b1177152e,6912a59f410888a7b66ed6cf,screenshot-92c3fa3a-6572-42be-9ce4-0541f882684d,,2025-11-12T07:12:25.356Z,88.11098629303939,380.76793036962437,0,0,,,screenshots/screen_000007.png
69142eb4410888a7b66fa988,68e48f1a803e577b1177152e,6912a59f410888a7b66ed6cf,screenshot-92c3fa3a-6572-42be-9ce4-0541f882684d,,2025-11-12T07:12:25.454Z,52.73751084887763,379.1702570071621,0,0,,,screenshots/screen_000007.png
69142eb4410888a7b66fa988,68e48f1a803e577b1177152e,6912a59f410888a7b66ed6cf,screenshot-92c3fa3a-6572-42be-9ce4-0541f882684d,,2025-11-12T07:12:25.560Z,41.37678163210145,379.593981174164,0,0,,,screenshots/screen_000007.png
69142eb4410888a7b66fa988,68e48f1a803e577b1177152e,6912a59f410888a7b66ed6cf,screenshot-92c3fa3a-6572-42be-9ce4-0541f882684d,,2025-11-12T07:12:25.660Z,13.327862451714356,385.918678893868,0,0,,,screenshots/screen_000007.png
69142eb4410888a7b66fa988,68e48f1a803e577b1177152e,6912a59f410888a7b66ed6cf,screenshot-92c3fa3a-6572-42be-9ce4-0541f882684d,,2025-11-12T07:12:25.757Z,-8.32091286117433,394.6039079555117,0,0,,,screenshots/screen_000007.png
69142eb4410888a7b66fa988,68e48f1a803e577b1177152e,6912a59f410888a7b66ed6cf,screenshot-92c3fa3a-6572-42be-9ce4-0541f882684d,,2025-11-12T07:12:25.860Z,-33.70557881160312,404.901503560793,0,0,,,screenshots/screen_000007.png
69142eb4410888a7b66fa988,68e48f1a803e577b1177152e,6912a59f410888a7b66ed6cf,screenshot-92c3fa3a-6572-42be-9ce4-0541f882684d,,2025-11-12T07:12:25.960Z,-53.75100095773513,420.3432021260242,0,0,,,screenshots/screen_000007.png
69142eb4410888a7b66fa988,68e48f1a803e577b1177152e,6912a59f410888a7b66ed6cf,screenshot-92c3fa3a-6572-42be-9ce4-0541f882684d,,2025-11-12T07:12:26.061Z,-16.952643883937775,410.1642997897095,0,0,,,screenshots/screen_000007.png
69142eb4410888a7b66fa988,68e48f1a803e577b1177152e,6912a59f410888a7b66ed6cf,screenshot-92c3fa3a-6572-42be-9ce4-0541f882684d,,2025-11-12T07:12:26.161Z,13.079828596683448,404.9439071764135,0,0,,,screenshots/screen_000007.png
69142eb4410888a7b66fa988,68e48f1a803e577b1177152e,6912a59f410888a7b66ed6cf,screenshot-92c3fa3a-6572-42be-9ce4-0541f882684d,,2025-11-12T07:12:26.258Z,41.0038870154451,411.7757182531549,0,0,,,screenshots/screen_000007.png
69142eb4410888a7b66fa988,68e48f1a803e577b1177152e,6912a59f410888a7b66ed6cf,screenshot-92c3fa3a-6572-42be-9ce4-0541f882684d,,2025-11-12T07:12:26.362Z,20.018321804189213,402.0206238627476,0,0,,,screenshots/screen_000007.png
69142eb4410888a7b66fa988,68e48f1a803e577b1177152e,6912a59f410888a7b66ed6cf,screenshot-92c3fa3a-6572-42be-9ce4-0541f882684d,,2025-11-12T07:12:26.459Z,43.18971238418616,383.8261021575839,0,0,,,screenshots/screen_000007.png
69142eb4410888a7b66fa988,68e48f1a803e577b1177152e,6912a59f410888a7b66ed6cf,screenshot-92c3fa3a-6572-42be-9ce4-0541f882684d,,2025-11-12T07:12:26.555Z,44.77390666168155,393.20354429942233,0,0,,,screenshots/screen_000007.png
69142eb4410888a7b66fa988,68e48f1a803e577b1177152e,6912a59f410888a7b66ed6cf,screenshot-92c3fa3a-6572-42be-9ce4-0541f882684d,,2025-11-12T07:12:26.664Z,72.25968777747029,400.15749297146624,0,0,,,screenshots/screen_000007.png
69142eb4410888a7b66fa988,68e48f1a803e577b1177152e,6912a59f410888a7b66ed6cf,screenshot-92c3fa3a-6572-42be-9ce4-0541f882684d,,2025-11-12T07:12:26.765Z,64.64589920769039,404.32501374117606,0,0,,,screenshots/screen_000007.png
69142eb4410888a7b66fa988,68e48f1a803e577b1177152e,6912a59f410888a7b66ed6cf,screenshot-92c3fa3a-6572-42be-9ce4-0541f882684d,,2025-11-12T07:12:26.868Z,69.8892940214696,408.08659496444756,0,0,,,screenshots/screen_000007.png
69142eb4410888a7b66fa988,68e48f1a803e577b1177152e,6912a59f410888a7b66ed6cf,screenshot-92c3fa3a-6572-42be-9ce4-0541f882684d,,2025-11-12T07:12:26.967Z,116.60039282904408,406.9896815767975,0,0,,,screenshots/screen_000007.png
69142eb4410888a7b66fa988,68e48f1a803e577b1177152e,6912a59f410888a7b66ed6cf,screenshot-92c3fa3a-6572-42be-9ce4-0541f882684d,,2025-11-12T07:12:27.063Z,119.45388530590843,421.6064229182715,0,0,,,screenshots/screen_000007.png
69142eb4410888a7b66fa988,68e48f1a803e577b1177152e,6912a59f410888a7b66ed6cf,screenshot-92c3fa3a-6572-42be-9ce4-0541f882684d,,2025-11-12T07:12:27.163Z,124.04913976605813,423.45018053677103,0,0,,,screenshots/screen_000007.png
69142eb4410888a7b66fa988,68e48f1a803e577b1177152e,6912a59f410888a7b66ed6cf,screenshot-92c3fa3a-6572-42be-9ce4-0541f882684d,,2025-11-12T07:12:27.262Z,113.47327205880774,428.60053295490985,0,0,,,screenshots/screen_000007.png
69142eb4410888a7b66fa988,68e48f1a803e577b1177152e,6912a59f410888a7b66ed6cf,screenshot-92c3fa3a-6572-42be-9ce4-0541f882684d,,2025-11-12T07:12:27.367Z,144.49429570719863,421.4022960283832,0,0,,,screenshots/screen_000007.png
69142eb4410888a7b66fa988,68e48f1a803e577b1177152e,6912a59f410888a7b66ed6cf,screenshot-92c3fa3a-6572-42be-9ce4-0541f882684d,,2025-11-12T07:12:27.463Z,143.9148283144479,411.52027557045005,0,0,,,screenshots/screen_000007.png
69142eb4410888a7b66fa988,68e48f1a803e577b1177152e,6912a59f410888a7b66ed6cf,screenshot-92c3fa3a-6572-42be-9ce4-0541f882684d,,2025-11-12T07:12:27.570Z,125.1859878824142,410.0023712560202,0,0,,,screenshots/screen_000007.png
69142eb4410888a7b66fa988,68e48f1a803e577b1177152e,6912a59f410888a7b66ed6cf,screenshot-92c3fa3a-6572-42be-9ce4-0541f882684d,,2025-11-12T07:12:27.663Z,72.60185732725743,421.0242590459691,0,0,,,screenshots/screen_000007.png
69142eb4410888a7b66fa988,68e48f1a803e577b1177152e,6912a59f410888a7b66ed6cf,screenshot-92c3fa3a-6572-42be-9ce4-0541f882684d,,2025-11-12T07:12:27.766Z,90.6101861459714,418.38931293364936,0,0,,,screenshots/screen_000007.png
69142eb4410888a7b66fa988,68e48f1a803e577b1177152e,6912a59f410888a7b66ed6cf,screenshot-92c3fa3a-6572-42be-9ce4-0541f882684d,,2025-11-12T07:12:27.864Z,108.85240806135816,419.6567767700956,0,0,,,screenshots/screen_000007.png
69142eb4410888a7b66fa988,68e48f1a803e577b1177152e,6912a59f410888a7b66ed6cf,screenshot-92c3fa3a-6572-42be-9ce4-0541f882684d,,2025-11-12T07:12:27.965Z,96.01728605292527,412.27050153755215,0,0,,,screenshots/screen_000007.png
69142eb4410888a7b66fa988,68e48f1a803e577b1177152e,6912a59f410888a7b66ed6cf,screenshot-92c3fa3a-6572-42be-9ce4-0541f882684d,,2025-11-12T07:12:28.133Z,77.36537259346122,419.7666263656399,0,0,,,screenshots/screen_000007.png
69142eb4410888a7b66fa988,68e48f1a803e577b1177152e,6912a59f410888a7b66ed6cf,screenshot-92c3fa3a-6572-42be-9ce4-0541f882684d,,2025-11-12T07:12:28.241Z,69.71253485048052,418.853657209037,0,0,,,screenshots/screen_000007.png
69142eb4410888a7b66fa988,68e48f1a803e577b1177152e,6912a59f410888a7b66ed6cf,screenshot-92c3fa3a-6572-42be-9ce4-0541f882684d,,2025-11-12T07:12:28.348Z,102.07223021865536,436.569848309772,0,0,,,screenshots/screen_000007.png
69142eb4410888a7b66fa988,68e48f1a803e577b1177152e,6912a59f410888a7b66ed6cf,screenshot-92c3fa3a-6572-42be-9ce4-0541f882684d,,2025-11-12T07:12:28.449Z,101.51371602659921,439.79099751978566,0,0,,,screenshots/screen_000007.png
69142eb4410888a7b66fa988,68e48f1a803e577b1177152e,6912a59f410888a7b66ed6cf,screenshot-92c3fa3a-6572-42be-9ce4-0541f882684d,,2025-11-12T07:12:28.543Z,98.78904162977278,443.4860024892417,0,0,,,screenshots/screen_000007.png
69142eb4410888a7b66fa988,68e48f1a803e577b1177152e,6912a59f410888a7b66ed6cf,screenshot-92c3fa3a-6572-42be-9ce4-0541f882684d,,2025-11-12T07:12:28.641Z,108.12757225621493,443.65666700430614,0,0,,,screenshots/screen_000007.png
69142eb4410888a7b66fa988,68e48f1a803e577b1177152e,6912a59f410888a7b66ed6cf,screenshot-92c3fa3a-6572-42be-9ce4-0541f882684d,,2025-11-12T07:12:28.737Z,145.58282701042572,435.3260521197176,0,0,,,screenshots/screen_000007.png
69142eb4410888a7b66fa988,68e48f1a803e577b1177152e,6912a59f410888a7b66ed6cf,screenshot-92c3fa3a-6572-42be-9ce4-0541f882684d,,2025-11-12T07:12:28.833Z,150.78053803107687,448.61061611665843,0,0,,,screenshots/screen_000007.png
69142eb4410888a7b66fa988,68e48f1a803e577b1177152e,6912a59f410888a7b66ed6cf,screenshot-92c3fa3a-6572-42be-9ce4-0541f882684d,,2025-11-12T07:12:28.938Z,160.67020396287003,455.33187170486605,0,0,,,screenshots/screen_000007.png
69142eb4410888a7b66fa988,68e48f1a803e577b1177152e,6912a59f410888a7b66ed6cf,screenshot-92c3fa3a-6572-42be-9ce4-0541f882684d,,2025-11-12T07:12:29.053Z,170.65715770150766,453.6501952431713,0,0,,,screenshots/screen_000007.png
69142eb4410888a7b66fa988,68e48f1a803e577b1177152e,6912a59f410888a7b66ed6cf,screenshot-92c3fa3a-6572-42be-9ce4-0541f882684d,,2025-11-12T07:12:29.158Z,190.36069910033922,439.7886061709824,0,0,,,screenshots/screen_000007.png
69142eb4410888a7b66fa988,68e48f1a803e577b1177152e,6912a59f410888a7b66ed6cf,screenshot-92c3fa3a-6572-42be-9ce4-0541f882684d,,2025-11-12T07:12:29.278Z,178.4975331694737,429.53266216608847,0,0,,,screenshots/screen_000007.png
69142eb4410888a7b66fa988,68e48f1a803e577b1177152e,6912a59f410888a7b66ed6cf,screenshot-92c3fa3a-6572-42be-9ce4-0541f882684d,,2025-11-12T07:12:29.372Z,213.40541361319558,416.07941835472826,0,0,,,screenshots/screen_000007.png
69142eb4410888a7b66fa988,68e48f1a803e577b1177152e,6912a59f410888a7b66ed6cf,screenshot-92c3fa3a-6572-42be-9ce4-0541f882684d,,2025-11-12T07:12:29.471Z,248.12918593380283,411.60145395900497,0,0,,,screenshots/screen_000007.png
69142eb4410888a7b66fa988,68e48f1a803e577b1177152e,6912a59f410888a7b66ed6cf,screenshot-92c3fa3a-6572-42be-9ce4-0541f882684d,,2025-11-12T07:12:29.566Z,297.13115953797234,410.7700185222764,0,0,,,screenshots/screen_000007.png
69142eb4410888a7b66fa988,68e48f1a803e577b1177152e,6912a59f410888a7b66ed6cf,screenshot-92c3fa3a-6572-42be-9ce4-0541f882684d,,2025-11-12T07:12:29.668Z,347.13248614904825,399.45022831444703,0,0,,,screenshots/screen_000007.png
69142eb4410888a7b66fa988,68e48f1a803e577b1177152e,6912a59f410888a7b66ed6cf,screenshot-92c3fa3a-6572-42be-9ce4-0541f882684d,,2025-11-12T07:12:29.771Z,338.50750466071344,405.08212576026403,0,0,,,screenshots/screen_000007.png
69142eb4410888a7b66fa988,68e48f1a803e577b1177152e,6912a59f410888a7b66ed6cf,screenshot-92c3fa3a-6572-42be-9ce4-0541f882684d,,2025-11-12T07:12:29.876Z,310.6761366882293,417.15137066668956,0,0,,,screenshots/screen_000007.png
69142eb4410888a7b66fa988,68e48f1a803e577b1177152e,6912a59f410888a7b66ed6cf,screenshot-92c3fa3a-6572-42be-9ce4-0541f882684d,,2025-11-12T07:12:29.979Z,329.8875372982444,419.34512566233104,0,0,,,screenshots/screen_000007.png
69142eb4410888a7b66fa988,68e48f1a803e577b1177152e,6912a59f410888a7b66ed6cf,screenshot-92c3fa3a-6572-42be-9ce4-0541f882684d,,2025-11-12T07:12:30.076Z,353.76662793169135,426.2409071587965,0,0,,,screenshots/screen_000007.png
69142eb4410888a7b66fa988,68e48f1a803e577b1177152e,6912a59f410888a7b66ed6cf,screenshot-92c3fa3a-6572-42be-9ce4-0541f882684d,,2025-11-12T07:12:30.173Z,369.7151847180979,419.2904010505025,0,0,,,screenshots/screen_000007.png
69142eb4410888a7b66fa988,68e48f1a803e577b1177152e,6912a59f410888a7b66ed6cf,screenshot-92c3fa3a-6572-42be-9ce4-0541f882684d,,2025-11-12T07:12:30.277Z,306.7660040708634,400.1892624041319,0,0,,,screenshots/screen_000007.png
69142eb4410888a7b66fa988,68e48f1a803e577b1177152e,6912a59f410888a7b66ed6cf,screenshot-92c3fa3a-6572-42be-9ce4-0541f882684d,,2025-11-12T07:12:30.378Z,219.65162007905147,397.85083565867563,0,0,,,screenshots/screen_000007.png
69142eb4410888a7b66fa988,68e48f1a803e577b1177152e,6912a59f410888a7b66ed6cf,screenshot-92c3fa3a-6572-42be-9ce4-0541f882684d,,2025-11-12T07:12:30.479Z,116.45479274723317,407.72557944904287,0,0,,,screenshots/screen_000007.png
69142eb4410888a7b66fa988,68e48f1a803e577b1177152e,6912a59f410888a7b66ed6cf,screenshot-92c3fa3a-6572-42be-9ce4-0541f882684d,,2025-11-12T07:12:30.576Z,59.218364094281625,420.64113813528775,0,0,,,screenshots/screen_000007.png
69142eb4410888a7b66fa988,68e48f1a803e577b1177152e,6912a59f410888a7b66ed6cf,screenshot-92c3fa3a-6572-42be-9ce4-0541f882684d,,2025-11-12T07:12:30.679Z,47.07002190426557,426.50174407993205,0,0,,,screenshots/screen_000007.png
69142eb4410888a7b66fa988,68e48f1a803e577b1177152e,6912a59f410888a7b66ed6cf,screenshot-92c3fa3a-6572-42be-9ce4-0541f882684d,,2025-11-12T07:12:30.779Z,54.43543149427266,439.73870076328353,0,0,,,screenshots/screen_000007.png
69142eb4410888a7b66fa988,68e48f1a803e577b1177152e,6912a59f410888a7b66ed6cf,screenshot-92c3fa3a-6572-42be-9ce4-0541f882684d,,2025-11-12T07:12:30.878Z,38.57454688105667,435.6096815595665,0,0,,,screenshots/screen_000007.png
69142eb4410888a7b66fa988,68e48f1a803e577b1177152e,6912a59f410888a7b66ed6cf,screenshot-92c3fa3a-6572-42be-9ce4-0541f882684d,,2025-11-12T07:12:30.981Z,2.3901298394598456,451.3343580514852,0,0,,,screenshots/screen_000007.png
69142eb4410888a7b66fa988,68e48f1a803e577b1177152e,6912a59f410888a7b66ed6cf,screenshot-92c3fa3a-6572-42be-9ce4-0541f882684d,,2025-11-12T07:12:31.079Z,14.000587593322614,462.6041974574772,0,0,,,screenshots/screen_000007.png
69142eb4410888a7b66fa988,68e48f1a803e577b1177152e,6912a59f410888a7b66ed6cf,screenshot-92c3fa3a-6572-42be-9ce4-0541f882684d,,2025-11-12T07:12:31.177Z,45.03889524832687,464.8882526759997,0,0,,,screenshots/screen_000007.png
69142eb4410888a7b66fa988,68e48f1a803e577b1177152e,6912a59f410888a7b66ed6cf,screenshot-92c3fa3a-6572-42be-9ce4-0541f882684d,,2025-11-12T07:12:31.283Z,84.1522887530067,432.98298006763355,0,0,,,screenshots/screen_000007.png
69142eb4410888a7b66fa988,68e48f1a803e577b1177152e,6912a59f410888a7b66ed6cf,screenshot-92c3fa3a-6572-42be-9ce4-0541f882684d,,2025-11-12T07:12:31.379Z,59.68283984644813,421.7957442163413,0,0,,,screenshots/screen_000007.png
69142eb4410888a7b66fa988,68e48f1a803e577b1177152e,6912a59f410888a7b66ed6cf,screenshot-92c3fa3a-6572-42be-9ce4-0541f882684d,,2025-11-12T07:12:31.481Z,63.814921454224006,419.68394240300034,0,0,,,screenshots/screen_000007.png
69142eb4410888a7b66fa988,68e48f1a803e577b1177152e,6912a59f410888a7b66ed6cf,screenshot-92c3fa3a-6572-42be-9ce4-0541f882684d,,2025-11-12T07:12:31.577Z,94.45659955693351,446.4038385191455,0,0,,,screenshots/screen_000007.png
69142eb4410888a7b66fa988,68e48f1a803e577b1177152e,6912a59f410888a7b66ed6cf,screenshot-92c3fa3a-6572-42be-9ce4-0541f882684d,,2025-11-12T07:12:31.681Z,129.39901525058843,447.90278298649946,0,0,,,screenshots/screen_000007.png
69142eb4410888a7b66fa988,68e48f1a803e577b1177152e,6912a59f410888a7b66ed6cf,screenshot-92c3fa3a-6572-42be-9ce4-0541f882684d,,2025-11-12T07:12:31.781Z,107.98802894737442,447.36364182211,0,0,,,screenshots/screen_000007.png
69142eb4410888a7b66fa988,68e48f1a803e577b1177152e,6912a59f410888a7b66ed6cf,screenshot-92c3fa3a-6572-42be-9ce4-0541f882684d,,2025-11-12T07:12:31.887Z,98.29000404891089,443.5330456213667,0,0,,,screenshots/screen_000007.png
69142eb4410888a7b66fa988,68e48f1a803e577b1177152e,6912a59f410888a7b66ed6cf,screenshot-92c3fa3a-6572-42be-9ce4-0541f882684d,,2025-11-12T07:12:31.983Z,107.3861233966947,421.76854080345703,0,0,,,screenshots/screen_000007.png
69142eb4410888a7b66fa988,68e48f1a803e577b1177152e,6912a59f410888a7b66ed6cf,screenshot-92c3fa3a-6572-42be-9ce4-0541f882684d,,2025-11-12T07:12:32.080Z,100.98348036789139,398.4619517483491,0,0,,,screenshots/screen_000007.png
69142eb4410888a7b66fa988,68e48f1a803e577b1177152e,6912a59f410888a7b66ed6cf,screenshot-92c3fa3a-6572-42be-9ce4-0541f882684d,,2025-11-12T07:12:32.177Z,104.02227456687454,419.24415033986935,0,0,,,screenshots/screen_000007.png
69142eb4410888a7b66fa988,68e48f1a803e577b1177152e,6912a59f410888a7b66ed6cf,screenshot-92c3fa3a-6572-42be-9ce4-0541f882684d,,2025-11-12T07:12:32.282Z,94.01904930816839,440.6906327614321,0,0,,,screenshots/screen_000007.png
69142eb4410888a7b66fa988,68e48f1a803e577b1177152e,6912a59f410888a7b66ed6cf,screenshot-92c3fa3a-6572-42be-9ce4-0541f882684d,,2025-11-12T07:12:32.380Z,50.11110872543607,441.0533006770282,0,0,,,screenshots/screen_000007.png
69142eb4410888a7b66fa988,68e48f1a803e577b1177152e,6912a59f410888a7b66ed6cf,screenshot-92c3fa3a-6572-42be-9ce4-0541f882684d,,2025-11-12T07:12:32.481Z,68.38101896525063,434.3555154826789,0,0,,,screenshots/screen_000007.png
69142eb4410888a7b66fa988,68e48f1a803e577b1177152e,6912a59f410888a7b66ed6cf,screenshot-92c3fa3a-6572-42be-9ce4-0541f882684d,,2025-11-12T07:12:32.579Z,102.80646223662592,458.58360512071465,0,0,,,screenshots/screen_000007.png
69142eb4410888a7b66fa988,68e48f1a803e577b1177152e,6912a59f410888a7b66ed6cf,screenshot-92c3fa3a-6572-42be-9ce4-0541f882684d,,2025-11-12T07:12:32.678Z,179.31932036620626,470.24379434120254,0,0,,,screenshots/screen_000007.png
69142eb4410888a7b66fa988,68e48f1a803e577b1177152e,6912a59f410888a7b66ed6cf,screenshot-92c3fa3a-6572-42be-9ce4-0541f882684d,,2025-11-12T07:12:32.785Z,169.0015743157977,444.11967490957267,0,0,,,screenshots/screen_000007.png
69142eb4410888a7b66fa988,68e48f1a803e577b1177152e,6912a59f410888a7b66ed6cf,screenshot-92c3fa3a-6572-42be-9ce4-0541f882684d,,2025-11-12T07:12:32.884Z,244.0515893072908,453.794539654853,0,0,,,screenshots/screen_000007.png
69142eb4410888a7b66fa988,68e48f1a803e577b1177152e,6912a59f410888a7b66ed6cf,screenshot-92c3fa3a-6572-42be-9ce4-0541f882684d,,2025-11-12T07:12:32.989Z,241.31789016526594,435.5414720472355,0,0,,,screenshots/screen_000007.png
69142eb4410888a7b66fa988,68e48f1a803e577b1177152e,6912a59f410888a7b66ed6cf,screenshot-92c3fa3a-6572-42be-9ce4-0541f882684d,,2025-11-12T07:12:33.089Z,256.6813889991826,462.7479312410479,0,0,,,screenshots/screen_000007.png
69142eb4410888a7b66fa988,68e48f1a803e577b1177152e,6912a59f410888a7b66ed6cf,screenshot-92c3fa3a-6572-42be-9ce4-0541f882684d,,2025-11-12T07:12:33.183Z,305.60619109295067,458.27138666995495,0,0,,,screenshots/screen_000007.png
69142eb4410888a7b66fa988,68e48f1a803e577b1177152e,6912a59f410888a7b66ed6cf,screenshot-92c3fa3a-6572-42be-9ce4-0541f882684d,,2025-11-12T07:12:33.289Z,325.4967348401124,443.39263332781593,0,0,,,screenshots/screen_000007.png
69142eb4410888a7b66fa988,68e48f1a803e577b1177152e,6912a59f410888a7b66ed6cf,screenshot-92c3fa3a-6572-42be-9ce4-0541f882684d,,2025-11-12T07:12:33.387Z,319.6281466194637,440.21359793909954,0,0,,,screenshots/screen_000007.png
69142eb4410888a7b66fa988,68e48f1a803e577b1177152e,6912a59f410888a7b66ed6cf,screenshot-92c3fa3a-6572-42be-9ce4-0541f882684d,,2025-11-12T07:12:33.480Z,294.7624612060042,433.65480503318867,0,0,,,screenshots/screen_000007.png
69142eb4410888a7b66fa988,68e48f1a803e577b1177152e,6912a59f410888a7b66ed6cf,screenshot-92c3fa3a-6572-42be-9ce4-0541f882684d,,2025-11-12T07:12:33.588Z,253.15489571511327,433.6884264425917,0,0,,,screenshots/screen_000007.png
69142eb4410888a7b66fa988,68e48f1a803e577b1177152e,6912a59f410888a7b66ed6cf,screenshot-92c3fa3a-6572-42be-9ce4-0541f882684d,,2025-11-12T07:12:33.689Z,272.61436492903886,438.89656582493666,0,0,,,screenshots/screen_000007.png
69142eb4410888a7b66fa988,68e48f1a803e577b1177152e,6912a59f410888a7b66ed6cf,screenshot-92c3fa3a-6572-42be-9ce4-0541f882684d,,2025-11-12T07:12:33.792Z,285.71810567369823,463.12821272015583,0,0,,,screenshots/screen_000007.png
69142eb4410888a7b66fa988,68e48f1a803e577b1177152e,6912a59f410888a7b66ed6cf,screenshot-92c3fa3a-6572-42be-9ce4-0541f882684d,,2025-11-12T07:12:33.892Z,284.4976642974441,454.99713278127064,0,0,,,screenshots/screen_000007.png
69142eb4410888a7b66fa988,68e48f1a803e577b1177152e,6912a59f410888a7b66ed6cf,screenshot-92c3fa3a-6572-42be-9ce4-0541f882684d,,2025-11-12T07:12:33.993Z,333.5195546026733,446.4173888227703,0,0,,,screenshots/screen_000007.png
69142eb4410888a7b66fa988,68e48f1a803e577b1177152e,6912a59f410888a7b66ed6cf,screenshot-92c3fa3a-6572-42be-9ce4-0541f882684d,,2025-11-12T07:12:34.093Z,324.3535717737036,460.6802130245739,0,0,,,screenshots/screen_000007.png
69142eb4410888a7b66fa988,68e48f1a803e577b1177152e,6912a59f410888a7b66ed6cf,screenshot-92c3fa3a-6572-42be-9ce4-0541f882684d,,2025-11-12T07:12:34.193Z,368.62639079864596,475.42534769493477,0,0,,,screenshots/screen_000007.png
69142eb4410888a7b66fa988,68e48f1a803e577b1177152e,6912a59f410888a7b66ed6cf,screenshot-92c3fa3a-6572-42be-9ce4-0541f882684d,,2025-11-12T07:12:34.290Z,352.421230635601,454.48196996932415,0,0,,,screenshots/screen_000007.png
69142eb4410888a7b66fa988,68e48f1a803e577b1177152e,6912a59f410888a7b66ed6cf,screenshot-92c3fa3a-6572-42be-9ce4-0541f882684d,,2025-11-12T07:12:34.393Z,382.87399793221016,446.9573831271819,0,0,,,screenshots/screen_000007.png
69142eb4410888a7b66fa988,68e48f1a803e577b1177152e,6912a59f410888a7b66ed6cf,screenshot-92c3fa3a-6572-42be-9ce4-0541f882684d,,2025-11-12T07:12:34.491Z,366.0853198842383,427.96906735598077,0,0,,,screenshots/screen_000007.png
69142eb4410888a7b66fa988,68e48f1a803e577b1177152e,6912a59f410888a7b66ed6cf,screenshot-92c3fa3a-6572-42be-9ce4-0541f882684d,,2025-11-12T07:12:34.591Z,345.16321238753795,433.65372195653606,0,0,,,screenshots/screen_000007.png
69142eb4410888a7b66fa988,68e48f1a803e577b1177152e,6912a59f410888a7b66ed6cf,screenshot-92c3fa3a-6572-42be-9ce4-0541f882684d,,2025-11-12T07:12:34.691Z,311.0187176549608,429.4725883963331,0,0,,,screenshots/screen_000007.png
69142eb4410888a7b66fa988,68e48f1a803e577b1177152e,6912a59f410888a7b66ed6cf,screenshot-92c3fa3a-6572-42be-9ce4-0541f882684d,,2025-11-12T07:12:34.795Z,332.86762570142383,413.08254886945366,0,0,,,screenshots/screen_000007.png
69142eb4410888a7b66fa988,68e48f1a803e577b1177152e,6912a59f410888a7b66ed6cf,screenshot-92c3fa3a-6572-42be-9ce4-0541f882684d,,2025-11-12T07:12:34.886Z,434.10260421790065,442.35638633567623,0,0,,,screenshots/screen_000007.png
69142eb4410888a7b66fa988,68e48f1a803e577b1177152e,6912a59f410888a7b66ed6cf,screenshot-92c3fa3a-6572-42be-9ce4-0541f882684d,,2025-11-12T07:12:34.994Z,381.52129368306686,478.7516647855768,0,0,,,screenshots/screen_000007.png
69142eb4410888a7b66fa988,68e48f1a803e577b1177152e,6912a59f410888a7b66ed6cf,screenshot-92c3fa3a-6572-42be-9ce4-0541f882684d,,2025-11-12T07:12:35.156Z,298.8345073850009,483.4614914604518,0,0,,,screenshots/screen_000007.png
69142eb4410888a7b66fa988,68e48f1a803e577b1177152e,6912a59f410888a7b66ed6cf,screenshot-92c3fa3a-6572-42be-9ce4-0541f882684d,,2025-11-12T07:12:35.265Z,205.6009042674386,443.6165766583621,0,0,,,screenshots/screen_000007.png
69142eb4410888a7b66fa988,68e48f1a803e577b1177152e,6912a59f410888a7b66ed6cf,screenshot-92c3fa3a-6572-42be-9ce4-0541f882684d,,2025-11-12T07:12:35.364Z,131.865014648268,442.6036230149503,0,0,,,screenshots/screen_000007.png
69142eb4410888a7b66fa988,68e48f1a803e577b1177152e,6912a59f410888a7b66ed6cf,screenshot-92c3fa3a-6572-42be-9ce4-0541f882684d,,2025-11-12T07:12:35.464Z,66.4756840208058,409.9408683411834,0,0,,,screenshots/screen_000007.png
69142eb4410888a7b66fa988,68e48f1a803e577b1177152e,6912a59f410888a7b66ed6cf,screenshot-92c3fa3a-6572-42be-9ce4-0541f882684d,,2025-11-12T07:12:35.557Z,117.1799830871517,415.8027909190609,0,0,,,screenshots/screen_000007.png
69142eb4410888a7b66fa988,68e48f1a803e577b1177152e,6912a59f410888a7b66ed6cf,screenshot-92c3fa3a-6572-42be-9ce4-0541f882684d,,2025-11-12T07:12:35.662Z,97.07686748779574,456.77927810224764,0,0,,,screenshots/screen_000007.png
69142eb4410888a7b66fa988,68e48f1a803e577b1177152e,6912a59f410888a7b66ed6cf,screenshot-92c3fa3a-6572-42be-9ce4-0541f882684d,,2025-11-12T07:12:35.762Z,128.67670484887228,477.6783506460486,0,0,,,screenshots/screen_000007.png
69142eb4410888a7b66fa988,68e48f1a803e577b1177152e,6912a59f410888a7b66ed6cf,screenshot-92c3fa3a-6572-42be-9ce4-0541f882684d,,2025-11-12T07:12:35.861Z,129.8798328632497,478.1294073827815,0,0,,,screenshots/screen_000007.png
69142eb4410888a7b66fa988,68e48f1a803e577b1177152e,6912a59f410888a7b66ed6cf,screenshot-92c3fa3a-6572-42be-9ce4-0541f882684d,,2025-11-12T07:12:35.963Z,122.41255791019111,479.21104853017755,0,0,,,screenshots/screen_000007.png
69142eb4410888a7b66fa988,68e48f1a803e577b1177152e,6912a59f410888a7b66ed6cf,screenshot-92c3fa3a-6572-42be-9ce4-0541f882684d,,2025-11-12T07:12:36.064Z,130.10424417424707,499.75783553290603,0,0,,,screenshots/screen_000007.png
69142eb4410888a7b66fa988,68e48f1a803e577b1177152e,6912a59f410888a7b66ed6cf,screenshot-92c3fa3a-6572-42be-9ce4-0541f882684d,,2025-11-12T07:12:36.167Z,120.78775747548099,463.8909683321062,0,0,,,screenshots/screen_000007.png
69142eb4410888a7b66fa988,68e48f1a803e577b1177152e,6912a59f410888a7b66ed6cf,screenshot-92c3fa3a-6572-42be-9ce4-0541f882684d,,2025-11-12T07:12:36.264Z,110.840896403153,442.0818923826718,0,0,,,screenshots/screen_000007.png
69142eb4410888a7b66fa988,68e48f1a803e577b1177152e,6912a59f410888a7b66ed6cf,screenshot-92c3fa3a-6572-42be-9ce4-0541f882684d,,2025-11-12T07:12:36.359Z,59.55758031047841,424.5672270138555,0,0,,,screenshots/screen_000007.png
69142eb4410888a7b66fa988,68e48f1a803e577b1177152e,6912a59f410888a7b66ed6cf,screenshot-92c3fa3a-6572-42be-9ce4-0541f882684d,,2025-11-12T07:12:36.470Z,62.41914551639349,421.02131284178154,0,0,,,screenshots/screen_000007.png
69142eb4410888a7b66fa988,68e48f1a803e577b1177152e,6912a59f410888a7b66ed6cf,screenshot-92c3fa3a-6572-42be-9ce4-0541f882684d,,2025-11-12T07:12:36.561Z,35.61309228972219,426.9760263443717,0,0,,,screenshots/screen_000007.png
69142eb4410888a7b66fa988,68e48f1a803e577b1177152e,6912a59f410888a7b66ed6cf,screenshot-92c3fa3a-6572-42be-9ce4-0541f882684d,,2025-11-12T07:12:36.663Z,75.15589412075421,439.66842908569004,0,0,,,screenshots/screen_000007.png
69142eb4410888a7b66fa988,68e48f1a803e577b1177152e,6912a59f410888a7b66ed6cf,screenshot-92c3fa3a-6572-42be-9ce4-0541f882684d,,2025-11-12T07:12:36.763Z,95.44896660462413,446.38618215604714,0,0,,,screenshots/screen_000007.png
69142eb4410888a7b66fa988,68e48f1a803e577b1177152e,6912a59f410888a7b66ed6cf,screenshot-92c3fa3a-6572-42be-9ce4-0541f882684d,,2025-11-12T07:12:36.863Z,91.40048294895381,432.5728633274067,0,0,,,screenshots/screen_000007.png
69142eb4410888a7b66fa988,68e48f1a803e577b1177152e,6912a59f410888a7b66ed6cf,screenshot-92c3fa3a-6572-42be-9ce4-0541f882684d,,2025-11-12T07:12:36.967Z,110.44430453137332,425.25580388074223,0,0,,,screenshots/screen_000007.png
69142eb4410888a7b66fa988,68e48f1a803e577b1177152e,6912a59f410888a7b66ed6cf,screenshot-92c3fa3a-6572-42be-9ce4-0541f882684d,,2025-11-12T07:12:37.063Z,166.9480210365118,399.88141765493594,0,0,,,screenshots/screen_000007.png
69142eb4410888a7b66fa988,68e48f1a803e577b1177152e,6912a59f410888a7b66ed6cf,screenshot-92c3fa3a-6572-42be-9ce4-0541f882684d,,2025-11-12T07:12:37.165Z,164.37449520203253,417.6135929583225,0,0,,,screenshots/screen_000007.png
69142eb4410888a7b66fa988,68e48f1a803e577b1177152e,6912a59f410888a7b66ed6cf,screenshot-92c3fa3a-6572-42be-9ce4-0541f882684d,,2025-11-12T07:12:37.263Z,175.54674435805828,406.9411594763741,0,0,,,screenshots/screen_000007.png
69142eb4410888a7b66fa988,68e48f1a803e577b1177152e,6912a59f410888a7b66ed6cf,screenshot-92c3fa3a-6572-42be-9ce4-0541f882684d,,2025-11-12T07:12:37.363Z,150.7082306425981,410.71562122667154,0,0,,,screenshots/screen_000007.png
69142eb4410888a7b66fa988,68e48f1a803e577b1177152e,6912a59f410888a7b66ed6cf,screenshot-92c3fa3a-6572-42be-9ce4-0541f882684d,,2025-11-12T07:12:37.465Z,182.08848108264039,408.84952010715864,0,0,,,screenshots/screen_000007.png
69142eb4410888a7b66fa988,68e48f1a803e577b1177152e,6912a59f410888a7b66ed6cf,screenshot-92c3fa3a-6572-42be-9ce4-0541f882684d,,2025-11-12T07:12:37.576Z,269.92856021674567,431.11243847987555,0,0,,,screenshots/screen_000007.png
69142eb4410888a7b66fa988,68e48f1a803e577b1177152e,6912a59f410888a7b66ed6cf,screenshot-92c3fa3a-6572-42be-9ce4-0541f882684d,,2025-11-12T07:12:37.669Z,300.85500813784796,418.6495325352994,0,0,,,screenshots/screen_000007.png
69142eb4410888a7b66fa988,68e48f1a803e577b1177152e,6912a59f410888a7b66ed6cf,screenshot-92c3fa3a-6572-42be-9ce4-0541f882684d,,2025-11-12T07:12:37.771Z,317.63285634941633,429.63998782691584,0,0,,,screenshots/screen_000007.png
69142eb4410888a7b66fa988,68e48f1a803e577b1177152e,6912a59f410888a7b66ed6cf,screenshot-92c3fa3a-6572-42be-9ce4-0541f882684d,,2025-11-12T07:12:37.873Z,381.34065471296907,455.0414297861327,0,0,,,screenshots/screen_000007.png
69142eb4410888a7b66fa988,68e48f1a803e577b1177152e,6912a59f410888a7b66ed6cf,screenshot-92c3fa3a-6572-42be-9ce4-0541f882684d,,2025-11-12T07:12:37.976Z,426.9147576005476,474.4338832393507,0,0,,,screenshots/screen_000007.png
69142eb4410888a7b66fa988,68e48f1a803e577b1177152e,6912a59f410888a7b66ed6cf,screenshot-92c3fa3a-6572-42be-9ce4-0541f882684d,,2025-11-12T07:12:38.077Z,433.5735832111691,465.2724793595648,0,0,,,screenshots/screen_000007.png
69142eb4410888a7b66fa988,68e48f1a803e577b1177152e,6912a59f410888a7b66ed6cf,screenshot-92c3fa3a-6572-42be-9ce4-0541f882684d,,2025-11-12T07:12:38.178Z,457.8757457766417,468.230525610895,0,0,,,screenshots/screen_000007.png
69142eb4410888a7b66fa988,68e48f1a803e577b1177152e,6912a59f410888a7b66ed6cf,screenshot-92c3fa3a-6572-42be-9ce4-0541f882684d,,2025-11-12T07:12:38.279Z,440.51316959882496,481.7626674281524,0,0,,,screenshots/screen_000007.png
69142eb4410888a7b66fa988,68e48f1a803e577b1177152e,6912a59f410888a7b66ed6cf,screenshot-92c3fa3a-6572-42be-9ce4-0541f882684d,,2025-11-12T07:12:38.380Z,414.46399687616093,477.35109974729465,0,0,,,screenshots/screen_000007.png
69142eb4410888a7b66fa988,68e48f1a803e577b1177152e,6912a59f410888a7b66ed6cf,screenshot-92c3fa3a-6572-42be-9ce4-0541f882684d,,2025-11-12T07:12:38.475Z,370.7733779739007,473.49396262530524,0,0,,,screenshots/screen_000007.png
69142eb4410888a7b66fa988,68e48f1a803e577b1177152e,6912a59f410888a7b66ed6cf,screenshot-92c3fa3a-6572-42be-9ce4-0541f882684d,,2025-11-12T07:12:38.575Z,364.155671852626,487.29050389022177,0,0,,,screenshots/screen_000007.png
69142eb4410888a7b66fa988,68e48f1a803e577b1177152e,6912a59f410888a7b66ed6cf,screenshot-92c3fa3a-6572-42be-9ce4-0541f882684d,,2025-11-12T07:12:38.678Z,377.9660376873987,474.61440870381205,0,0,,,screenshots/screen_000007.png
69142eb4410888a7b66fa988,68e48f1a803e577b1177152e,6912a59f410888a7b66ed6cf,screenshot-92c3fa3a-6572-42be-9ce4-0541f882684d,,2025-11-12T07:12:38.776Z,366.6612739946837,457.5712537840616,0,0,,,screenshots/screen_000007.png
69142eb4410888a7b66fa988,68e48f1a803e577b1177152e,6912a59f410888a7b66ed6cf,screenshot-92c3fa3a-6572-42be-9ce4-0541f882684d,,2025-11-12T07:12:38.873Z,425.6806118019484,457.7839482387805,0,0,,,screenshots/screen_000007.png
69142eb4410888a7b66fa988,68e48f1a803e577b1177152e,6912a59f410888a7b66ed6cf,screenshot-92c3fa3a-6572-42be-9ce4-0541f882684d,,2025-11-12T07:12:38.973Z,421.4692635662512,441.5796708594103,0,0,,,screenshots/screen_000007.png
69142eb4410888a7b66fa988,68e48f1a803e577b1177152e,6912a59f410888a7b66ed6cf,screenshot-92c3fa3a-6572-42be-9ce4-0541f882684d,,2025-11-12T07:12:39.079Z,390.28220279116687,435.4793446087558,0,0,,,screenshots/screen_000007.png
69142eb4410888a7b66fa988,68e48f1a803e577b1177152e,6912a59f410888a7b66ed6cf,screenshot-92c3fa3a-6572-42be-9ce4-0541f882684d,,2025-11-12T07:12:39.177Z,366.24958904378786,415.1977102650518,0,0,,,screenshots/screen_000007.png
69142eb4410888a7b66fa988,68e48f1a803e577b1177152e,6912a59f410888a7b66ed6cf,screenshot-92c3fa3a-6572-42be-9ce4-0541f882684d,,2025-11-12T07:12:39.278Z,356.55670442580976,428.71398614346646,0,0,,,screenshots/screen_000007.png
69142eb4410888a7b66fa988,68e48f1a803e577b1177152e,6912a59f410888a7b66ed6cf,screenshot-92c3fa3a-6572-42be-9ce4-0541f882684d,,2025-11-12T07:12:39.375Z,351.9091524690416,422.0395548919985,0,0,,,screenshots/screen_000007.png
69142eb4410888a7b66fa988,68e48f1a803e577b1177152e,6912a59f410888a7b66ed6cf,screenshot-92c3fa3a-6572-42be-9ce4-0541f882684d,,2025-11-12T07:12:39.478Z,346.18961048657326,426.39797748142274,0,0,,,screenshots/screen_000007.png
69142eb4410888a7b66fa988,68e48f1a803e577b1177152e,6912a59f410888a7b66ed6cf,screenshot-92c3fa3a-6572-42be-9ce4-0541f882684d,,2025-11-12T07:12:39.571Z,371.25716570809107,415.85479578539577,0,0,,,screenshots/screen_000007.png
69142eb4410888a7b66fa988,68e48f1a803e577b1177152e,6912a59f410888a7b66ed6cf,screenshot-92c3fa3a-6572-42be-9ce4-0541f882684d,,2025-11-12T07:12:39.681Z,397.67505596954885,423.91572686341215,0,0,,,screenshots/screen_000007.png
69142eb4410888a7b66fa988,68e48f1a803e577b1177152e,6912a59f410888a7b66ed6cf,screenshot-92c3fa3a-6572-42be-9ce4-0541f882684d,,2025-11-12T07:12:39.780Z,456.42513554095245,446.35827079618224,0,0,,,screenshots/screen_000007.png
69142eb4410888a7b66fa988,68e48f1a803e577b1177152e,6912a59f410888a7b66ed6cf,screenshot-92c3fa3a-6572-42be-9ce4-0541f882684d,,2025-11-12T07:12:39.877Z,437.5351985793254,443.4007536415105,0,0,,,screenshots/screen_000007.png
69142eb4410888a7b66fa988,68e48f1a803e577b1177152e,6912a59f410888a7b66ed6cf,screenshot-92c3fa3a-6572-42be-9ce4-0541f882684d,,2025-11-12T07:12:39.980Z,426.5838480120781,426.81467938888267,0,0,,,screenshots/screen_000007.png
69142eb4410888a7b66fa988,68e48f1a803e577b1177152e,6912a59f410888a7b66ed6cf,screenshot-92c3fa3a-6572-42be-9ce4-0541f882684d,,2025-11-12T07:12:40.078Z,425.53547930225875,459.18261072410263,0,0,,,screenshots/screen_000007.png
69142eb4410888a7b66fa988,68e48f1a803e577b1177152e,6912a59f410888a7b66ed6cf,screenshot-92c3fa3a-6572-42be-9ce4-0541f882684d,,2025-11-12T07:12:40.182Z,369.3656792351988,486.35310009763043,0,0,,,screenshots/screen_000007.png
69142eb4410888a7b66fa988,68e48f1a803e577b1177152e,6912a59f410888a7b66ed6cf,screenshot-92c3fa3a-6572-42be-9ce4-0541f882684d,,2025-11-12T07:12:40.279Z,407.7763122707982,473.1972627507039,0,0,,,screenshots/screen_000007.png
69142eb4410888a7b66fa988,68e48f1a803e577b1177152e,6912a59f410888a7b66ed6cf,screenshot-92c3fa3a-6572-42be-9ce4-0541f882684d,,2025-11-12T07:12:40.380Z,418.9929666614246,487.12866150692093,0,0,,,screenshots/screen_000007.png
69142eb4410888a7b66fa988,68e48f1a803e577b1177152e,6912a59f410888a7b66ed6cf,screenshot-92c3fa3a-6572-42be-9ce4-0541f882684d,,2025-11-12T07:12:40.479Z,461.0601093291261,452.45462040138005,0,0,,,screenshots/screen_000007.png
69142eb4410888a7b66fa988,68e48f1a803e577b1177152e,6912a59f410888a7b66ed6cf,screenshot-92c3fa3a-6572-42be-9ce4-0541f882684d,,2025-11-12T07:12:40.582Z,457.4772016336535,488.83763699337305,0,0,,,screenshots/screen_000007.png
69142eb4410888a7b66fa988,68e48f1a803e577b1177152e,6912a59f410888a7b66ed6cf,screenshot-92c3fa3a-6572-42be-9ce4-0541f882684d,,2025-11-12T07:12:40.680Z,458.39876138918265,503.5995087536546,0,0,,,screenshots/screen_000007.png
69142eb4410888a7b66fa988,68e48f1a803e577b1177152e,6912a59f410888a7b66ed6cf,screenshot-92c3fa3a-6572-42be-9ce4-0541f882684d,,2025-11-12T07:12:40.778Z,525.1298010741405,477.1099898826733,0,0,,,screenshots/screen_000007.png
69142eb4410888a7b66fa988,68e48f1a803e577b1177152e,6912a59f410888a7b66ed6cf,screenshot-92c3fa3a-6572-42be-9ce4-0541f882684d,,2025-11-12T07:12:40.884Z,547.6667179662707,495.2160069394177,0,0,,,screenshots/screen_000007.png
69142eb4410888a7b66fa988,68e48f1a803e577b1177152e,6912a59f410888a7b66ed6cf,screenshot-92c3fa3a-6572-42be-9ce4-0541f882684d,,2025-11-12T07:12:40.982Z,555.9505756901915,470.9167074912661,0,0,,,screenshots/screen_000007.png
69142eb4410888a7b66fa988,68e48f1a803e577b1177152e,6912a59f410888a7b66ed6cf,screenshot-92c3fa3a-6572-42be-9ce4-0541f882684d,,2025-11-12T07:12:41.079Z,540.4803327737076,484.35771048101975,0,0,,,screenshots/screen_000007.png
69142eb4410888a7b66fa988,68e48f1a803e577b1177152e,6912a59f410888a7b66ed6cf,screenshot-92c3fa3a-6572-42be-9ce4-0541f882684d,,2025-11-12T07:12:41.183Z,416.2299065722964,462.3113808245106,0,0,,,screenshots/screen_000007.png
69142eb4410888a7b66fa988,68e48f1a803e577b1177152e,6912a59f410888a7b66ed6cf,screenshot-92c3fa3a-6572-42be-9ce4-0541f882684d,,2025-11-12T07:12:41.279Z,304.98000596919513,457.5006184279833,0,0,,,screenshots/screen_000007.png
69142eb4410888a7b66fa988,68e48f1a803e577b1177152e,6912a59f410888a7b66ed6cf,screenshot-92c3fa3a-6572-42be-9ce4-0541f882684d,,2025-11-12T07:12:41.380Z,238.47065427833073,445.7602590057901,0,0,,,screenshots/screen_000007.png
69142eb4410888a7b66fa988,68e48f1a803e577b1177152e,6912a59f410888a7b66ed6cf,screenshot-92c3fa3a-6572-42be-9ce4-0541f882684d,,2025-11-12T07:12:41.478Z,211.710273332269,409.0742412468279,0,0,,,screenshots/screen_000007.png
69142eb4410888a7b66fa988,68e48f1a803e577b1177152e,6912a59f410888a7b66ed6cf,screenshot-92c3fa3a-6572-42be-9ce4-0541f882684d,,2025-11-12T07:12:41.577Z,133.06860185215834,393.48122426065,0,0,,,screenshots/screen_000007.png
69142eb4410888a7b66fa988,68e48f1a803e577b1177152e,6912a59f410888a7b66ed6cf,screenshot-92c3fa3a-6572-42be-9ce4-0541f882684d,,2025-11-12T07:12:41.681Z,123.5719778581435,383.5527461291537,0,0,,,screenshots/screen_000007.png
69142eb4410888a7b66fa988,68e48f1a803e577b1177152e,6912a59f410888a7b66ed6cf,screenshot-92c3fa3a-6572-42be-9ce4-0541f882684d,,2025-11-12T07:12:41.791Z,121.84230741960445,373.5836417051476,0,0,,,screenshots/screen_000007.png
69142eb4410888a7b66fa988,68e48f1a803e577b1177152e,6912a59f410888a7b66ed6cf,screenshot-92c3fa3a-6572-42be-9ce4-0541f882684d,,2025-11-12T07:12:41.885Z,61.58595743387648,376.14618931037796,0,0,,,screenshots/screen_000007.png
69142eb4410888a7b66fa988,68e48f1a803e577b1177152e,6912a59f410888a7b66ed6cf,screenshot-92c3fa3a-6572-42be-9ce4-0541f882684d,,2025-11-12T07:12:41.988Z,77.712320085675,375.23179704745246,0,0,,,screenshots/screen_000007.png
69142eb4410888a7b66fa988,68e48f1a803e577b1177152e,6912a59f410888a7b66ed6cf,screenshot-92c3fa3a-6572-42be-9ce4-0541f882684d,,2025-11-12T07:12:42.084Z,59.58324630334352,372.46121262259265,0,0,,,screenshots/screen_000007.png
69142eb4410888a7b66fa988,68e48f1a803e577b1177152e,6912a59f410888a7b66ed6cf,screenshot-92c3fa3a-6572-42be-9ce4-0541f882684d,,2025-11-12T07:12:42.188Z,37.66532723519917,359.8805720131091,0,0,,,screenshots/screen_000007.png
69142eb4410888a7b66fa988,68e48f1a803e577b1177152e,6912a59f410888a7b66ed6cf,screenshot-92c3fa3a-6572-42be-9ce4-0541f882684d,,2025-11-12T07:12:42.289Z,19.982152438108134,353.2863965442411,0,0,,,screenshots/screen_000007.png
69142eb4410888a7b66fa988,68e48f1a803e577b1177152e,6912a59f410888a7b66ed6cf,screenshot-92c3fa3a-6572-42be-9ce4-0541f882684d,,2025-11-12T07:12:42.385Z,2.1846159108403125,369.42412332166515,0,0,,,screenshots/screen_000007.png
69142eb4410888a7b66fa988,68e48f1a803e577b1177152e,6912a59f410888a7b66ed6cf,screenshot-92c3fa3a-6572-42be-9ce4-0541f882684d,,2025-11-12T07:12:42.557Z,62.17020867743964,386.2927035117509,0,0,,,screenshots/screen_000007.png
69142eb4410888a7b66fa988,68e48f1a803e577b1177152e,6912a59f410888a7b66ed6cf,screenshot-92c3fa3a-6572-42be-9ce4-0541f882684d,,2025-11-12T07:12:42.664Z,164.3649076472683,398.15446690962875,0,0,,,screenshots/screen_000007.png
69142eb4410888a7b66fa988,68e48f1a803e577b1177152e,6912a59f410888a7b66ed6cf,screenshot-92c3fa3a-6572-42be-9ce4-0541f882684d,,2025-11-12T07:12:42.766Z,188.238847729272,388.66325074471735,0,0,,,screenshots/screen_000007.png
69142eb4410888a7b66fa988,68e48f1a803e577b1177152e,6912a59f410888a7b66ed6cf,screenshot-92c3fa3a-6572-42be-9ce4-0541f882684d,,2025-11-12T07:12:42.867Z,265.33709605186766,371.0187001737073,0,0,,,screenshots/screen_000007.png
69142eb4410888a7b66fa988,68e48f1a803e577b1177152e,6912a59f410888a7b66ed6cf,screenshot-92c3fa3a-6572-42be-9ce4-0541f882684d,,2025-11-12T07:12:42.983Z,271.18655843417577,365.2098506306747,0,0,,,screenshots/screen_000007.png
69142eb4410888a7b66fa988,68e48f1a803e577b1177152e,6912a59f410888a7b66ed6cf,screenshot-92c3fa3a-6572-42be-9ce4-0541f882684d,,2025-11-12T07:12:43.095Z,270.8112535030081,378.65507298812224,0,0,,,screenshots/screen_000007.png
69142eb4410888a7b66fa988,68e48f1a803e577b1177152e,6912a59f410888a7b66ed6cf,screenshot-92c3fa3a-6572-42be-9ce4-0541f882684d,,2025-11-12T07:12:43.197Z,321.91255732762085,378.15661506867536,0,0,,,screenshots/screen_000007.png
69142eb4410888a7b66fa988,68e48f1a803e577b1177152e,6912a59f410888a7b66ed6cf,screenshot-92c3fa3a-6572-42be-9ce4-0541f882684d,,2025-11-12T07:12:43.296Z,264.75275556689405,377.82204286214954,0,0,,,screenshots/screen_000007.png
69142eb4410888a7b66fa988,68e48f1a803e577b1177152e,6912a59f410888a7b66ed6cf,screenshot-92c3fa3a-6572-42be-9ce4-0541f882684d,,2025-11-12T07:12:43.392Z,295.0185037296976,388.0907815256159,0,0,,,screenshots/screen_000007.png
69142eb4410888a7b66fa988,68e48f1a803e577b1177152e,6912a59f410888a7b66ed6cf,screenshot-92c3fa3a-6572-42be-9ce4-0541f882684d,,2025-11-12T07:12:43.497Z,380.2386111119502,394.8031408707863,0,0,,,screenshots/screen_000007.png
69142eb4410888a7b66fa988,68e48f1a803e577b1177152e,6912a59f410888a7b66ed6cf,screenshot-92c3fa3a-6572-42be-9ce4-0541f882684d,,2025-11-12T07:12:43.598Z,352.9398413527892,397.5216414179199,0,0,,,screenshots/screen_000007.png
69142eb4410888a7b66fa988,68e48f1a803e577b1177152e,6912a59f410888a7b66ed6cf,screenshot-92c3fa3a-6572-42be-9ce4-0541f882684d,,2025-11-12T07:12:43.689Z,355.6885277163236,386.5405411194191,0,0,,,screenshots/screen_000007.png
69142eb4410888a7b66fa988,68e48f1a803e577b1177152e,6912a59f410888a7b66ed6cf,screenshot-92c3fa3a-6572-42be-9ce4-0541f882684d,,2025-11-12T07:12:43.791Z,318.8764746186412,400.8023721493969,0,0,,,screenshots/screen_000007.png
69142eb4410888a7b66fa988,68e48f1a803e577b1177152e,6912a59f410888a7b66ed6cf,screenshot-92c3fa3a-6572-42be-9ce4-0541f882684d,,2025-11-12T07:12:43.897Z,309.3697378974336,396.43590081112103,0,0,,,screenshots/screen_000007.png
69142eb4410888a7b66fa988,68e48f1a803e577b1177152e,6912a59f410888a7b66ed6cf,screenshot-92c3fa3a-6572-42be-9ce4-0541f882684d,,2025-11-12T07:12:43.991Z,288.85459139019827,405.5678985564083,0,0,,,screenshots/screen_000007.png
69142eb4410888a7b66fa988,68e48f1a803e577b1177152e,6912a59f410888a7b66ed6cf,screenshot-92c3fa3a-6572-42be-9ce4-0541f882684d,,2025-11-12T07:12:44.098Z,401.62100426374195,416.6013119808867,0,0,,,screenshots/screen_000007.png
69142eb4410888a7b66fa988,68e48f1a803e577b1177152e,6912a59f410888a7b66ed6cf,screenshot-92c3fa3a-6572-42be-9ce4-0541f882684d,,2025-11-12T07:12:44.196Z,424.20845168740465,434.08923516791845,0,0,,,screenshots/screen_000007.png
69142eb4410888a7b66fa988,68e48f1a803e577b1177152e,6912a59f410888a7b66ed6cf,screenshot-92c3fa3a-6572-42be-9ce4-0541f882684d,,2025-11-12T07:12:44.297Z,379.4808671790758,451.6829838774381,0,0,,,screenshots/screen_000007.png
69142eb4410888a7b66fa988,68e48f1a803e577b1177152e,6912a59f410888a7b66ed6cf,screenshot-92c3fa3a-6572-42be-9ce4-0541f882684d,,2025-11-12T07:12:44.402Z,377.15377338590525,401.3460104739405,0,0,,,screenshots/screen_000007.png
69142eb4410888a7b66fa988,68e48f1a803e577b1177152e,6912a59f410888a7b66ed6cf,screenshot-92c3fa3a-6572-42be-9ce4-0541f882684d,,2025-11-12T07:12:44.536Z,459.0400208687697,414.242535117731,0,0,,,screenshots/screen_000007.png
69142eb4410888a7b66fa988,68e48f1a803e577b1177152e,6912a59f410888a7b66ed6cf,screenshot-92c3fa3a-6572-42be-9ce4-0541f882684d,,2025-11-12T07:12:44.648Z,459.58452990879977,354.1498200150685,0,0,,,screenshots/screen_000007.png
69142eb4410888a7b66fa988,68e48f1a803e577b1177152e,6912a59f410888a7b66ed6cf,screenshot-92c3fa3a-6572-42be-9ce4-0541f882684d,,2025-11-12T07:12:44.775Z,471.3693794918144,288.04369282955906,0,0,,,screenshots/screen_000007.png
69142eb4410888a7b66fa988,68e48f1a803e577b1177152e,6912a59f410888a7b66ed6cf,screenshot-92c3fa3a-6572-42be-9ce4-0541f882684d,,2025-11-12T07:12:44.901Z,513.6832890716638,256.85616982442434,0,0,,,screenshots/screen_000007.png
69142eb4410888a7b66fa988,68e48f1a803e577b1177152e,6912a59f410888a7b66ed6cf,screenshot-92c3fa3a-6572-42be-9ce4-0541f882684d,,2025-11-12T07:12:45.007Z,528.6190842316471,227.01708787627885,0,0,,,screenshots/screen_000007.png
69142eb4410888a7b66fa988,68e48f1a803e577b1177152e,6912a59f410888a7b66ed6cf,screenshot-92c3fa3a-6572-42be-9ce4-0541f882684d,,2025-11-12T07:12:45.117Z,551.2247014909178,208.2473579496009,0,0,,,screenshots/screen_000007.png
69142eb4410888a7b66fa988,68e48f1a803e577b1177152e,6912a59f410888a7b66ed6cf,screenshot-92c3fa3a-6572-42be-9ce4-0541f882684d,,2025-11-12T07:12:45.243Z,538.2819817512644,200.8995937367528,0,0,,,screenshots/screen_000007.png
69142eb4410888a7b66fa988,68e48f1a803e577b1177152e,6912a59f410888a7b66ed6cf,screenshot-92c3fa3a-6572-42be-9ce4-0541f882684d,,2025-11-12T07:12:45.366Z,539.0200476179403,187.2614647729057,0,0,,,screenshots/screen_000007.png
69142eb4410888a7b66fa988,68e48f1a803e577b1177152e,6912a59f410888a7b66ed6cf,screenshot-92c3fa3a-6572-42be-9ce4-0541f882684d,,2025-11-12T07:12:45.476Z,567.8948998057637,176.69039198355938,0,0,,,screenshots/screen_000007.png
69142eb4410888a7b66fa988,68e48f1a803e577b1177152e,6912a59f410888a7b66ed6cf,screenshot-92c3fa3a-6572-42be-9ce4-0541f882684d,,2025-11-12T07:12:45.584Z,524.0773951945628,201.3598854929702,0,0,,,screenshots/screen_000007.png
69142eb4410888a7b66fa988,68e48f1a803e577b1177152e,6912a59f410888a7b66ed6cf,screenshot-92c3fa3a-6572-42be-9ce4-0541f882684d,,2025-11-12T07:12:45.707Z,516.8544375440958,241.9929460753053,0,0,,,screenshots/screen_000007.png
69142eb4410888a7b66fa988,68e48f1a803e577b1177152e,6912a59f410888a7b66ed6cf,screenshot-92c3fa3a-6572-42be-9ce4-0541f882684d,,2025-11-12T07:12:45.824Z,562.1448222694798,288.1677860181328,0,0,,,screenshots/screen_000007.png
69142eb4410888a7b66fa988,68e48f1a803e577b1177152e,6912a59f410888a7b66ed6cf,screenshot-92c3fa3a-6572-42be-9ce4-0541f882684d,,2025-11-12T07:12:45.933Z,565.4032475184137,302.59444818340853,0,0,,,screenshots/screen_000007.png
69142eb4410888a7b66fa988,68e48f1a803e577b1177152e,6912a59f410888a7b66ed6cf,screenshot-92c3fa3a-6572-42be-9ce4-0541f882684d,,2025-11-12T07:12:46.056Z,584.0520624249609,336.31646460066304,0,0,,,screenshots/screen_000007.png
69142eb4410888a7b66fa988,68e48f1a803e577b1177152e,6912a59f410888a7b66ed6cf,screenshot-92c3fa3a-6572-42be-9ce4-0541f882684d,,2025-11-12T07:12:46.160Z,604.9077320199852,350.1581598835162,0,0,,,screenshots/screen_000007.png
69142eb4410888a7b66fa988,68e48f1a803e577b1177152e,6912a59f410888a7b66ed6cf,screenshot-92c3fa3a-6572-42be-9ce4-0541f882684d,,2025-11-12T07:12:46.273Z,663.0724487151303,385.6311946945874,0,0,,,screenshots/screen_000007.png
69142eb4410888a7b66fa988,68e48f1a803e577b1177152e,6912a59f410888a7b66ed6cf,screenshot-92c3fa3a-6572-42be-9ce4-0541f882684d,,2025-11-12T07:12:46.376Z,614.3245835339826,402.26816591429866,0,0,,,screenshots/screen_000007.png
69142eb4410888a7b66fa988,68e48f1a803e577b1177152e,6912a59f410888a7b66ed6cf,screenshot-92c3fa3a-6572-42be-9ce4-0541f882684d,,2025-11-12T07:12:46.481Z,542.4860514527556,369.7610226138194,0,0,,,screenshots/screen_000007.png
69142eb4410888a7b66fa988,68e48f1a803e577b1177152e,6912a59f410888a7b66ed6cf,screenshot-92c3fa3a-6572-42be-9ce4-0541f882684d,,2025-11-12T07:12:46.578Z,406.88841753065145,354.0702498417821,0,0,,,screenshots/screen_000007.png
69142eb4410888a7b66fa988,68e48f1a803e577b1177152e,6912a59f410888a7b66ed6cf,screenshot-92c3fa3a-6572-42be-9ce4-0541f882684d,,2025-11-12T07:12:46.681Z,351.9368486749523,318.66774559521554,0,0,,,screenshots/screen_000007.png
69142eb4410888a7b66fa988,68e48f1a803e577b1177152e,6912a59f410888a7b66ed6cf,screenshot-92c3fa3a-6572-42be-9ce4-0541f882684d,,2025-11-12T07:12:46.784Z,230.63339825351056,280.7769164829501,0,0,,,screenshots/screen_000007.png
69142eb4410888a7b66fa988,68e48f1a803e577b1177152e,6912a59f410888a7b66ed6cf,screenshot-92c3fa3a-6572-42be-9ce4-0541f882684d,,2025-11-12T07:12:46.903Z,199.5033115129325,260.2853334452669,0,0,,,screenshots/screen_000007.png
69142eb4410888a7b66fa988,68e48f1a803e577b1177152e,6912a59f410888a7b66ed6cf,screenshot-92c3fa3a-6572-42be-9ce4-0541f882684d,,2025-11-12T07:12:47.012Z,165.4679648710335,245.51128590817996,0,0,,,screenshots/screen_000007.png
69142eb4410888a7b66fa988,68e48f1a803e577b1177152e,6912a59f410888a7b66ed6cf,screenshot-92c3fa3a-6572-42be-9ce4-0541f882684d,,2025-11-12T07:12:47.113Z,95.01119761973885,225.35226171930412,0,0,,,screenshots/screen_000007.png
69142eb4410888a7b66fa988,68e48f1a803e577b1177152e,6912a59f410888a7b66ed6cf,screenshot-92c3fa3a-6572-42be-9ce4-0541f882684d,,2025-11-12T07:12:47.210Z,8.66257175779473,206.99015699851964,0,0,,,screenshots/screen_000007.png
69142eb4410888a7b66fa988,68e48f1a803e577b1177152e,6912a59f410888a7b66ed6cf,screenshot-92c3fa3a-6572-42be-9ce4-0541f882684d,,2025-11-12T07:12:47.314Z,-31.52286100753307,201.84168507108004,0,0,,,screenshots/screen_000007.png
69142eb4410888a7b66fa988,68e48f1a803e577b1177152e,6912a59f410888a7b66ed6cf,screenshot-92c3fa3a-6572-42be-9ce4-0541f882684d,,2025-11-12T07:12:47.414Z,-16.31229790236182,218.77048788473,0,0,,,screenshots/screen_000007.png
69142eb4410888a7b66fa988,68e48f1a803e577b1177152e,6912a59f410888a7b66ed6cf,screenshot-92c3fa3a-6572-42be-9ce4-0541f882684d,,2025-11-12T07:12:47.510Z,9.693321888239588,265.59377987765345,0,0,,,screenshots/screen_000007.png
69142eb4410888a7b66fa988,68e48f1a803e577b1177152e,6912a59f410888a7b66ed6cf,screenshot-92c3fa3a-6572-42be-9ce4-0541f882684d,,2025-11-12T07:12:47.608Z,18.39985734468818,276.8891690359757,0,0,,,screenshots/screen_000007.png
69142eb4410888a7b66fa988,68e48f1a803e577b1177152e,6912a59f410888a7b66ed6cf,screenshot-92c3fa3a-6572-42be-9ce4-0541f882684d,,2025-11-12T07:12:47.706Z,52.90931326498567,308.8904881004575,0,0,,,screenshots/screen_000007.png
69142eb4410888a7b66fa988,68e48f1a803e577b1177152e,6912a59f410888a7b66ed6cf,screenshot-92c3fa3a-6572-42be-9ce4-0541f882684d,,2025-11-12T07:12:47.808Z,124.41087409571072,368.26419613458387,0,0,,,screenshots/screen_000007.png
69142eb4410888a7b66fa988,68e48f1a803e577b1177152e,6912a59f410888a7b66ed6cf,screenshot-92c3fa3a-6572-42be-9ce4-0541f882684d,,2025-11-12T07:12:47.913Z,180.30965306877243,386.0228570945226,0,0,,,screenshots/screen_000007.png
69142eb4410888a7b66fa988,68e48f1a803e577b1177152e,6912a59f410888a7b66ed6cf,screenshot-92c3fa3a-6572-42be-9ce4-0541f882684d,,2025-11-12T07:12:48.046Z,226.71755825832514,360.4525250126927,0,0,,,screenshots/screen_000007.png
69142eb4410888a7b66fa988,68e48f1a803e577b1177152e,6912a59f410888a7b66ed6cf,screenshot-92c3fa3a-6572-42be-9ce4-0541f882684d,,2025-11-12T07:12:48.153Z,281.61681236288825,353.2259063251104,0,0,,,screenshots/screen_000007.png
69142eb4410888a7b66fa988,68e48f1a803e577b1177152e,6912a59f410888a7b66ed6cf,screenshot-92c3fa3a-6572-42be-9ce4-0541f882684d,,2025-11-12T07:12:48.273Z,364.5279997018976,317.26869182168485,0,0,,,screenshots/screen_000007.png
69142eb4410888a7b66fa988,68e48f1a803e577b1177152e,6912a59f410888a7b66ed6cf,screenshot-92c3fa3a-6572-42be-9ce4-0541f882684d,,2025-11-12T07:12:48.384Z,401.4450205751327,290.1434153387291,0,0,,,screenshots/screen_000007.png
69142eb4410888a7b66fa988,68e48f1a803e577b1177152e,6912a59f410888a7b66ed6cf,screenshot-92c3fa3a-6572-42be-9ce4-0541f882684d,,2025-11-12T07:12:48.482Z,477.75147537665214,258.6848502208968,0,0,,,screenshots/screen_000007.png
69142eb4410888a7b66fa988,68e48f1a803e577b1177152e,6912a59f410888a7b66ed6cf,screenshot-92c3fa3a-6572-42be-9ce4-0541f882684d,,2025-11-12T07:12:48.583Z,497.11072580615024,266.14363316475595,0,0,,,screenshots/screen_000007.png
69142eb4410888a7b66fa988,68e48f1a803e577b1177152e,6912a59f410888a7b66ed6cf,screenshot-92c3fa3a-6572-42be-9ce4-0541f882684d,,2025-11-12T07:12:48.696Z,551.2933299497129,246.43060092960346,0,0,,,screenshots/screen_000007.png
69142eb4410888a7b66fa988,68e48f1a803e577b1177152e,6912a59f410888a7b66ed6cf,screenshot-92c3fa3a-6572-42be-9ce4-0541f882684d,,2025-11-12T07:12:48.801Z,546.391987867106,242.09191821237928,0,0,,,screenshots/screen_000007.png
69142eb4410888a7b66fa988,68e48f1a803e577b1177152e,6912a59f410888a7b66ed6cf,screenshot-92c3fa3a-6572-42be-9ce4-0541f882684d,,2025-11-12T07:12:48.919Z,640.3766076530361,211.53846883184198,0,0,,,screenshots/screen_000007.png
69142eb4410888a7b66fa988,68e48f1a803e577b1177152e,6912a59f410888a7b66ed6cf,screenshot-92c3fa3a-6572-42be-9ce4-0541f882684d,,2025-11-12T07:12:49.028Z,662.1019299150649,217.00615793186356,0,0,,,screenshots/screen_000007.png
69142eb4410888a7b66fa988,68e48f1a803e577b1177152e,6912a59f410888a7b66ed6cf,screenshot-92c3fa3a-6572-42be-9ce4-0541f882684d,,2025-11-12T07:12:49.139Z,684.9352578218942,197.21650115854817,0,0,,,screenshots/screen_000007.png
69142eb4410888a7b66fa988,68e48f1a803e577b1177152e,6912a59f410888a7b66ed6cf,screenshot-92c3fa3a-6572-42be-9ce4-0541f882684d,,2025-11-12T07:12:49.252Z,636.7926669580274,238.38584352563572,0,0,,,screenshots/screen_000007.png
69142eb4410888a7b66fa988,68e48f1a803e577b1177152e,6912a59f410888a7b66ed6cf,screenshot-92c3fa3a-6572-42be-9ce4-0541f882684d,,2025-11-12T07:12:49.352Z,663.0946309607924,286.5510263018348,0,0,,,screenshots/screen_000007.png
69142eb4410888a7b66fa988,68e48f1a803e577b1177152e,6912a59f410888a7b66ed6cf,screenshot-92c3fa3a-6572-42be-9ce4-0541f882684d,,2025-11-12T07:12:49.445Z,639.1969391882811,305.50907413898886,0,0,,,screenshots/screen_000007.png
69142eb4410888a7b66fa988,68e48f1a803e577b1177152e,6912a59f410888a7b66ed6cf,screenshot-92c3fa3a-6572-42be-9ce4-0541f882684d,,2025-11-12T07:12:49.541Z,609.2082632355366,353.4849003575769,0,0,,,screenshots/screen_000007.png
69142eb4410888a7b66fa988,68e48f1a803e577b1177152e,6912a59f410888a7b66ed6cf,screenshot-92c3fa3a-6572-42be-9ce4-0541f882684d,,2025-11-12T07:12:49.655Z,530.0860019513591,373.2898525879477,0,0,,,screenshots/screen_000007.png
69142eb4410888a7b66fa988,68e48f1a803e577b1177152e,6912a59f410888a7b66ed6cf,screenshot-92c3fa3a-6572-42be-9ce4-0541f882684d,,2025-11-12T07:12:49.756Z,505.2466325078659,396.7267557447412,0,0,,,screenshots/screen_000007.png
69142eb4410888a7b66fa988,68e48f1a803e577b1177152e,6912a59f410888a7b66ed6cf,screenshot-92c3fa3a-6572-42be-9ce4-0541f882684d,,2025-11-12T07:12:49.855Z,479.8888034359742,409.2732802079404,0,0,,,screenshots/screen_000007.png
69142eb4410888a7b66fa988,68e48f1a803e577b1177152e,6912a59f410888a7b66ed6cf,screenshot-92c3fa3a-6572-42be-9ce4-0541f882684d,,2025-11-12T07:12:49.951Z,478.25693144250545,421.04750804134915,0,0,,,screenshots/screen_000007.png
69142eb4410888a7b66fa988,68e48f1a803e577b1177152e,6912a59f410888a7b66ed6cf,screenshot-92c3fa3a-6572-42be-9ce4-0541f882684d,,2025-11-12T07:12:50.053Z,436.11694577921793,417.3024766030128,0,0,,,screenshots/screen_000007.png
69142eb4410888a7b66fa988,68e48f1a803e577b1177152e,6912a59f410888a7b66ed6cf,screenshot-92c3fa3a-6572-42be-9ce4-0541f882684d,,2025-11-12T07:12:50.157Z,362.5404330776151,412.7264281120313,0,0,,,screenshots/screen_000007.png
69142eb4410888a7b66fa988,68e48f1a803e577b1177152e,6912a59f410888a7b66ed6cf,screenshot-92c3fa3a-6572-42be-9ce4-0541f882684d,,2025-11-12T07:12:50.270Z,331.90130329472703,387.8666480810349,0,0,,,screenshots/screen_000007.png
69142eb4410888a7b66fa988,68e48f1a803e577b1177152e,6912a59f410888a7b66ed6cf,screenshot-92c3fa3a-6572-42be-9ce4-0541f882684d,,2025-11-12T07:12:50.384Z,362.3288741527092,347.3533378897588,0,0,,,screenshots/screen_000007.png
69142eb4410888a7b66fa988,68e48f1a803e577b1177152e,6912a59f410888a7b66ed6cf,screenshot-92c3fa3a-6572-42be-9ce4-0541f882684d,,2025-11-12T07:12:50.491Z,432.4977377706092,346.7218044934565,0,0,,,screenshots/screen_000007.png
69142eb4410888a7b66fa988,68e48f1a803e577b1177152e,6912a59f410888a7b66ed6cf,screenshot-92c3fa3a-6572-42be-9ce4-0541f882684d,,2025-11-12T07:12:50.598Z,541.5469218826385,325.7883622118705,0,0,,,screenshots/screen_000007.png
69142eb4410888a7b66fa988,68e48f1a803e577b1177152e,6912a59f410888a7b66ed6cf,screenshot-92c3fa3a-6572-42be-9ce4-0541f882684d,,2025-11-12T07:12:50.698Z,616.7600824693949,306.6712223019226,0,0,,,screenshots/screen_000007.png
69142eb4410888a7b66fa988,68e48f1a803e577b1177152e,6912a59f410888a7b66ed6cf,screenshot-92c3fa3a-6572-42be-9ce4-0541f882684d,,2025-11-12T07:12:50.820Z,724.3930741787754,267.9533160056296,0,0,,,screenshots/screen_000007.png
69142eb4410888a7b66fa988,68e48f1a803e577b1177152e,6912a59f410888a7b66ed6cf,screenshot-92c3fa3a-6572-42be-9ce4-0541f882684d,,2025-11-12T07:12:50.926Z,697.5897069405373,271.1764721727635,0,0,,,screenshots/screen_000007.png
69142eb4410888a7b66fa988,68e48f1a803e577b1177152e,6912a59f410888a7b66ed6cf,screenshot-92c3fa3a-6572-42be-9ce4-0541f882684d,,2025-11-12T07:12:51.111Z,780.9498696719224,255.62379471065503,0,0,,,screenshots/screen_000007.png
69142eb4410888a7b66fa988,68e48f1a803e577b1177152e,6912a59f410888a7b66ed6cf,screenshot-92c3fa3a-6572-42be-9ce4-0541f882684d,,2025-11-12T07:12:51.233Z,742.5748391847052,259.70984952534144,0,0,,,screenshots/screen_000007.png
69142eb4410888a7b66fa988,68e48f1a803e577b1177152e,6912a59f410888a7b66ed6cf,screenshot-92c3fa3a-6572-42be-9ce4-0541f882684d,,2025-11-12T07:12:51.331Z,783.226007396412,246.56553975833205,0,0,,,screenshots/screen_000007.png
69142eb4410888a7b66fa988,68e48f1a803e577b1177152e,6912a59f410888a7b66ed6cf,screenshot-92c3fa3a-6572-42be-9ce4-0541f882684d,,2025-11-12T07:12:51.438Z,730.0303970998095,241.03487330401708,0,0,,,screenshots/screen_000007.png
69142eb4410888a7b66fa988,68e48f1a803e577b1177152e,6912a59f410888a7b66ed6cf,screenshot-92c3fa3a-6572-42be-9ce4-0541f882684d,,2025-11-12T07:12:51.555Z,630.5404133768992,243.1046609753782,0,0,,,screenshots/screen_000007.png
69142eb4410888a7b66fa988,68e48f1a803e577b1177152e,6912a59f410888a7b66ed6cf,screenshot-92c3fa3a-6572-42be-9ce4-0541f882684d,,2025-11-12T07:12:51.662Z,492.2623331718791,236.1337011708396,0,0,,,screenshots/screen_000007.png
69142eb4410888a7b66fa988,68e48f1a803e577b1177152e,6912a59f410888a7b66ed6cf,screenshot-92c3fa3a-6572-42be-9ce4-0541f882684d,,2025-11-12T07:12:51.760Z,424.49128476378837,227.05603012676787,0,0,,,screenshots/screen_000007.png
69142eb4410888a7b66fa988,68e48f1a803e577b1177152e,6912a59f410888a7b66ed6cf,screenshot-92c3fa3a-6572-42be-9ce4-0541f882684d,,2025-11-12T07:12:51.860Z,414.2393085132688,274.0298552909131,0,0,,,screenshots/screen_000007.png
69142eb4410888a7b66fa988,68e48f1a803e577b1177152e,6912a59f410888a7b66ed6cf,screenshot-92c3fa3a-6572-42be-9ce4-0541f882684d,,2025-11-12T07:12:51.958Z,373.02399894928453,309.53756313023024,0,0,,,screenshots/screen_000007.png
69142eb4410888a7b66fa988,68e48f1a803e577b1177152e,6912a59f410888a7b66ed6cf,screenshot-92c3fa3a-6572-42be-9ce4-0541f882684d,,2025-11-12T07:12:52.064Z,391.52275076326583,318.67660153478886,0,0,,,screenshots/screen_000007.png
69142eb4410888a7b66fa988,68e48f1a803e577b1177152e,6912a59f410888a7b66ed6cf,screenshot-92c3fa3a-6572-42be-9ce4-0541f882684d,,2025-11-12T07:12:52.169Z,510.22744008437706,293.8229676706128,0,0,,,screenshots/screen_000007.png
69142eb4410888a7b66fa988,68e48f1a803e577b1177152e,6912a59f410888a7b66ed6cf,screenshot-92c3fa3a-6572-42be-9ce4-0541f882684d,,2025-11-12T07:12:52.294Z,538.7355931781974,272.2155705585066,0,0,,,screenshots/screen_000007.png
69142eb4410888a7b66fa988,68e48f1a803e577b1177152e,6912a59f410888a7b66ed6cf,screenshot-92c3fa3a-6572-42be-9ce4-0541f882684d,,2025-11-12T07:12:52.410Z,537.1318954663928,272.4833671629472,0,0,,,screenshots/screen_000007.png
69142eb4410888a7b66fa988,68e48f1a803e577b1177152e,6912a59f410888a7b66ed6cf,screenshot-92c3fa3a-6572-42be-9ce4-0541f882684d,,2025-11-12T07:12:52.544Z,504.46447993766986,264.78619631473117,0,0,,,screenshots/screen_000007.png
69142eb4410888a7b66fa988,68e48f1a803e577b1177152e,6912a59f410888a7b66ed6cf,screenshot-92c3fa3a-6572-42be-9ce4-0541f882684d,,2025-11-12T07:12:52.682Z,637.3270268799089,247.40614277135342,0,0,,,screenshots/screen_000007.png
69142eb4410888a7b66fa988,68e48f1a803e577b1177152e,6912a59f410888a7b66ed6cf,screenshot-92c3fa3a-6572-42be-9ce4-0541f882684d,,2025-11-12T07:12:52.814Z,573.3540620675956,254.61751138826645,0,0,,,screenshots/screen_000007.png
69142eb4410888a7b66fa988,68e48f1a803e577b1177152e,6912a59f410888a7b66ed6cf,screenshot-92c3fa3a-6572-42be-9ce4-0541f882684d,,2025-11-12T07:12:52.955Z,527.4242585763254,236.40051747068046,0,0,,,screenshots/screen_000007.png
69142eb4410888a7b66fa988,68e48f1a803e577b1177152e,6912a59f410888a7b66ed6cf,screenshot-92c3fa3a-6572-42be-9ce4-0541f882684d,,2025-11-12T07:12:53.093Z,389.8661690788633,227.77445045799917,0,0,,,screenshots/screen_000007.png
69142eb4410888a7b66fa988,68e48f1a803e577b1177152e,6912a59f410888a7b66ed6cf,screenshot-92c3fa3a-6572-42be-9ce4-0541f882684d,,2025-11-12T07:12:53.228Z,373.1555778433826,208.71751672935622,0,0,,,screenshots/screen_000007.png
69142eb4410888a7b66fa988,68e48f1a803e577b1177152e,6912a59f410888a7b66ed6cf,screenshot-92c3fa3a-6572-42be-9ce4-0541f882684d,,2025-11-12T07:12:53.346Z,366.19726585382654,239.21727488335594,0,0,,,screenshots/screen_000007.png
69142eb4410888a7b66fa988,68e48f1a803e577b1177152e,6912a59f410888a7b66ed6cf,screenshot-92c3fa3a-6572-42be-9ce4-0541f882684d,,2025-11-12T07:12:53.476Z,391.7685430512739,209.4733052443168,0,0,,,screenshots/screen_000007.png
69142eb4410888a7b66fa988,68e48f1a803e577b1177152e,6912a59f410888a7b66ed6cf,screenshot-92c3fa3a-6572-42be-9ce4-0541f882684d,,2025-11-12T07:12:53.607Z,340.312518064582,219.73703836265105,0,0,,,screenshots/screen_000007.png
69142eb4410888a7b66fa988,68e48f1a803e577b1177152e,6912a59f410888a7b66ed6cf,screenshot-92c3fa3a-6572-42be-9ce4-0541f882684d,,2025-11-12T07:12:53.721Z,409.2252287149387,206.63955755256148,0,0,,,screenshots/screen_000007.png
69142eb4410888a7b66fa988,68e48f1a803e577b1177152e,6912a59f410888a7b66ed6cf,screenshot-92c3fa3a-6572-42be-9ce4-0541f882684d,,2025-11-12T07:12:53.843Z,396.3370131068787,210.5709031065746,0,0,,,screenshots/screen_000007.png
69142eb4410888a7b66fa988,68e48f1a803e577b1177152e,6912a59f410888a7b66ed6cf,screenshot-92c3fa3a-6572-42be-9ce4-0541f882684d,,2025-11-12T07:12:53.972Z,404.03545462580627,207.1528086278281,0,0,,,screenshots/screen_000007.png
69142eb4410888a7b66fa988,68e48f1a803e577b1177152e,6912a59f410888a7b66ed6cf,screenshot-92c3fa3a-6572-42be-9ce4-0541f882684d,,2025-11-12T07:12:54.081Z,430.9324194143842,216.70231377858323,0,0,,,screenshots/screen_000007.png
69142eb4410888a7b66fa988,68e48f1a803e577b1177152e,6912a59f410888a7b66ed6cf,screenshot-92c3fa3a-6572-42be-9ce4-0541f882684d,,2025-11-12T07:12:54.189Z,411.09527662934465,226.80104817934225,0,0,,,screenshots/screen_000007.png
69142eb4410888a7b66fa988,68e48f1a803e577b1177152e,6912a59f410888a7b66ed6cf,screenshot-92c3fa3a-6572-42be-9ce4-0541f882684d,,2025-11-12T07:12:54.295Z,375.866315486667,197.88384958126085,0,0,,,screenshots/screen_000007.png
69142eb4410888a7b66fa988,68e48f1a803e577b1177152e,6912a59f410888a7b66ed6cf,screenshot-92c3fa3a-6572-42be-9ce4-0541f882684d,,2025-11-12T07:12:54.404Z,323.44654291143854,210.71660655866376,0,0,,,screenshots/screen_000007.png
69142eb4410888a7b66fa988,68e48f1a803e577b1177152e,6912a59f410888a7b66ed6cf,screenshot-92c3fa3a-6572-42be-9ce4-0541f882684d,,2025-11-12T07:12:54.501Z,234.19452053891666,253.24976765424984,0,0,,,screenshots/screen_000007.png
69142eb4410888a7b66fa988,68e48f1a803e577b1177152e,6912a59f410888a7b66ed6cf,screenshot-92c3fa3a-6572-42be-9ce4-0541f882684d,,2025-11-12T07:12:54.599Z,271.6889838981003,272.58291327766045,0,0,,,screenshots/screen_000007.png
69142eb4410888a7b66fa988,68e48f1a803e577b1177152e,6912a59f410888a7b66ed6cf,screenshot-92c3fa3a-6572-42be-9ce4-0541f882684d,,2025-11-12T07:12:54.701Z,169.81599047731927,292.12209424380296,0,0,,,screenshots/screen_000007.png
69142eb4410888a7b66fa988,68e48f1a803e577b1177152e,6912a59f410888a7b66ed6cf,screenshot-92c3fa3a-6572-42be-9ce4-0541f882684d,,2025-11-12T07:12:54.807Z,145.74243760219113,308.1914059752823,0,0,,,screenshots/screen_000007.png
69142eb4410888a7b66fa988,68e48f1a803e577b1177152e,6912a59f410888a7b66ed6cf,screenshot-92c3fa3a-6572-42be-9ce4-0541f882684d,,2025-11-12T07:12:54.905Z,123.82356777379161,347.27440469207835,0,0,,,screenshots/screen_000007.png
69142eb4410888a7b66fa988,68e48f1a803e577b1177152e,6912a59f410888a7b66ed6cf,screenshot-92c3fa3a-6572-42be-9ce4-0541f882684d,,2025-11-12T07:12:55.005Z,127.72959485472808,348.2219517939055,0,0,,,screenshots/screen_000007.png
69142eb4410888a7b66fa988,68e48f1a803e577b1177152e,6912a59f410888a7b66ed6cf,screenshot-92c3fa3a-6572-42be-9ce4-0541f882684d,,2025-11-12T07:12:55.109Z,46.43339223739895,383.52489123566033,0,0,,,screenshots/screen_000007.png
69142eb4410888a7b66fa988,68e48f1a803e577b1177152e,6912a59f410888a7b66ed6cf,screenshot-92c3fa3a-6572-42be-9ce4-0541f882684d,,2025-11-12T07:12:55.207Z,63.61035856417446,412.9286551772555,0,0,,,screenshots/screen_000007.png
69142eb4410888a7b66fa988,68e48f1a803e577b1177152e,6912a59f410888a7b66ed6cf,screenshot-92c3fa3a-6572-42be-9ce4-0541f882684d,,2025-11-12T07:12:55.304Z,26.774301320385554,429.86413255792127,0,0,,,screenshots/screen_000007.png
69142eb4410888a7b66fa988,68e48f1a803e577b1177152e,6912a59f410888a7b66ed6cf,screenshot-92c3fa3a-6572-42be-9ce4-0541f882684d,,2025-11-12T07:12:55.409Z,64.90160882043806,422.10069555660345,0,0,,,screenshots/screen_000007.png
69142eb4410888a7b66fa988,68e48f1a803e577b1177152e,6912a59f410888a7b66ed6cf,screenshot-92c3fa3a-6572-42be-9ce4-0541f882684d,,2025-11-12T07:12:55.524Z,108.602756281609,409.0622205267962,0,0,,,screenshots/screen_000007.png
69142eb4410888a7b66fa988,68e48f1a803e577b1177152e,6912a59f410888a7b66ed6cf,screenshot-92c3fa3a-6572-42be-9ce4-0541f882684d,,2025-11-12T07:12:55.640Z,163.8069614366995,367.1083031265617,0,0,,,screenshots/screen_000007.png
69142eb4410888a7b66fa988,68e48f1a803e577b1177152e,6912a59f410888a7b66ed6cf,screenshot-92c3fa3a-6572-42be-9ce4-0541f882684d,,2025-11-12T07:12:55.748Z,201.6002637367644,349.71184606243895,0,0,,,screenshots/screen_000007.png
69142eb4410888a7b66fa988,68e48f1a803e577b1177152e,6912a59f410888a7b66ed6cf,screenshot-92c3fa3a-6572-42be-9ce4-0541f882684d,,2025-11-12T07:12:55.877Z,209.40239333799323,308.003995167973,0,0,,,screenshots/screen_000007.png
69142eb4410888a7b66fa988,68e48f1a803e577b1177152e,6912a59f410888a7b66ed6cf,screenshot-92c3fa3a-6572-42be-9ce4-0541f882684d,,2025-11-12T07:12:55.998Z,339.76797687813263,275.794927207197,0,0,,,screenshots/screen_000007.png
69142eb4410888a7b66fa988,68e48f1a803e577b1177152e,6912a59f410888a7b66ed6cf,screenshot-92c3fa3a-6572-42be-9ce4-0541f882684d,,2025-11-12T07:12:56.120Z,345.04515791629825,264.39012551882,0,0,,,screenshots/screen_000007.png
69142eb4410888a7b66fa988,68e48f1a803e577b1177152e,6912a59f410888a7b66ed6cf,screenshot-92c3fa3a-6572-42be-9ce4-0541f882684d,,2025-11-12T07:12:56.258Z,421.45477548279456,252.51272303439913,0,0,,,screenshots/screen_000007.png
69142eb4410888a7b66fa988,68e48f1a803e577b1177152e,6912a59f410888a7b66ed6cf,screenshot-92c3fa3a-6572-42be-9ce4-0541f882684d,,2025-11-12T07:12:56.391Z,471.26970191427904,250.710977891759,0,0,,,screenshots/screen_000007.png
69142eb4410888a7b66fa988,68e48f1a803e577b1177152e,6912a59f410888a7b66ed6cf,screenshot-92c3fa3a-6572-42be-9ce4-0541f882684d,,2025-11-12T07:12:56.506Z,542.5906979292781,259.3214160623225,0,0,,,screenshots/screen_000007.png
69142eb4410888a7b66fa988,68e48f1a803e577b1177152e,6912a59f410888a7b66ed6cf,screenshot-92c3fa3a-6572-42be-9ce4-0541f882684d,,2025-11-12T07:12:56.616Z,610.4153271829761,279.76588211687505,0,0,,,screenshots/screen_000007.png
69142eb4410888a7b66fa988,68e48f1a803e577b1177152e,6912a59f410888a7b66ed6cf,screenshot-92c3fa3a-6572-42be-9ce4-0541f882684d,,2025-11-12T07:12:56.727Z,593.7616926925369,302.63160610342555,0,0,,,screenshots/screen_000007.png
69142eb4410888a7b66fa988,68e48f1a803e577b1177152e,6912a59f410888a7b66ed6cf,screenshot-92c3fa3a-6572-42be-9ce4-0541f882684d,,2025-11-12T07:12:56.846Z,683.8388451999548,295.6848616989842,0,0,,,screenshots/screen_000007.png
69142eb4410888a7b66fa988,68e48f1a803e577b1177152e,6912a59f410888a7b66ed6cf,screenshot-92c3fa3a-6572-42be-9ce4-0541f882684d,,2025-11-12T07:12:56.953Z,694.5004287034363,299.8645209522812,0,0,,,screenshots/screen_000007.png
69142eb4410888a7b66fa988,68e48f1a803e577b1177152e,6912a59f410888a7b66ed6cf,screenshot-92c3fa3a-6572-42be-9ce4-0541f882684d,,2025-11-12T07:12:57.068Z,708.6907393621111,327.5100551796913,0,0,,,screenshots/screen_000007.png
69142eb4410888a7b66fa988,68e48f1a803e577b1177152e,6912a59f410888a7b66ed6cf,screenshot-92c3fa3a-6572-42be-9ce4-0541f882684d,,2025-11-12T07:12:57.178Z,664.9241544613485,333.4158946224477,0,0,,,screenshots/screen_000007.png
69142eb4410888a7b66fa988,68e48f1a803e577b1177152e,6912a59f410888a7b66ed6cf,screenshot-92c3fa3a-6572-42be-9ce4-0541f882684d,,2025-11-12T07:12:57.283Z,628.5675758616901,326.6638318373729,0,0,,,screenshots/screen_000007.png
69142eb4410888a7b66fa988,68e48f1a803e577b1177152e,6912a59f410888a7b66ed6cf,screenshot-92c3fa3a-6572-42be-9ce4-0541f882684d,,2025-11-12T07:12:57.376Z,590.1520581035725,338.1817875216323,0,0,,,screenshots/screen_000007.png
69142eb4410888a7b66fa988,68e48f1a803e577b1177152e,6912a59f410888a7b66ed6cf,screenshot-92c3fa3a-6572-42be-9ce4-0541f882684d,,2025-11-12T07:12:57.473Z,537.1144780562653,358.0982409460372,0,0,,,screenshots/screen_000007.png
69142eb4410888a7b66fa988,68e48f1a803e577b1177152e,6912a59f410888a7b66ed6cf,screenshot-92c3fa3a-6572-42be-9ce4-0541f882684d,,2025-11-12T07:12:57.596Z,498.70291934829515,363.026037143777,0,0,,,screenshots/screen_000007.png
69142eb4410888a7b66fa988,68e48f1a803e577b1177152e,6912a59f410888a7b66ed6cf,screenshot-92c3fa3a-6572-42be-9ce4-0541f882684d,,2025-11-12T07:12:57.708Z,542.5555290568988,368.82043860276764,0,0,,,screenshots/screen_000007.png
69142eb4410888a7b66fa988,68e48f1a803e577b1177152e,6912a59f410888a7b66ed6cf,screenshot-92c3fa3a-6572-42be-9ce4-0541f882684d,,2025-11-12T07:12:57.812Z,530.5229754140113,373.8113213696624,0,0,,,screenshots/screen_000007.png
69142eb4410888a7b66fa988,68e48f1a803e577b1177152e,6912a59f410888a7b66ed6cf,screenshot-92c3fa3a-6572-42be-9ce4-0541f882684d,,2025-11-12T07:12:57.944Z,442.3561844735134,394.095396135008,0,0,,,screenshots/screen_000007.png
69142eb4410888a7b66fa988,68e48f1a803e577b1177152e,6912a59f410888a7b66ed6cf,screenshot-92c3fa3a-6572-42be-9ce4-0541f882684d,,2025-11-12T07:12:58.057Z,338.86970104813685,375.5807962317481,0,0,,,screenshots/screen_000007.png
69142eb4410888a7b66fa988,68e48f1a803e577b1177152e,6912a59f410888a7b66ed6cf,screenshot-92c3fa3a-6572-42be-9ce4-0541f882684d,,2025-11-12T07:12:58.158Z,215.9631484410633,378.0224752881541,0,0,,,screenshots/screen_000007.png
69142eb4410888a7b66fa988,68e48f1a803e577b1177152e,6912a59f410888a7b66ed6cf,screenshot-92c3fa3a-6572-42be-9ce4-0541f882684d,,2025-11-12T07:12:58.255Z,191.89281149278796,380.67295112493616,0,0,,,screenshots/screen_000007.png
69142eb4410888a7b66fa988,68e48f1a803e577b1177152e,6912a59f410888a7b66ed6cf,screenshot-92c3fa3a-6572-42be-9ce4-0541f882684d,,2025-11-12T07:12:58.355Z,148.4841249378713,372.800277480463,0,0,,,screenshots/screen_000007.png
69142eb4410888a7b66fa988,68e48f1a803e577b1177152e,6912a59f410888a7b66ed6cf,screenshot-92c3fa3a-6572-42be-9ce4-0541f882684d,,2025-11-12T07:12:58.456Z,108.7324125635416,348.152436607639,0,0,,,screenshots/screen_000007.png
69142eb4410888a7b66fa988,68e48f1a803e577b1177152e,6912a59f410888a7b66ed6cf,screenshot-92c3fa3a-6572-42be-9ce4-0541f882684d,,2025-11-12T07:12:58.560Z,70.31422089149017,360.2163119646663,0,0,,,screenshots/screen_000007.png
69142eb4410888a7b66fa988,68e48f1a803e577b1177152e,6912a59f410888a7b66ed6cf,screenshot-92c3fa3a-6572-42be-9ce4-0541f882684d,,2025-11-12T07:12:59.221Z,22.80867458874344,365.2032534269164,0,0,,,screenshots/screen_000007.png
69142eb4410888a7b66fa988,68e48f1a803e577b1177152e,6912a59f410888a7b66ed6cf,screenshot-92c3fa3a-6572-42be-9ce4-0541f882684d,,2025-11-12T07:12:59.360Z,-1.8338913986351066,354.51338239930135,0,0,,,screenshots/screen_000007.png
69142eb4410888a7b66fa988,68e48f1a803e577b1177152e,6912a59f410888a7b66ed6cf,screenshot-92c3fa3a-6572-42be-9ce4-0541f882684d,,2025-11-12T07:12:59.917Z,-38.8470564047929,342.19200483601657,0,0,,,screenshots/screen_000007.png
69142eb4410888a7b66fa988,68e48f1a803e577b1177152e,6912a59f410888a7b66ed6cf,screenshot-92c3fa3a-6572-42be-9ce4-0541f882684d,,2025-11-12T07:13:00.100Z,-21.225568532563685,354.06633252911934,0,0,,,screenshots/screen_000007.png
69142eb4410888a7b66fa988,68e48f1a803e577b1177152e,6912a59f410888a7b66ed6cf,screenshot-92c3fa3a-6572-42be-9ce4-0541f882684d,,2025-11-12T07:13:00.196Z,-84.12720301685964,335.6652588998936,0,0,,,screenshots/screen_000007.png
69142eb4410888a7b66fa988,68e48f1a803e577b1177152e,6912a59f410888a7b66ed6cf,screenshot-92c3fa3a-6572-42be-9ce4-0541f882684d,,2025-11-12T07:13:00.374Z,40.84833157839576,318.7635717188217,0,0,,,screenshots/screen_000007.png
69142eb4410888a7b66fa988,68e48f1a803e577b1177152e,6912a59f410888a7b66ed6cf,screenshot-92c3fa3a-6572-42be-9ce4-0541f882684d,,2025-11-12T07:13:00.498Z,-25.408559695955624,329.35146351212313,0,0,,,screenshots/screen_000007.png
69142eb4410888a7b66fa988,68e48f1a803e577b1177152e,6912a59f410888a7b66ed6cf,screenshot-26a21fbe-ad6a-4906-9a01-f73da8c68ad4,,2025-11-12T07:13:01.338Z,526.619990963102,351.33753676445207,0,0,,,screenshots/screen_000008.png
69142eb4410888a7b66fa988,68e48f1a803e577b1177152e,6912a59f410888a7b66ed6cf,screenshot-26a21fbe-ad6a-4906-9a01-f73da8c68ad4,,2025-11-12T07:13:01.466Z,621.5904409710009,362.1765166822408,0,0,,,screenshots/screen_000008.png
69142eb4410888a7b66fa988,68e48f1a803e577b1177152e,6912a59f410888a7b66ed6cf,screenshot-26a21fbe-ad6a-4906-9a01-f73da8c68ad4,,2025-11-12T07:13:01.574Z,757.1181053844377,349.70091490848574,0,0,,,screenshots/screen_000008.png
69142eb4410888a7b66fa988,68e48f1a803e577b1177152e,6912a59f410888a7b66ed6cf,screenshot-26a21fbe-ad6a-4906-9a01-f73da8c68ad4,,2025-11-12T07:13:01.684Z,878.7773859740275,354.94590567983875,0,0,,,screenshots/screen_000008.png
69142eb4410888a7b66fa988,68e48f1a803e577b1177152e,6912a59f410888a7b66ed6cf,screenshot-26a21fbe-ad6a-4906-9a01-f73da8c68ad4,,2025-11-12T07:13:01.798Z,923.2349337796502,358.248980765343,0,0,,,screenshots/screen_000008.png
69142eb4410888a7b66fa988,68e48f1a803e577b1177152e,6912a59f410888a7b66ed6cf,screenshot-26a21fbe-ad6a-4906-9a01-f73da8c68ad4,,2025-11-12T07:13:01.906Z,990.1929976534492,354.85614360331516,0,0,,,screenshots/screen_000008.png
69142eb4410888a7b66fa988,68e48f1a803e577b1177152e,6912a59f410888a7b66ed6cf,screenshot-26a21fbe-ad6a-4906-9a01-f73da8c68ad4,,2025-11-12T07:13:02.034Z,955.4145780171107,350.97732501480795,0,0,,,screenshots/screen_000008.png
69142eb4410888a7b66fa988,68e48f1a803e577b1177152e,6912a59f410888a7b66ed6cf,screenshot-26a21fbe-ad6a-4906-9a01-f73da8c68ad4,,2025-11-12T07:13:02.144Z,861.2200029801511,308.82421366534857,0,0,,,screenshots/screen_000008.png
69142eb4410888a7b66fa988,68e48f1a803e577b1177152e,6912a59f410888a7b66ed6cf,screenshot-26a21fbe-ad6a-4906-9a01-f73da8c68ad4,,2025-11-12T07:13:02.257Z,783.502394274657,276.0953807487547,0,0,,,screenshots/screen_000008.png
69142eb4410888a7b66fa988,68e48f1a803e577b1177152e,6912a59f410888a7b66ed6cf,screenshot-26a21fbe-ad6a-4906-9a01-f73da8c68ad4,,2025-11-12T07:13:02.373Z,636.4911157287607,300.25466016429175,0,0,,,screenshots/screen_000008.png
69142eb4410888a7b66fa988,68e48f1a803e577b1177152e,6912a59f410888a7b66ed6cf,screenshot-26a21fbe-ad6a-4906-9a01-f73da8c68ad4,,2025-11-12T07:13:02.495Z,573.7891650829888,300.4635802874624,0,0,,,screenshots/screen_000008.png
69142eb4410888a7b66fa988,68e48f1a803e577b1177152e,6912a59f410888a7b66ed6cf,screenshot-26a21fbe-ad6a-4906-9a01-f73da8c68ad4,,2025-11-12T07:13:02.616Z,553.3334362522412,263.5053365784463,0,0,,,screenshots/screen_000008.png
69142eb4410888a7b66fa988,68e48f1a803e577b1177152e,6912a59f410888a7b66ed6cf,screenshot-26a21fbe-ad6a-4906-9a01-f73da8c68ad4,,2025-11-12T07:13:02.741Z,445.65461971259856,273.9065354146789,0,0,,,screenshots/screen_000008.png
69142eb4410888a7b66fa988,68e48f1a803e577b1177152e,6912a59f410888a7b66ed6cf,screenshot-26a21fbe-ad6a-4906-9a01-f73da8c68ad4,,2025-11-12T07:13:02.847Z,408.10933830829003,260.47534410372566,0,0,,,screenshots/screen_000008.png
69142eb4410888a7b66fa988,68e48f1a803e577b1177152e,6912a59f410888a7b66ed6cf,screenshot-26a21fbe-ad6a-4906-9a01-f73da8c68ad4,,2025-11-12T07:13:02.966Z,413.3959977495703,249.7479463788458,0,0,,,screenshots/screen_000008.png
69142eb4410888a7b66fa988,68e48f1a803e577b1177152e,6912a59f410888a7b66ed6cf,screenshot-26a21fbe-ad6a-4906-9a01-f73da8c68ad4,,2025-11-12T07:13:03.075Z,471.4345483853404,248.770190341442,0,0,,,screenshots/screen_000008.png
69142eb4410888a7b66fa988,68e48f1a803e577b1177152e,6912a59f410888a7b66ed6cf,screenshot-26a21fbe-ad6a-4906-9a01-f73da8c68ad4,,2025-11-12T07:13:03.178Z,484.70112486939377,252.73637566945638,0,0,,,screenshots/screen_000008.png
69142eb4410888a7b66fa988,68e48f1a803e577b1177152e,6912a59f410888a7b66ed6cf,screenshot-26a21fbe-ad6a-4906-9a01-f73da8c68ad4,,2025-11-12T07:13:03.276Z,504.28471455017433,299.0019105140393,0,0,,,screenshots/screen_000008.png
69142eb4410888a7b66fa988,68e48f1a803e577b1177152e,6912a59f410888a7b66ed6cf,screenshot-26a21fbe-ad6a-4906-9a01-f73da8c68ad4,,2025-11-12T07:13:03.376Z,433.25613511094934,312.73263146591285,0,0,,,screenshots/screen_000008.png
69142eb4410888a7b66fa988,68e48f1a803e577b1177152e,6912a59f410888a7b66ed6cf,screenshot-26a21fbe-ad6a-4906-9a01-f73da8c68ad4,,2025-11-12T07:13:03.510Z,417.40572180027186,339.5507478828629,0,0,,,screenshots/screen_000008.png
69142eb4410888a7b66fa988,68e48f1a803e577b1177152e,6912a59f410888a7b66ed6cf,screenshot-26a21fbe-ad6a-4906-9a01-f73da8c68ad4,,2025-11-12T07:13:03.639Z,395.9245555596094,374.4274238880084,0,0,,,screenshots/screen_000008.png
69142eb4410888a7b66fa988,68e48f1a803e577b1177152e,6912a59f410888a7b66ed6cf,screenshot-26a21fbe-ad6a-4906-9a01-f73da8c68ad4,,2025-11-12T07:13:03.802Z,366.2688476063812,433.5710402115571,0,0,,,screenshots/screen_000008.png
69142eb4410888a7b66fa988,68e48f1a803e577b1177152e,6912a59f410888a7b66ed6cf,screenshot-26a21fbe-ad6a-4906-9a01-f73da8c68ad4,,2025-11-12T07:13:03.953Z,348.0926331293537,471.269193714103,0,0,,,screenshots/screen_000008.png
69142eb4410888a7b66fa988,68e48f1a803e577b1177152e,6912a59f410888a7b66ed6cf,screenshot-26a21fbe-ad6a-4906-9a01-f73da8c68ad4,,2025-11-12T07:13:04.068Z,304.8331276135774,477.1118026932227,0,0,,,screenshots/screen_000008.png
69142eb4410888a7b66fa988,68e48f1a803e577b1177152e,6912a59f410888a7b66ed6cf,screenshot-26a21fbe-ad6a-4906-9a01-f73da8c68ad4,,2025-11-12T07:13:04.181Z,215.64932918966272,512.0913992440221,0,0,,,screenshots/screen_000008.png
69142eb4410888a7b66fa988,68e48f1a803e577b1177152e,6912a59f410888a7b66ed6cf,screenshot-26a21fbe-ad6a-4906-9a01-f73da8c68ad4,,2025-11-12T07:13:04.278Z,149.880937437054,484.43186869642193,0,0,,,screenshots/screen_000008.png
69142eb4410888a7b66fa988,68e48f1a803e577b1177152e,6912a59f410888a7b66ed6cf,screenshot-26a21fbe-ad6a-4906-9a01-f73da8c68ad4,,2025-11-12T07:13:04.375Z,94.68644246392252,472.8803854614021,0,0,,,screenshots/screen_000008.png
69142eb4410888a7b66fa988,68e48f1a803e577b1177152e,6912a59f410888a7b66ed6cf,screenshot-26a21fbe-ad6a-4906-9a01-f73da8c68ad4,,2025-11-12T07:13:04.475Z,70.51151667733751,505.9572415411584,0,0,,,screenshots/screen_000008.png
69142eb4410888a7b66fa988,68e48f1a803e577b1177152e,6912a59f410888a7b66ed6cf,screenshot-26a21fbe-ad6a-4906-9a01-f73da8c68ad4,,2025-11-12T07:13:04.570Z,43.69624719612166,523.4930798346101,0,0,,,screenshots/screen_000008.png
69142eb4410888a7b66fa988,68e48f1a803e577b1177152e,6912a59f410888a7b66ed6cf,screenshot-26a21fbe-ad6a-4906-9a01-f73da8c68ad4,,2025-11-12T07:13:04.672Z,-2.3809983218782236,553.082788974182,0,0,,,screenshots/screen_000008.png
69142eb4410888a7b66fa988,68e48f1a803e577b1177152e,6912a59f410888a7b66ed6cf,screenshot-26a21fbe-ad6a-4906-9a01-f73da8c68ad4,,2025-11-12T07:13:04.773Z,23.711116600365557,539.7256069874524,0,0,,,screenshots/screen_000008.png
69142eb4410888a7b66fa988,68e48f1a803e577b1177152e,6912a59f410888a7b66ed6cf,screenshot-26a21fbe-ad6a-4906-9a01-f73da8c68ad4,,2025-11-12T07:13:04.876Z,20.766673576290206,512.8966257792599,0,0,,,screenshots/screen_000008.png
69142eb4410888a7b66fa988,68e48f1a803e577b1177152e,6912a59f410888a7b66ed6cf,screenshot-26a21fbe-ad6a-4906-9a01-f73da8c68ad4,,2025-11-12T07:13:04.984Z,90.73395497773882,472.5068976855768,0,0,,,screenshots/screen_000008.png
69142eb4410888a7b66fa988,68e48f1a803e577b1177152e,6912a59f410888a7b66ed6cf,screenshot-26a21fbe-ad6a-4906-9a01-f73da8c68ad4,,2025-11-12T07:13:05.120Z,153.949210060295,449.77732712392475,0,0,,,screenshots/screen_000008.png
69142eb4410888a7b66fa988,68e48f1a803e577b1177152e,6912a59f410888a7b66ed6cf,screenshot-26a21fbe-ad6a-4906-9a01-f73da8c68ad4,,2025-11-12T07:13:05.246Z,180.7810930238702,425.57544738240176,0,0,,,screenshots/screen_000008.png
69142eb4410888a7b66fa988,68e48f1a803e577b1177152e,6912a59f410888a7b66ed6cf,screenshot-26a21fbe-ad6a-4906-9a01-f73da8c68ad4,,2025-11-12T07:13:05.390Z,267.3138876331865,388.45335121284,0,0,,,screenshots/screen_000008.png
69142eb4410888a7b66fa988,68e48f1a803e577b1177152e,6912a59f410888a7b66ed6cf,screenshot-26a21fbe-ad6a-4906-9a01-f73da8c68ad4,,2025-11-12T07:13:05.528Z,296.5936505900197,345.9222381303664,0,0,,,screenshots/screen_000008.png
69142eb4410888a7b66fa988,68e48f1a803e577b1177152e,6912a59f410888a7b66ed6cf,screenshot-26a21fbe-ad6a-4906-9a01-f73da8c68ad4,,2025-11-12T07:13:05.661Z,309.32679555417286,301.3937525753237,0,0,,,screenshots/screen_000008.png
69142eb4410888a7b66fa988,68e48f1a803e577b1177152e,6912a59f410888a7b66ed6cf,screenshot-26a21fbe-ad6a-4906-9a01-f73da8c68ad4,,2025-11-12T07:13:05.788Z,366.943836172551,279.76787199705507,0,0,,,screenshots/screen_000008.png
69142eb4410888a7b66fa988,68e48f1a803e577b1177152e,6912a59f410888a7b66ed6cf,screenshot-26a21fbe-ad6a-4906-9a01-f73da8c68ad4,,2025-11-12T07:13:05.922Z,365.4630959201079,243.01596676338215,0,0,,,screenshots/screen_000008.png
69142eb4410888a7b66fa988,68e48f1a803e577b1177152e,6912a59f410888a7b66ed6cf,screenshot-26a21fbe-ad6a-4906-9a01-f73da8c68ad4,,2025-11-12T07:13:06.065Z,414.890153133748,250.7405818765183,0,0,,,screenshots/screen_000008.png
69142eb4410888a7b66fa988,68e48f1a803e577b1177152e,6912a59f410888a7b66ed6cf,screenshot-26a21fbe-ad6a-4906-9a01-f73da8c68ad4,,2025-11-12T07:13:06.199Z,453.06476352274154,240.01062491438861,0,0,,,screenshots/screen_000008.png
69142eb4410888a7b66fa988,68e48f1a803e577b1177152e,6912a59f410888a7b66ed6cf,screenshot-26a21fbe-ad6a-4906-9a01-f73da8c68ad4,,2025-11-12T07:13:06.334Z,459.19618435868733,218.30381054706652,0,0,,,screenshots/screen_000008.png
69142eb4410888a7b66fa988,68e48f1a803e577b1177152e,6912a59f410888a7b66ed6cf,screenshot-26a21fbe-ad6a-4906-9a01-f73da8c68ad4,,2025-11-12T07:13:06.471Z,497.27287036305256,210.68930318017019,0,0,,,screenshots/screen_000008.png
69142eb4410888a7b66fa988,68e48f1a803e577b1177152e,6912a59f410888a7b66ed6cf,screenshot-26a21fbe-ad6a-4906-9a01-f73da8c68ad4,,2025-11-12T07:13:06.597Z,499.2550247460595,218.00708258123495,0,0,,,screenshots/screen_000008.png
69142eb4410888a7b66fa988,68e48f1a803e577b1177152e,6912a59f410888a7b66ed6cf,screenshot-26a21fbe-ad6a-4906-9a01-f73da8c68ad4,,2025-11-12T07:13:06.734Z,553.2771434477297,213.50188295641834,0,0,,,screenshots/screen_000008.png
69142eb4410888a7b66fa988,68e48f1a803e577b1177152e,6912a59f410888a7b66ed6cf,screenshot-26a21fbe-ad6a-4906-9a01-f73da8c68ad4,,2025-11-12T07:13:06.871Z,543.8475093397541,208.75158199130465,0,0,,,screenshots/screen_000008.png
69142eb4410888a7b66fa988,68e48f1a803e577b1177152e,6912a59f410888a7b66ed6cf,screenshot-26a21fbe-ad6a-4906-9a01-f73da8c68ad4,,2025-11-12T07:13:06.992Z,528.3603288027614,183.7606892144867,0,0,,,screenshots/screen_000008.png
69142eb4410888a7b66fa988,68e48f1a803e577b1177152e,6912a59f410888a7b66ed6cf,screenshot-26a21fbe-ad6a-4906-9a01-f73da8c68ad4,,2025-11-12T07:13:07.102Z,514.3607724965046,174.42588013904356,0,0,,,screenshots/screen_000008.png
69142eb4410888a7b66fa988,68e48f1a803e577b1177152e,6912a59f410888a7b66ed6cf,screenshot-26a21fbe-ad6a-4906-9a01-f73da8c68ad4,,2025-11-12T07:13:07.230Z,492.5682584543427,187.8049016469371,0,0,,,screenshots/screen_000008.png
69142eb4410888a7b66fa988,68e48f1a803e577b1177152e,6912a59f410888a7b66ed6cf,screenshot-26a21fbe-ad6a-4906-9a01-f73da8c68ad4,,2025-11-12T07:13:07.370Z,508.36580523338387,214.67683448158513,0,0,,,screenshots/screen_000008.png
69142eb4410888a7b66fa988,68e48f1a803e577b1177152e,6912a59f410888a7b66ed6cf,screenshot-26a21fbe-ad6a-4906-9a01-f73da8c68ad4,,2025-11-12T07:13:07.500Z,524.2250333472016,235.31145432718301,0,0,,,screenshots/screen_000008.png
69142eb4410888a7b66fa988,68e48f1a803e577b1177152e,6912a59f410888a7b66ed6cf,screenshot-26a21fbe-ad6a-4906-9a01-f73da8c68ad4,,2025-11-12T07:13:07.645Z,489.98709249414446,270.4624783297006,0,0,,,screenshots/screen_000008.png
69142eb4410888a7b66fa988,68e48f1a803e577b1177152e,6912a59f410888a7b66ed6cf,screenshot-26a21fbe-ad6a-4906-9a01-f73da8c68ad4,,2025-11-12T07:13:07.774Z,405.43627854196194,313.8890544041977,0,0,,,screenshots/screen_000008.png
69142eb4410888a7b66fa988,68e48f1a803e577b1177152e,6912a59f410888a7b66ed6cf,screenshot-26a21fbe-ad6a-4906-9a01-f73da8c68ad4,,2025-11-12T07:13:07.907Z,328.05268206477524,310.89630042373693,0,0,,,screenshots/screen_000008.png
69142eb4410888a7b66fa988,68e48f1a803e577b1177152e,6912a59f410888a7b66ed6cf,screenshot-26a21fbe-ad6a-4906-9a01-f73da8c68ad4,,2025-11-12T07:13:08.033Z,342.7723962165977,312.8239579038073,0,0,,,screenshots/screen_000008.png
69142eb4410888a7b66fa988,68e48f1a803e577b1177152e,6912a59f410888a7b66ed6cf,screenshot-26a21fbe-ad6a-4906-9a01-f73da8c68ad4,,2025-11-12T07:13:08.177Z,233.2918516763897,346.9227614602084,0,0,,,screenshots/screen_000008.png
69142eb4410888a7b66fa988,68e48f1a803e577b1177152e,6912a59f410888a7b66ed6cf,screenshot-26a21fbe-ad6a-4906-9a01-f73da8c68ad4,,2025-11-12T07:13:08.310Z,192.4640885674264,389.1265233256893,0,0,,,screenshots/screen_000008.png
69142eb4410888a7b66fa988,68e48f1a803e577b1177152e,6912a59f410888a7b66ed6cf,screenshot-26a21fbe-ad6a-4906-9a01-f73da8c68ad4,,2025-11-12T07:13:08.438Z,232.7880556263763,394.8583461751387,0,0,,,screenshots/screen_000008.png
69142eb4410888a7b66fa988,68e48f1a803e577b1177152e,6912a59f410888a7b66ed6cf,screenshot-26a21fbe-ad6a-4906-9a01-f73da8c68ad4,,2025-11-12T07:13:08.554Z,272.9280290674208,387.6596509518982,0,0,,,screenshots/screen_000008.png
69142eb4410888a7b66fa988,68e48f1a803e577b1177152e,6912a59f410888a7b66ed6cf,screenshot-26a21fbe-ad6a-4906-9a01-f73da8c68ad4,,2025-11-12T07:13:08.664Z,279.24390601310137,378.0295536996607,0,0,,,screenshots/screen_000008.png
69142eb4410888a7b66fa988,68e48f1a803e577b1177152e,6912a59f410888a7b66ed6cf,screenshot-26a21fbe-ad6a-4906-9a01-f73da8c68ad4,,2025-11-12T07:13:08.770Z,326.9698001877991,361.9975797735848,0,0,,,screenshots/screen_000008.png
69142eb4410888a7b66fa988,68e48f1a803e577b1177152e,6912a59f410888a7b66ed6cf,screenshot-26a21fbe-ad6a-4906-9a01-f73da8c68ad4,,2025-11-12T07:13:08.891Z,327.4163960507913,394.27603442387885,0,0,,,screenshots/screen_000008.png
69142eb4410888a7b66fa988,68e48f1a803e577b1177152e,6912a59f410888a7b66ed6cf,screenshot-26a21fbe-ad6a-4906-9a01-f73da8c68ad4,,2025-11-12T07:13:09.002Z,431.97599841531303,427.20652565547545,0,0,,,screenshots/screen_000008.png
69142eb4410888a7b66fa988,68e48f1a803e577b1177152e,6912a59f410888a7b66ed6cf,screenshot-26a21fbe-ad6a-4906-9a01-f73da8c68ad4,,2025-11-12T07:13:09.114Z,482.1268324048928,427.24728724401473,0,0,,,screenshots/screen_000008.png
69142eb4410888a7b66fa988,68e48f1a803e577b1177152e,6912a59f410888a7b66ed6cf,screenshot-26a21fbe-ad6a-4906-9a01-f73da8c68ad4,,2025-11-12T07:13:09.228Z,503.6235075340767,433.47048297281873,0,0,,,screenshots/screen_000008.png
69142eb4410888a7b66fa988,68e48f1a803e577b1177152e,6912a59f410888a7b66ed6cf,screenshot-26a21fbe-ad6a-4906-9a01-f73da8c68ad4,,2025-11-12T07:13:09.445Z,499.9190048403174,435.2151198383188,0,0,,,screenshots/screen_000008.png
69142eb4410888a7b66fa988,68e48f1a803e577b1177152e,6912a59f410888a7b66ed6cf,screenshot-26a21fbe-ad6a-4906-9a01-f73da8c68ad4,,2025-11-12T07:13:09.563Z,505.6671884298777,447.62246528256327,0,0,,,screenshots/screen_000008.png
69142eb4410888a7b66fa988,68e48f1a803e577b1177152e,6912a59f410888a7b66ed6cf,screenshot-26a21fbe-ad6a-4906-9a01-f73da8c68ad4,,2025-11-12T07:13:09.664Z,501.2878726093974,436.51738570906247,0,0,,,screenshots/screen_000008.png
69142eb4410888a7b66fa988,68e48f1a803e577b1177152e,6912a59f410888a7b66ed6cf,screenshot-26a21fbe-ad6a-4906-9a01-f73da8c68ad4,,2025-11-12T07:13:09.764Z,434.84160406684265,455.6142875318758,0,0,,,screenshots/screen_000008.png
69142eb4410888a7b66fa988,68e48f1a803e577b1177152e,6912a59f410888a7b66ed6cf,screenshot-26a21fbe-ad6a-4906-9a01-f73da8c68ad4,,2025-11-12T07:13:09.870Z,365.17645359567024,449.431813340599,0,0,,,screenshots/screen_000008.png
69142eb4410888a7b66fa988,68e48f1a803e577b1177152e,6912a59f410888a7b66ed6cf,screenshot-26a21fbe-ad6a-4906-9a01-f73da8c68ad4,,2025-11-12T07:13:09.972Z,334.6800484311902,453.47234364168474,0,0,,,screenshots/screen_000008.png
69142eb4410888a7b66fa988,68e48f1a803e577b1177152e,6912a59f410888a7b66ed6cf,screenshot-26a21fbe-ad6a-4906-9a01-f73da8c68ad4,,2025-11-12T07:13:10.086Z,286.32393035584937,476.91486343093027,0,0,,,screenshots/screen_000008.png
69142eb4410888a7b66fa988,68e48f1a803e577b1177152e,6912a59f410888a7b66ed6cf,screenshot-26a21fbe-ad6a-4906-9a01-f73da8c68ad4,,2025-11-12T07:13:10.192Z,242.76146031335395,484.6909285119107,0,0,,,screenshots/screen_000008.png
69142eb4410888a7b66fa988,68e48f1a803e577b1177152e,6912a59f410888a7b66ed6cf,screenshot-26a21fbe-ad6a-4906-9a01-f73da8c68ad4,,2025-11-12T07:13:10.290Z,282.9114268112797,468.64147888515294,0,0,,,screenshots/screen_000008.png
69142eb4410888a7b66fa988,68e48f1a803e577b1177152e,6912a59f410888a7b66ed6cf,screenshot-26a21fbe-ad6a-4906-9a01-f73da8c68ad4,,2025-11-12T07:13:10.943Z,284.722429445607,466.373253069046,0,0,,,screenshots/screen_000008.png
69142eb4410888a7b66fa988,68e48f1a803e577b1177152e,6912a59f410888a7b66ed6cf,screenshot-26a21fbe-ad6a-4906-9a01-f73da8c68ad4,,2025-11-12T07:13:11.073Z,296.07065575381415,440.8989288692881,0,0,,,screenshots/screen_000008.png
69142eb4410888a7b66fa988,68e48f1a803e577b1177152e,6912a59f410888a7b66ed6cf,screenshot-26a21fbe-ad6a-4906-9a01-f73da8c68ad4,,2025-11-12T07:13:11.873Z,379.66316689572403,423.29533796674224,0,0,,,screenshots/screen_000008.png
69142eb4410888a7b66fa988,68e48f1a803e577b1177152e,6912a59f410888a7b66ed6cf,screenshot-26a21fbe-ad6a-4906-9a01-f73da8c68ad4,,2025-11-12T07:13:12.100Z,381.91753208074533,420.98747422900607,0,0,,,screenshots/screen_000008.png
69142eb4410888a7b66fa988,68e48f1a803e577b1177152e,6912a59f410888a7b66ed6cf,screenshot-26a21fbe-ad6a-4906-9a01-f73da8c68ad4,,2025-11-12T07:13:12.219Z,333.6432396998034,436.41525525607466,0,0,,,screenshots/screen_000008.png
69142eb4410888a7b66fa988,68e48f1a803e577b1177152e,6912a59f410888a7b66ed6cf,screenshot-26a21fbe-ad6a-4906-9a01-f73da8c68ad4,,2025-11-12T07:13:12.334Z,295.8797553523843,449.6275559064221,0,0,,,screenshots/screen_000008.png
69142eb4410888a7b66fa988,68e48f1a803e577b1177152e,6912a59f410888a7b66ed6cf,screenshot-26a21fbe-ad6a-4906-9a01-f73da8c68ad4,,2025-11-12T07:13:12.432Z,281.3153602628289,448.07807645331616,0,0,,,screenshots/screen_000008.png
69142eb4410888a7b66fa988,68e48f1a803e577b1177152e,6912a59f410888a7b66ed6cf,screenshot-26a21fbe-ad6a-4906-9a01-f73da8c68ad4,,2025-11-12T07:13:12.539Z,270.3207750105396,411.2412716393119,0,0,,,screenshots/screen_000008.png
69142eb4410888a7b66fa988,68e48f1a803e577b1177152e,6912a59f410888a7b66ed6cf,screenshot-26a21fbe-ad6a-4906-9a01-f73da8c68ad4,,2025-11-12T07:13:12.652Z,277.395111545422,433.7109623888418,0,0,,,screenshots/screen_000008.png
69142eb4410888a7b66fa988,68e48f1a803e577b1177152e,6912a59f410888a7b66ed6cf,screenshot-26a21fbe-ad6a-4906-9a01-f73da8c68ad4,,2025-11-12T07:13:12.762Z,228.93936870607178,460.38993767922426,0,0,,,screenshots/screen_000008.png
69142eb4410888a7b66fa988,68e48f1a803e577b1177152e,6912a59f410888a7b66ed6cf,screenshot-26a21fbe-ad6a-4906-9a01-f73da8c68ad4,,2025-11-12T07:13:12.874Z,174.3582262064985,456.94997986247904,0,0,,,screenshots/screen_000008.png
69142eb4410888a7b66fa988,68e48f1a803e577b1177152e,6912a59f410888a7b66ed6cf,screenshot-26a21fbe-ad6a-4906-9a01-f73da8c68ad4,,2025-11-12T07:13:12.997Z,172.5959893907893,441.31852401927546,0,0,,,screenshots/screen_000008.png
69142eb4410888a7b66fa988,68e48f1a803e577b1177152e,6912a59f410888a7b66ed6cf,screenshot-26a21fbe-ad6a-4906-9a01-f73da8c68ad4,,2025-11-12T07:13:13.111Z,243.91916108323957,400.0013094057692,0,0,,,screenshots/screen_000008.png
69142eb4410888a7b66fa988,68e48f1a803e577b1177152e,6912a59f410888a7b66ed6cf,screenshot-26a21fbe-ad6a-4906-9a01-f73da8c68ad4,,2025-11-12T07:13:13.241Z,373.14766866570176,393.4285772008412,0,0,,,screenshots/screen_000008.png
69142eb4410888a7b66fa988,68e48f1a803e577b1177152e,6912a59f410888a7b66ed6cf,screenshot-c8fd62d1-42bc-4fc4-afd6-81bdb03de5f6,,2025-11-12T07:13:14.298Z,444.89260817382126,260.5425281370955,0,0,,,screenshots/screen_000009.png
69142eb4410888a7b66fa988,68e48f1a803e577b1177152e,6912a59f410888a7b66ed6cf,screenshot-c8fd62d1-42bc-4fc4-afd6-81bdb03de5f6,,2025-11-12T07:13:14.433Z,402.80435763994535,263.27028926854285,0,0,,,screenshots/screen_000009.png
69142eb4410888a7b66fa988,68e48f1a803e577b1177152e,6912a59f410888a7b66ed6cf,screenshot-c8fd62d1-42bc-4fc4-afd6-81bdb03de5f6,,2025-11-12T07:13:14.557Z,337.5205388043312,281.372595626241,0,0,,,screenshots/screen_000009.png
69142eb4410888a7b66fa988,68e48f1a803e577b1177152e,6912a59f410888a7b66ed6cf,screenshot-c8fd62d1-42bc-4fc4-afd6-81bdb03de5f6,,2025-11-12T07:13:14.686Z,384.1394650851694,251.04390717182756,0,0,,,screenshots/screen_000009.png
69142eb4410888a7b66fa988,68e48f1a803e577b1177152e,6912a59f410888a7b66ed6cf,screenshot-c8fd62d1-42bc-4fc4-afd6-81bdb03de5f6,,2025-11-12T07:13:14.808Z,368.5348381200352,251.0423438371764,0,0,,,screenshots/screen_000009.png
69142eb4410888a7b66fa988,68e48f1a803e577b1177152e,6912a59f410888a7b66ed6cf,screenshot-c8fd62d1-42bc-4fc4-afd6-81bdb03de5f6,,2025-11-12T07:13:14.935Z,418.2939573354637,259.43795002595544,0,0,,,screenshots/screen_000009.png
69142eb4410888a7b66fa988,68e48f1a803e577b1177152e,6912a59f410888a7b66ed6cf,screenshot-c8fd62d1-42bc-4fc4-afd6-81bdb03de5f6,,2025-11-12T07:13:15.061Z,370.85818980374205,277.6889412397462,0,0,,,screenshots/screen_000009.png
69142eb4410888a7b66fa988,68e48f1a803e577b1177152e,6912a59f410888a7b66ed6cf,screenshot-c8fd62d1-42bc-4fc4-afd6-81bdb03de5f6,,2025-11-12T07:13:15.167Z,393.1014459559772,298.01854475281294,0,0,,,screenshots/screen_000009.png
69142eb4410888a7b66fa988,68e48f1a803e577b1177152e,6912a59f410888a7b66ed6cf,screenshot-c8fd62d1-42bc-4fc4-afd6-81bdb03de5f6,,2025-11-12T07:13:15.286Z,356.71237935584526,317.3555983688688,0,0,,,screenshots/screen_000009.png
69142eb4410888a7b66fa988,68e48f1a803e577b1177152e,6912a59f410888a7b66ed6cf,screenshot-c8fd62d1-42bc-4fc4-afd6-81bdb03de5f6,,2025-11-12T07:13:15.413Z,397.57700417943795,301.9699348456209,0,0,,,screenshots/screen_000009.png
69142eb4410888a7b66fa988,68e48f1a803e577b1177152e,6912a59f410888a7b66ed6cf,screenshot-c8fd62d1-42bc-4fc4-afd6-81bdb03de5f6,,2025-11-12T07:13:15.561Z,350.63828357406857,295.2373569645495,0,0,,,screenshots/screen_000009.png
69142eb4410888a7b66fa988,68e48f1a803e577b1177152e,6912a59f410888a7b66ed6cf,screenshot-c8fd62d1-42bc-4fc4-afd6-81bdb03de5f6,,2025-11-12T07:13:15.693Z,340.35072448750856,303.7804890443029,0,0,,,screenshots/screen_000009.png
69142eb4410888a7b66fa988,68e48f1a803e577b1177152e,6912a59f410888a7b66ed6cf,screenshot-c8fd62d1-42bc-4fc4-afd6-81bdb03de5f6,,2025-11-12T07:13:15.823Z,295.3470559080638,295.60569462286503,0,0,,,screenshots/screen_000009.png
69142eb4410888a7b66fa988,68e48f1a803e577b1177152e,6912a59f410888a7b66ed6cf,screenshot-c8fd62d1-42bc-4fc4-afd6-81bdb03de5f6,,2025-11-12T07:13:15.955Z,333.490764062248,282.234555008817,0,0,,,screenshots/screen_000009.png
69142eb4410888a7b66fa988,68e48f1a803e577b1177152e,6912a59f410888a7b66ed6cf,screenshot-c8fd62d1-42bc-4fc4-afd6-81bdb03de5f6,,2025-11-12T07:13:16.085Z,318.1583460186155,267.4848258956007,0,0,,,screenshots/screen_000009.png
69142eb4410888a7b66fa988,68e48f1a803e577b1177152e,6912a59f410888a7b66ed6cf,screenshot-c8fd62d1-42bc-4fc4-afd6-81bdb03de5f6,,2025-11-12T07:13:16.206Z,253.92490938292366,303.34677971157356,0,0,,,screenshots/screen_000009.png
69142eb4410888a7b66fa988,68e48f1a803e577b1177152e,6912a59f410888a7b66ed6cf,screenshot-c8fd62d1-42bc-4fc4-afd6-81bdb03de5f6,,2025-11-12T07:13:16.350Z,255.63502008053698,299.2161801497886,0,0,,,screenshots/screen_000009.png
69142eb4410888a7b66fa988,68e48f1a803e577b1177152e,6912a59f410888a7b66ed6cf,screenshot-c8fd62d1-42bc-4fc4-afd6-81bdb03de5f6,,2025-11-12T07:13:16.476Z,247.92509340613816,274.0227652300904,0,0,,,screenshots/screen_000009.png
69142eb4410888a7b66fa988,68e48f1a803e577b1177152e,6912a59f410888a7b66ed6cf,screenshot-c8fd62d1-42bc-4fc4-afd6-81bdb03de5f6,,2025-11-12T07:13:16.612Z,175.93174707130737,281.0175540640335,0,0,,,screenshots/screen_000009.png
69142eb4410888a7b66fa988,68e48f1a803e577b1177152e,6912a59f410888a7b66ed6cf,screenshot-c8fd62d1-42bc-4fc4-afd6-81bdb03de5f6,,2025-11-12T07:13:16.734Z,163.86269081025125,279.1771368803398,0,0,,,screenshots/screen_000009.png
69142eb4410888a7b66fa988,68e48f1a803e577b1177152e,6912a59f410888a7b66ed6cf,screenshot-c8fd62d1-42bc-4fc4-afd6-81bdb03de5f6,,2025-11-12T07:13:16.871Z,193.55804221304442,277.2482988875718,0,0,,,screenshots/screen_000009.png
69142eb4410888a7b66fa988,68e48f1a803e577b1177152e,6912a59f410888a7b66ed6cf,screenshot-c8fd62d1-42bc-4fc4-afd6-81bdb03de5f6,,2025-11-12T07:13:17.012Z,184.54862926728214,275.5130882237346,0,0,,,screenshots/screen_000009.png
69142eb4410888a7b66fa988,68e48f1a803e577b1177152e,6912a59f410888a7b66ed6cf,screenshot-c8fd62d1-42bc-4fc4-afd6-81bdb03de5f6,,2025-11-12T07:13:17.132Z,189.446777661313,291.485638767797,0,0,,,screenshots/screen_000009.png
69142eb4410888a7b66fa988,68e48f1a803e577b1177152e,6912a59f410888a7b66ed6cf,screenshot-c8fd62d1-42bc-4fc4-afd6-81bdb03de5f6,,2025-11-12T07:13:17.281Z,230.46317132085431,306.81052423763407,0,0,,,screenshots/screen_000009.png
69142eb4410888a7b66fa988,68e48f1a803e577b1177152e,6912a59f410888a7b66ed6cf,screenshot-c8fd62d1-42bc-4fc4-afd6-81bdb03de5f6,,2025-11-12T07:13:17.402Z,223.91473571357727,320.24077434832043,0,0,,,screenshots/screen_000009.png
69142eb4410888a7b66fa988,68e48f1a803e577b1177152e,6912a59f410888a7b66ed6cf,screenshot-c8fd62d1-42bc-4fc4-afd6-81bdb03de5f6,,2025-11-12T07:13:17.541Z,255.3925095935078,292.298552596533,0,0,,,screenshots/screen_000009.png
69142eb4410888a7b66fa988,68e48f1a803e577b1177152e,6912a59f410888a7b66ed6cf,screenshot-c8fd62d1-42bc-4fc4-afd6-81bdb03de5f6,,2025-11-12T07:13:17.676Z,243.64580461317692,294.44582951405505,0,0,,,screenshots/screen_000009.png
69142eb4410888a7b66fa988,68e48f1a803e577b1177152e,6912a59f410888a7b66ed6cf,screenshot-c8fd62d1-42bc-4fc4-afd6-81bdb03de5f6,,2025-11-12T07:13:17.800Z,291.16451090450823,289.48598252680426,0,0,,,screenshots/screen_000009.png
69142eb4410888a7b66fa988,68e48f1a803e577b1177152e,6912a59f410888a7b66ed6cf,screenshot-c8fd62d1-42bc-4fc4-afd6-81bdb03de5f6,,2025-11-12T07:13:17.918Z,277.81746073441457,310.6375982239929,0,0,,,screenshots/screen_000009.png
69142eb4410888a7b66fa988,68e48f1a803e577b1177152e,6912a59f410888a7b66ed6cf,screenshot-c8fd62d1-42bc-4fc4-afd6-81bdb03de5f6,,2025-11-12T07:13:18.037Z,225.28705204443327,285.23867662344327,0,0,,,screenshots/screen_000009.png
69142eb4410888a7b66fa988,68e48f1a803e577b1177152e,6912a59f410888a7b66ed6cf,screenshot-c8fd62d1-42bc-4fc4-afd6-81bdb03de5f6,,2025-11-12T07:13:18.149Z,242.9272595839005,266.2258291867378,0,0,,,screenshots/screen_000009.png
69142eb4410888a7b66fa988,68e48f1a803e577b1177152e,6912a59f410888a7b66ed6cf,screenshot-c8fd62d1-42bc-4fc4-afd6-81bdb03de5f6,,2025-11-12T07:13:18.262Z,242.4057557841579,266.7269338084264,0,0,,,screenshots/screen_000009.png
69142eb4410888a7b66fa988,68e48f1a803e577b1177152e,6912a59f410888a7b66ed6cf,screenshot-c8fd62d1-42bc-4fc4-afd6-81bdb03de5f6,,2025-11-12T07:13:18.363Z,267.1700348336181,267.09948798001153,0,0,,,screenshots/screen_000009.png
69142eb4410888a7b66fa988,68e48f1a803e577b1177152e,6912a59f410888a7b66ed6cf,screenshot-c8fd62d1-42bc-4fc4-afd6-81bdb03de5f6,,2025-11-12T07:13:18.468Z,269.7171238275798,277.752162913033,0,0,,,screenshots/screen_000009.png
69142eb4410888a7b66fa988,68e48f1a803e577b1177152e,6912a59f410888a7b66ed6cf,screenshot-c8fd62d1-42bc-4fc4-afd6-81bdb03de5f6,,2025-11-12T07:13:18.567Z,267.34189376537984,289.488175314662,0,0,,,screenshots/screen_000009.png
69142eb4410888a7b66fa988,68e48f1a803e577b1177152e,6912a59f410888a7b66ed6cf,screenshot-c8fd62d1-42bc-4fc4-afd6-81bdb03de5f6,,2025-11-12T07:13:18.662Z,276.49623910209624,317.357410879893,0,0,,,screenshots/screen_000009.png
69142eb4410888a7b66fa988,68e48f1a803e577b1177152e,6912a59f410888a7b66ed6cf,screenshot-c8fd62d1-42bc-4fc4-afd6-81bdb03de5f6,,2025-11-12T07:13:18.760Z,335.84948566809305,348.2588328610252,0,0,,,screenshots/screen_000009.png
69142eb4410888a7b66fa988,68e48f1a803e577b1177152e,6912a59f410888a7b66ed6cf,screenshot-c8fd62d1-42bc-4fc4-afd6-81bdb03de5f6,,2025-11-12T07:13:18.866Z,306.10986806765055,393.84671490239054,0,0,,,screenshots/screen_000009.png
69142eb4410888a7b66fa988,68e48f1a803e577b1177152e,6912a59f410888a7b66ed6cf,screenshot-c8fd62d1-42bc-4fc4-afd6-81bdb03de5f6,,2025-11-12T07:13:19.010Z,356.7217542900276,364.32764355045185,0,0,,,screenshots/screen_000009.png
69142eb4410888a7b66fa988,68e48f1a803e577b1177152e,6912a59f410888a7b66ed6cf,screenshot-c8fd62d1-42bc-4fc4-afd6-81bdb03de5f6,,2025-11-12T07:13:19.131Z,359.8726536742481,358.8068279457504,0,0,,,screenshots/screen_000009.png
69142eb4410888a7b66fa988,68e48f1a803e577b1177152e,6912a59f410888a7b66ed6cf,screenshot-c8fd62d1-42bc-4fc4-afd6-81bdb03de5f6,,2025-11-12T07:13:19.237Z,333.4304576664396,344.59557523089353,0,0,,,screenshots/screen_000009.png
69142eb4410888a7b66fa988,68e48f1a803e577b1177152e,6912a59f410888a7b66ed6cf,screenshot-c8fd62d1-42bc-4fc4-afd6-81bdb03de5f6,,2025-11-12T07:13:19.349Z,284.8663186125273,315.8954027811582,0,0,,,screenshots/screen_000009.png
69142eb4410888a7b66fa988,68e48f1a803e577b1177152e,6912a59f410888a7b66ed6cf,screenshot-c8fd62d1-42bc-4fc4-afd6-81bdb03de5f6,,2025-11-12T07:13:19.467Z,328.84002044938927,347.19307206029123,0,0,,,screenshots/screen_000009.png
69142eb4410888a7b66fa988,68e48f1a803e577b1177152e,6912a59f410888a7b66ed6cf,screenshot-c8fd62d1-42bc-4fc4-afd6-81bdb03de5f6,,2025-11-12T07:13:19.585Z,304.51340132702916,312.77319659555496,0,0,,,screenshots/screen_000009.png
69142eb4410888a7b66fa988,68e48f1a803e577b1177152e,6912a59f410888a7b66ed6cf,screenshot-c8fd62d1-42bc-4fc4-afd6-81bdb03de5f6,,2025-11-12T07:13:19.712Z,304.30081034775804,308.2955168877278,0,0,,,screenshots/screen_000009.png
69142eb4410888a7b66fa988,68e48f1a803e577b1177152e,6912a59f410888a7b66ed6cf,screenshot-c8fd62d1-42bc-4fc4-afd6-81bdb03de5f6,,2025-11-12T07:13:19.852Z,298.89740885976283,288.5528456455445,0,0,,,screenshots/screen_000009.png
69142eb4410888a7b66fa988,68e48f1a803e577b1177152e,6912a59f410888a7b66ed6cf,screenshot-c8fd62d1-42bc-4fc4-afd6-81bdb03de5f6,,2025-11-12T07:13:19.978Z,332.52985013254306,260.0532628483523,0,0,,,screenshots/screen_000009.png
69142eb4410888a7b66fa988,68e48f1a803e577b1177152e,6912a59f410888a7b66ed6cf,screenshot-c8fd62d1-42bc-4fc4-afd6-81bdb03de5f6,,2025-11-12T07:13:20.093Z,378.7585234125027,248.21219284595597,0,0,,,screenshots/screen_000009.png
69142eb4410888a7b66fa988,68e48f1a803e577b1177152e,6912a59f410888a7b66ed6cf,screenshot-c8fd62d1-42bc-4fc4-afd6-81bdb03de5f6,,2025-11-12T07:13:20.245Z,395.3274756512237,252.4928174014291,0,0,,,screenshots/screen_000009.png
69142eb4410888a7b66fa988,68e48f1a803e577b1177152e,6912a59f410888a7b66ed6cf,screenshot-c8fd62d1-42bc-4fc4-afd6-81bdb03de5f6,,2025-11-12T07:13:20.363Z,379.9542240042033,240.9522139854161,0,0,,,screenshots/screen_000009.png
69142eb4410888a7b66fa988,68e48f1a803e577b1177152e,6912a59f410888a7b66ed6cf,screenshot-c8fd62d1-42bc-4fc4-afd6-81bdb03de5f6,,2025-11-12T07:13:20.485Z,365.0707930938516,269.64699617910844,0,0,,,screenshots/screen_000009.png
69142eb4410888a7b66fa988,68e48f1a803e577b1177152e,6912a59f410888a7b66ed6cf,screenshot-c8fd62d1-42bc-4fc4-afd6-81bdb03de5f6,,2025-11-12T07:13:20.604Z,354.2003136169874,271.8958825082514,0,0,,,screenshots/screen_000009.png
69142eb4410888a7b66fa988,68e48f1a803e577b1177152e,6912a59f410888a7b66ed6cf,screenshot-c8fd62d1-42bc-4fc4-afd6-81bdb03de5f6,,2025-11-12T07:13:20.722Z,332.46297354491605,276.16934623997867,0,0,,,screenshots/screen_000009.png
69142eb4410888a7b66fa988,68e48f1a803e577b1177152e,6912a59f410888a7b66ed6cf,screenshot-c8fd62d1-42bc-4fc4-afd6-81bdb03de5f6,,2025-11-12T07:13:20.825Z,330.5312196746568,303.80849242647673,0,0,,,screenshots/screen_000009.png
69142eb4410888a7b66fa988,68e48f1a803e577b1177152e,6912a59f410888a7b66ed6cf,screenshot-c8fd62d1-42bc-4fc4-afd6-81bdb03de5f6,,2025-11-12T07:13:20.935Z,292.70402569231123,327.65371966003676,0,0,,,screenshots/screen_000009.png
69142eb4410888a7b66fa988,68e48f1a803e577b1177152e,6912a59f410888a7b66ed6cf,screenshot-c8fd62d1-42bc-4fc4-afd6-81bdb03de5f6,,2025-11-12T07:13:21.034Z,299.74358945830846,308.27187151821875,0,0,,,screenshots/screen_000009.png
69142eb4410888a7b66fa988,68e48f1a803e577b1177152e,6912a59f410888a7b66ed6cf,screenshot-c8fd62d1-42bc-4fc4-afd6-81bdb03de5f6,,2025-11-12T07:13:21.130Z,270.1562284356696,305.1919916970449,0,0,,,screenshots/screen_000009.png
69142eb4410888a7b66fa988,68e48f1a803e577b1177152e,6912a59f410888a7b66ed6cf,screenshot-c8fd62d1-42bc-4fc4-afd6-81bdb03de5f6,,2025-11-12T07:13:21.239Z,296.60843491673626,309.8665237869325,0,0,,,screenshots/screen_000009.png
69142eb4410888a7b66fa988,68e48f1a803e577b1177152e,6912a59f410888a7b66ed6cf,screenshot-c8fd62d1-42bc-4fc4-afd6-81bdb03de5f6,,2025-11-12T07:13:21.378Z,266.94613989789775,321.7534833922239,0,0,,,screenshots/screen_000009.png
69142eb4410888a7b66fa988,68e48f1a803e577b1177152e,6912a59f410888a7b66ed6cf,screenshot-c8fd62d1-42bc-4fc4-afd6-81bdb03de5f6,,2025-11-12T07:13:21.509Z,246.30414937798795,338.4140671263626,0,0,,,screenshots/screen_000009.png
69142eb4410888a7b66fa988,68e48f1a803e577b1177152e,6912a59f410888a7b66ed6cf,screenshot-c8fd62d1-42bc-4fc4-afd6-81bdb03de5f6,,2025-11-12T07:13:21.633Z,248.16880735706454,321.54215966012146,0,0,,,screenshots/screen_000009.png
69142eb4410888a7b66fa988,68e48f1a803e577b1177152e,6912a59f410888a7b66ed6cf,screenshot-c8fd62d1-42bc-4fc4-afd6-81bdb03de5f6,,2025-11-12T07:13:21.755Z,254.73290556274117,335.095877798297,0,0,,,screenshots/screen_000009.png
69142eb4410888a7b66fa988,68e48f1a803e577b1177152e,6912a59f410888a7b66ed6cf,screenshot-c8fd62d1-42bc-4fc4-afd6-81bdb03de5f6,,2025-11-12T07:13:21.895Z,281.06613215081666,301.34974324256547,0,0,,,screenshots/screen_000009.png
69142eb4410888a7b66fa988,68e48f1a803e577b1177152e,6912a59f410888a7b66ed6cf,screenshot-c8fd62d1-42bc-4fc4-afd6-81bdb03de5f6,,2025-11-12T07:13:22.021Z,278.42243588489123,291.58863619541654,0,0,,,screenshots/screen_000009.png
69142eb4410888a7b66fa988,68e48f1a803e577b1177152e,6912a59f410888a7b66ed6cf,screenshot-c8fd62d1-42bc-4fc4-afd6-81bdb03de5f6,,2025-11-12T07:13:22.172Z,281.49028519441845,293.6943396932421,0,0,,,screenshots/screen_000009.png
69142eb4410888a7b66fa988,68e48f1a803e577b1177152e,6912a59f410888a7b66ed6cf,screenshot-c8fd62d1-42bc-4fc4-afd6-81bdb03de5f6,,2025-11-12T07:13:22.305Z,255.1597281221217,314.6602094972835,0,0,,,screenshots/screen_000009.png
69142eb4410888a7b66fa988,68e48f1a803e577b1177152e,6912a59f410888a7b66ed6cf,screenshot-c8fd62d1-42bc-4fc4-afd6-81bdb03de5f6,,2025-11-12T07:13:22.437Z,212.14462642245044,320.9506945241035,0,0,,,screenshots/screen_000009.png
69142eb4410888a7b66fa988,68e48f1a803e577b1177152e,6912a59f410888a7b66ed6cf,screenshot-c8fd62d1-42bc-4fc4-afd6-81bdb03de5f6,,2025-11-12T07:13:22.570Z,340.68789833656035,301.54932612222325,0,0,,,screenshots/screen_000009.png
69142eb4410888a7b66fa988,68e48f1a803e577b1177152e,6912a59f410888a7b66ed6cf,screenshot-c8fd62d1-42bc-4fc4-afd6-81bdb03de5f6,,2025-11-12T07:13:22.698Z,350.33228191196787,311.7838671686714,0,0,,,screenshots/screen_000009.png
69142eb4410888a7b66fa988,68e48f1a803e577b1177152e,6912a59f410888a7b66ed6cf,screenshot-c8fd62d1-42bc-4fc4-afd6-81bdb03de5f6,,2025-11-12T07:13:22.832Z,399.98181814999833,298.6315660082995,0,0,,,screenshots/screen_000009.png
69142eb4410888a7b66fa988,68e48f1a803e577b1177152e,6912a59f410888a7b66ed6cf,screenshot-c8fd62d1-42bc-4fc4-afd6-81bdb03de5f6,,2025-11-12T07:13:22.961Z,400.95298814980146,317.75074413585463,0,0,,,screenshots/screen_000009.png
69142eb4410888a7b66fa988,68e48f1a803e577b1177152e,6912a59f410888a7b66ed6cf,screenshot-c8fd62d1-42bc-4fc4-afd6-81bdb03de5f6,,2025-11-12T07:13:23.106Z,361.19246201533673,290.9896699998221,0,0,,,screenshots/screen_000009.png
69142eb4410888a7b66fa988,68e48f1a803e577b1177152e,6912a59f410888a7b66ed6cf,screenshot-c8fd62d1-42bc-4fc4-afd6-81bdb03de5f6,,2025-11-12T07:13:23.230Z,384.69488738558726,267.2772467015276,0,0,,,screenshots/screen_000009.png
69142eb4410888a7b66fa988,68e48f1a803e577b1177152e,6912a59f410888a7b66ed6cf,screenshot-c8fd62d1-42bc-4fc4-afd6-81bdb03de5f6,,2025-11-12T07:13:23.372Z,337.78343519702497,254.74998249028496,0,0,,,screenshots/screen_000009.png
69142eb4410888a7b66fa988,68e48f1a803e577b1177152e,6912a59f410888a7b66ed6cf,screenshot-c8fd62d1-42bc-4fc4-afd6-81bdb03de5f6,,2025-11-12T07:13:23.500Z,247.99326638903685,241.87932091918822,0,0,,,screenshots/screen_000009.png
69142eb4410888a7b66fa988,68e48f1a803e577b1177152e,6912a59f410888a7b66ed6cf,screenshot-c8fd62d1-42bc-4fc4-afd6-81bdb03de5f6,,2025-11-12T07:13:23.631Z,266.64368381332343,260.7599060719774,0,0,,,screenshots/screen_000009.png
69142eb4410888a7b66fa988,68e48f1a803e577b1177152e,6912a59f410888a7b66ed6cf,screenshot-c8fd62d1-42bc-4fc4-afd6-81bdb03de5f6,,2025-11-12T07:13:23.765Z,209.14014225843303,268.78225284614473,0,0,,,screenshots/screen_000009.png
69142eb4410888a7b66fa988,68e48f1a803e577b1177152e,6912a59f410888a7b66ed6cf,screenshot-c8fd62d1-42bc-4fc4-afd6-81bdb03de5f6,,2025-11-12T07:13:23.907Z,205.18189995161296,283.34980736866703,0,0,,,screenshots/screen_000009.png
69142eb4410888a7b66fa988,68e48f1a803e577b1177152e,6912a59f410888a7b66ed6cf,screenshot-c8fd62d1-42bc-4fc4-afd6-81bdb03de5f6,,2025-11-12T07:13:24.026Z,240.2416593964615,286.5313940163089,0,0,,,screenshots/screen_000009.png
69142eb4410888a7b66fa988,68e48f1a803e577b1177152e,6912a59f410888a7b66ed6cf,screenshot-c8fd62d1-42bc-4fc4-afd6-81bdb03de5f6,,2025-11-12T07:13:24.146Z,277.1210523214185,300.16879153175904,0,0,,,screenshots/screen_000009.png
69142eb4410888a7b66fa988,68e48f1a803e577b1177152e,6912a59f410888a7b66ed6cf,screenshot-c8fd62d1-42bc-4fc4-afd6-81bdb03de5f6,,2025-11-12T07:13:24.291Z,314.9762069574099,286.53128902924044,0,0,,,screenshots/screen_000009.png
69142eb4410888a7b66fa988,68e48f1a803e577b1177152e,6912a59f410888a7b66ed6cf,screenshot-c8fd62d1-42bc-4fc4-afd6-81bdb03de5f6,,2025-11-12T07:13:24.421Z,366.0096720375665,259.43876095315585,0,0,,,screenshots/screen_000009.png
69142eb4410888a7b66fa988,68e48f1a803e577b1177152e,6912a59f410888a7b66ed6cf,screenshot-c8fd62d1-42bc-4fc4-afd6-81bdb03de5f6,,2025-11-12T07:13:24.534Z,381.2777245495194,258.35293638636244,0,0,,,screenshots/screen_000009.png
69142eb4410888a7b66fa988,68e48f1a803e577b1177152e,6912a59f410888a7b66ed6cf,screenshot-c8fd62d1-42bc-4fc4-afd6-81bdb03de5f6,,2025-11-12T07:13:24.649Z,341.03394461968446,276.4369571469375,0,0,,,screenshots/screen_000009.png
69142eb4410888a7b66fa988,68e48f1a803e577b1177152e,6912a59f410888a7b66ed6cf,screenshot-c8fd62d1-42bc-4fc4-afd6-81bdb03de5f6,,2025-11-12T07:13:24.756Z,361.90960746952595,268.3711142855773,0,0,,,screenshots/screen_000009.png
69142eb4410888a7b66fa988,68e48f1a803e577b1177152e,6912a59f410888a7b66ed6cf,screenshot-c8fd62d1-42bc-4fc4-afd6-81bdb03de5f6,,2025-11-12T07:13:24.861Z,339.5879413405272,255.50996737662743,0,0,,,screenshots/screen_000009.png
69142eb4410888a7b66fa988,68e48f1a803e577b1177152e,6912a59f410888a7b66ed6cf,screenshot-c8fd62d1-42bc-4fc4-afd6-81bdb03de5f6,,2025-11-12T07:13:24.961Z,317.7017720546765,266.1880163865544,0,0,,,screenshots/screen_000009.png
69142eb4410888a7b66fa988,68e48f1a803e577b1177152e,6912a59f410888a7b66ed6cf,screenshot-c8fd62d1-42bc-4fc4-afd6-81bdb03de5f6,,2025-11-12T07:13:25.087Z,268.4210154969586,271.68368584093133,0,0,,,screenshots/screen_000009.png
69142eb4410888a7b66fa988,68e48f1a803e577b1177152e,6912a59f410888a7b66ed6cf,screenshot-c8fd62d1-42bc-4fc4-afd6-81bdb03de5f6,,2025-11-12T07:13:25.217Z,272.95711050134724,279.60764579173804,0,0,,,screenshots/screen_000009.png
69142eb4410888a7b66fa988,68e48f1a803e577b1177152e,6912a59f410888a7b66ed6cf,screenshot-c8fd62d1-42bc-4fc4-afd6-81bdb03de5f6,,2025-11-12T07:13:25.341Z,291.34426207262834,285.82172473439414,0,0,,,screenshots/screen_000009.png
69142eb4410888a7b66fa988,68e48f1a803e577b1177152e,6912a59f410888a7b66ed6cf,screenshot-c8fd62d1-42bc-4fc4-afd6-81bdb03de5f6,,2025-11-12T07:13:25.461Z,343.0127645802201,299.0848661051463,0,0,,,screenshots/screen_000009.png
69142eb4410888a7b66fa988,68e48f1a803e577b1177152e,6912a59f410888a7b66ed6cf,screenshot-c8fd62d1-42bc-4fc4-afd6-81bdb03de5f6,,2025-11-12T07:13:25.603Z,317.8641243981905,307.5243285431251,0,0,,,screenshots/screen_000009.png
69142eb4410888a7b66fa988,68e48f1a803e577b1177152e,6912a59f410888a7b66ed6cf,screenshot-c8fd62d1-42bc-4fc4-afd6-81bdb03de5f6,,2025-11-12T07:13:25.734Z,296.11656725782177,350.40729588270415,0,0,,,screenshots/screen_000009.png
69142eb4410888a7b66fa988,68e48f1a803e577b1177152e,6912a59f410888a7b66ed6cf,screenshot-c8fd62d1-42bc-4fc4-afd6-81bdb03de5f6,,2025-11-12T07:13:25.864Z,265.7420825199168,367.00278069631645,0,0,,,screenshots/screen_000009.png
69142eb4410888a7b66fa988,68e48f1a803e577b1177152e,6912a59f410888a7b66ed6cf,screenshot-c8fd62d1-42bc-4fc4-afd6-81bdb03de5f6,,2025-11-12T07:13:26.000Z,256.42363929053676,347.5139960387981,0,0,,,screenshots/screen_000009.png
69142eb4410888a7b66fa988,68e48f1a803e577b1177152e,6912a59f410888a7b66ed6cf,screenshot-c8fd62d1-42bc-4fc4-afd6-81bdb03de5f6,,2025-11-12T07:13:26.132Z,278.30149269744453,375.23751393619483,0,0,,,screenshots/screen_000009.png
69142eb4410888a7b66fa988,68e48f1a803e577b1177152e,6912a59f410888a7b66ed6cf,screenshot-c8fd62d1-42bc-4fc4-afd6-81bdb03de5f6,,2025-11-12T07:13:26.270Z,298.47649009874317,370.0689048487902,0,0,,,screenshots/screen_000009.png
69142eb4410888a7b66fa988,68e48f1a803e577b1177152e,6912a59f410888a7b66ed6cf,screenshot-c8fd62d1-42bc-4fc4-afd6-81bdb03de5f6,,2025-11-12T07:13:26.411Z,366.70336583432584,330.0378378723017,0,0,,,screenshots/screen_000009.png
69142eb4410888a7b66fa988,68e48f1a803e577b1177152e,6912a59f410888a7b66ed6cf,screenshot-c8fd62d1-42bc-4fc4-afd6-81bdb03de5f6,,2025-11-12T07:13:26.533Z,436.3932284505618,312.18382412070287,0,0,,,screenshots/screen_000009.png
69142eb4410888a7b66fa988,68e48f1a803e577b1177152e,6912a59f410888a7b66ed6cf,screenshot-c8fd62d1-42bc-4fc4-afd6-81bdb03de5f6,,2025-11-12T07:13:26.677Z,398.0916100941121,319.74429820499654,0,0,,,screenshots/screen_000009.png
69142eb4410888a7b66fa988,68e48f1a803e577b1177152e,6912a59f410888a7b66ed6cf,screenshot-c8fd62d1-42bc-4fc4-afd6-81bdb03de5f6,,2025-11-12T07:13:26.858Z,358.86170442817865,303.1522071070682,0,0,,,screenshots/screen_000009.png
69142eb4410888a7b66fa988,68e48f1a803e577b1177152e,6912a59f410888a7b66ed6cf,screenshot-c8fd62d1-42bc-4fc4-afd6-81bdb03de5f6,,2025-11-12T07:13:26.995Z,309.62018054050947,297.78978259327425,0,0,,,screenshots/screen_000009.png
69142eb4410888a7b66fa988,68e48f1a803e577b1177152e,6912a59f410888a7b66ed6cf,screenshot-c8fd62d1-42bc-4fc4-afd6-81bdb03de5f6,,2025-11-12T07:13:27.127Z,277.0600436922127,295.17173724654043,0,0,,,screenshots/screen_000009.png
69142eb4410888a7b66fa988,68e48f1a803e577b1177152e,6912a59f410888a7b66ed6cf,screenshot-c8fd62d1-42bc-4fc4-afd6-81bdb03de5f6,,2025-11-12T07:13:27.242Z,276.58444769405094,308.00767835995623,0,0,,,screenshots/screen_000009.png
69142eb4410888a7b66fa988,68e48f1a803e577b1177152e,6912a59f410888a7b66ed6cf,screenshot-c8fd62d1-42bc-4fc4-afd6-81bdb03de5f6,,2025-11-12T07:13:27.360Z,266.95403052528104,316.9514013538276,0,0,,,screenshots/screen_000009.png
69142eb4410888a7b66fa988,68e48f1a803e577b1177152e,6912a59f410888a7b66ed6cf,screenshot-c8fd62d1-42bc-4fc4-afd6-81bdb03de5f6,,2025-11-12T07:13:27.465Z,234.7441574793908,321.5252551929232,0,0,,,screenshots/screen_000009.png
69142eb4410888a7b66fa988,68e48f1a803e577b1177152e,6912a59f410888a7b66ed6cf,screenshot-c8fd62d1-42bc-4fc4-afd6-81bdb03de5f6,,2025-11-12T07:13:27.570Z,261.10864960956746,324.83333904011073,0,0,,,screenshots/screen_000009.png
69142eb4410888a7b66fa988,68e48f1a803e577b1177152e,6912a59f410888a7b66ed6cf,screenshot-c8fd62d1-42bc-4fc4-afd6-81bdb03de5f6,,2025-11-12T07:13:27.674Z,169.9113949253805,336.41871413470164,0,0,,,screenshots/screen_000009.png
69142eb4410888a7b66fa988,68e48f1a803e577b1177152e,6912a59f410888a7b66ed6cf,screenshot-c8fd62d1-42bc-4fc4-afd6-81bdb03de5f6,,2025-11-12T07:13:27.775Z,194.06118366285295,340.87013032275127,0,0,,,screenshots/screen_000009.png
69142eb4410888a7b66fa988,68e48f1a803e577b1177152e,6912a59f410888a7b66ed6cf,screenshot-c8fd62d1-42bc-4fc4-afd6-81bdb03de5f6,,2025-11-12T07:13:27.877Z,255.68077435218675,345.10535266873137,0,0,,,screenshots/screen_000009.png
69142eb4410888a7b66fa988,68e48f1a803e577b1177152e,6912a59f410888a7b66ed6cf,screenshot-c8fd62d1-42bc-4fc4-afd6-81bdb03de5f6,,2025-11-12T07:13:27.990Z,218.08672389273653,373.7342957071541,0,0,,,screenshots/screen_000009.png
69142eb4410888a7b66fa988,68e48f1a803e577b1177152e,6912a59f410888a7b66ed6cf,screenshot-c8fd62d1-42bc-4fc4-afd6-81bdb03de5f6,,2025-11-12T07:13:28.093Z,252.72488829725066,410.25764853150054,0,0,,,screenshots/screen_000009.png
69142eb4410888a7b66fa988,68e48f1a803e577b1177152e,6912a59f410888a7b66ed6cf,screenshot-c8fd62d1-42bc-4fc4-afd6-81bdb03de5f6,,2025-11-12T07:13:28.805Z,621.0562695117044,356.48703023749874,0,0,,,screenshots/screen_000009.png
69142eb4410888a7b66fa988,68e48f1a803e577b1177152e,6912a59f410888a7b66ed6cf,screenshot-c8fd62d1-42bc-4fc4-afd6-81bdb03de5f6,,2025-11-12T07:13:29.547Z,634.2634200885601,357.37372528782794,0,0,,,screenshots/screen_000009.png
69142eb4410888a7b66fa988,68e48f1a803e577b1177152e,6912a59f410888a7b66ed6cf,screenshot-c8fd62d1-42bc-4fc4-afd6-81bdb03de5f6,,2025-11-12T07:13:29.758Z,624.3687046794685,345.8948534016273,0,0,,,screenshots/screen_000009.png
69142eb4410888a7b66fa988,68e48f1a803e577b1177152e,6912a59f410888a7b66ed6cf,screenshot-c8fd62d1-42bc-4fc4-afd6-81bdb03de5f6,,2025-11-12T07:13:29.881Z,647.6351216288962,353.2319889142884,0,0,,,screenshots/screen_000009.png
69142eb4410888a7b66fa988,68e48f1a803e577b1177152e,6912a59f410888a7b66ed6cf,screenshot-c8fd62d1-42bc-4fc4-afd6-81bdb03de5f6,,2025-11-12T07:13:30.093Z,632.8256245819256,341.452413666688,0,0,,,screenshots/screen_000009.png
69142eb4410888a7b66fa988,68e48f1a803e577b1177152e,6912a59f410888a7b66ed6cf,screenshot-c8fd62d1-42bc-4fc4-afd6-81bdb03de5f6,,2025-11-12T07:13:30.216Z,640.3739145678005,331.35077039445287,0,0,,,screenshots/screen_000009.png
69142eb4410888a7b66fa988,68e48f1a803e577b1177152e,6912a59f410888a7b66ed6cf,screenshot-c0740400-c51f-4f6d-a349-5412df0a9102,,2025-11-12T07:13:31.312Z,805.197731473443,338.6118151739031,0,0,,,screenshots/screen_000010.png
69142eb4410888a7b66fa988,68e48f1a803e577b1177152e,6912a59f410888a7b66ed6cf,screenshot-c0740400-c51f-4f6d-a349-5412df0a9102,,2025-11-12T07:13:31.420Z,661.4585099585398,330.0466627061928,0,0,,,screenshots/screen_000010.png
69142eb4410888a7b66fa988,68e48f1a803e577b1177152e,6912a59f410888a7b66ed6cf,screenshot-c0740400-c51f-4f6d-a349-5412df0a9102,,2025-11-12T07:13:31.544Z,556.7907065297192,318.42403346001123,0,0,,,screenshots/screen_000010.png
69142eb4410888a7b66fa988,68e48f1a803e577b1177152e,6912a59f410888a7b66ed6cf,screenshot-c0740400-c51f-4f6d-a349-5412df0a9102,,2025-11-12T07:13:31.657Z,525.1750071239998,325.83222985663656,0,0,,,screenshots/screen_000010.png
69142eb4410888a7b66fa988,68e48f1a803e577b1177152e,6912a59f410888a7b66ed6cf,screenshot-c0740400-c51f-4f6d-a349-5412df0a9102,,2025-11-12T07:13:31.794Z,476.3924514546167,322.65474030442124,0,0,,,screenshots/screen_000010.png
69142eb4410888a7b66fa988,68e48f1a803e577b1177152e,6912a59f410888a7b66ed6cf,screenshot-c0740400-c51f-4f6d-a349-5412df0a9102,,2025-11-12T07:13:31.927Z,480.40764445077417,344.0843354230276,0,0,,,screenshots/screen_000010.png
69142eb4410888a7b66fa988,68e48f1a803e577b1177152e,6912a59f410888a7b66ed6cf,screenshot-c0740400-c51f-4f6d-a349-5412df0a9102,,2025-11-12T07:13:32.054Z,495.15521161427046,353.50009158925405,0,0,,,screenshots/screen_000010.png
69142eb4410888a7b66fa988,68e48f1a803e577b1177152e,6912a59f410888a7b66ed6cf,screenshot-c0740400-c51f-4f6d-a349-5412df0a9102,,2025-11-12T07:13:32.212Z,423.2019138821753,369.5995866439201,0,0,,,screenshots/screen_000010.png
69142eb4410888a7b66fa988,68e48f1a803e577b1177152e,6912a59f410888a7b66ed6cf,screenshot-c0740400-c51f-4f6d-a349-5412df0a9102,,2025-11-12T07:13:32.326Z,391.7914448912876,377.3921959305773,0,0,,,screenshots/screen_000010.png
69142eb4410888a7b66fa988,68e48f1a803e577b1177152e,6912a59f410888a7b66ed6cf,screenshot-c0740400-c51f-4f6d-a349-5412df0a9102,,2025-11-12T07:13:32.452Z,338.70233055809484,387.0713323564678,0,0,,,screenshots/screen_000010.png
69142eb4410888a7b66fa988,68e48f1a803e577b1177152e,6912a59f410888a7b66ed6cf,screenshot-c0740400-c51f-4f6d-a349-5412df0a9102,,2025-11-12T07:13:32.558Z,307.57948988062816,401.978662111807,0,0,,,screenshots/screen_000010.png
69142eb4410888a7b66fa988,68e48f1a803e577b1177152e,6912a59f410888a7b66ed6cf,screenshot-c0740400-c51f-4f6d-a349-5412df0a9102,,2025-11-12T07:13:32.668Z,227.78471216502123,424.4054512679542,0,0,,,screenshots/screen_000010.png
69142eb4410888a7b66fa988,68e48f1a803e577b1177152e,6912a59f410888a7b66ed6cf,screenshot-c0740400-c51f-4f6d-a349-5412df0a9102,,2025-11-12T07:13:32.785Z,189.3244013728975,443.65798951263014,0,0,,,screenshots/screen_000010.png
69142eb4410888a7b66fa988,68e48f1a803e577b1177152e,6912a59f410888a7b66ed6cf,screenshot-c0740400-c51f-4f6d-a349-5412df0a9102,,2025-11-12T07:13:32.881Z,138.6705656273025,406.83208421219143,0,0,,,screenshots/screen_000010.png
69142eb4410888a7b66fa988,68e48f1a803e577b1177152e,6912a59f410888a7b66ed6cf,screenshot-c0740400-c51f-4f6d-a349-5412df0a9102,,2025-11-12T07:13:32.980Z,138.89731321826474,377.66346905539575,0,0,,,screenshots/screen_000010.png
69142eb4410888a7b66fa988,68e48f1a803e577b1177152e,6912a59f410888a7b66ed6cf,screenshot-c0740400-c51f-4f6d-a349-5412df0a9102,,2025-11-12T07:13:33.078Z,169.75962116392532,388.0116620101355,0,0,,,screenshots/screen_000010.png
69142eb4410888a7b66fa988,68e48f1a803e577b1177152e,6912a59f410888a7b66ed6cf,screenshot-c0740400-c51f-4f6d-a349-5412df0a9102,,2025-11-12T07:13:33.179Z,132.01970719359198,374.41078588638396,0,0,,,screenshots/screen_000010.png
69142eb4410888a7b66fa988,68e48f1a803e577b1177152e,6912a59f410888a7b66ed6cf,screenshot-c0740400-c51f-4f6d-a349-5412df0a9102,,2025-11-12T07:13:33.880Z,147.14397977172686,357.2717523826969,0,0,,,screenshots/screen_000010.png
69142eb4410888a7b66fa988,68e48f1a803e577b1177152e,6912a59f410888a7b66ed6cf,screenshot-c0740400-c51f-4f6d-a349-5412df0a9102,,2025-11-12T07:13:34.583Z,160.06222336276863,366.94265763493104,0,0,,,screenshots/screen_000010.png
69142eb4410888a7b66fa988,68e48f1a803e577b1177152e,6912a59f410888a7b66ed6cf,screenshot-c0740400-c51f-4f6d-a349-5412df0a9102,,2025-11-12T07:13:34.687Z,131.93006742328734,371.92659706408733,0,0,,,screenshots/screen_000010.png
69142eb4410888a7b66fa988,68e48f1a803e577b1177152e,6912a59f410888a7b66ed6cf,screenshot-c0740400-c51f-4f6d-a349-5412df0a9102,,2025-11-12T07:13:34.856Z,170.15599330482544,384.9990217207385,0,0,,,screenshots/screen_000010.png
69142eb4410888a7b66fa988,68e48f1a803e577b1177152e,6912a59f410888a7b66ed6cf,screenshot-c0740400-c51f-4f6d-a349-5412df0a9102,,2025-11-12T07:13:34.966Z,173.67006644279226,361.90961706926123,0,0,,,screenshots/screen_000010.png
69142eb4410888a7b66fa988,68e48f1a803e577b1177152e,6912a59f410888a7b66ed6cf,screenshot-c0740400-c51f-4f6d-a349-5412df0a9102,,2025-11-12T07:13:35.087Z,159.8276216946687,343.1791139479938,0,0,,,screenshots/screen_000010.png
69142eb4410888a7b66fa988,68e48f1a803e577b1177152e,6912a59f410888a7b66ed6cf,screenshot-c0740400-c51f-4f6d-a349-5412df0a9102,,2025-11-12T07:13:35.194Z,237.2858195620958,341.1304261408784,0,0,,,screenshots/screen_000010.png
69142eb4410888a7b66fa988,68e48f1a803e577b1177152e,6912a59f410888a7b66ed6cf,screenshot-c0740400-c51f-4f6d-a349-5412df0a9102,,2025-11-12T07:13:35.295Z,306.8904350132959,337.3125663962495,0,0,,,screenshots/screen_000010.png
69142eb4410888a7b66fa988,68e48f1a803e577b1177152e,6912a59f410888a7b66ed6cf,screenshot-a668798b-f1b4-4c2a-8025-259993735a05,,2025-11-12T07:13:35.924Z,227.9610570885152,314.475760613698,0,0,,,screenshots/screen_000011.png
69142eb4410888a7b66fa988,68e48f1a803e577b1177152e,6912a59f410888a7b66ed6cf,screenshot-a668798b-f1b4-4c2a-8025-259993735a05,,2025-11-12T07:13:36.069Z,214.6072006208979,319.5366916361902,0,0,,,screenshots/screen_000011.png
69142eb4410888a7b66fa988,68e48f1a803e577b1177152e,6912a59f410888a7b66ed6cf,screenshot-a668798b-f1b4-4c2a-8025-259993735a05,,2025-11-12T07:13:36.169Z,225.74245414678643,299.4974901615936,0,0,,,screenshots/screen_000011.png
69142eb4410888a7b66fa988,68e48f1a803e577b1177152e,6912a59f410888a7b66ed6cf,screenshot-a668798b-f1b4-4c2a-8025-259993735a05,,2025-11-12T07:13:36.292Z,239.04056518047054,311.610507831304,0,0,,,screenshots/screen_000011.png
69142eb4410888a7b66fa988,68e48f1a803e577b1177152e,6912a59f410888a7b66ed6cf,screenshot-a668798b-f1b4-4c2a-8025-259993735a05,,2025-11-12T07:13:36.399Z,251.82982994395348,298.2097675282584,0,0,,,screenshots/screen_000011.png
69142eb4410888a7b66fa988,68e48f1a803e577b1177152e,6912a59f410888a7b66ed6cf,screenshot-a668798b-f1b4-4c2a-8025-259993735a05,,2025-11-12T07:13:36.517Z,281.47038554612817,286.1117715400045,0,0,,,screenshots/screen_000011.png
69142eb4410888a7b66fa988,68e48f1a803e577b1177152e,6912a59f410888a7b66ed6cf,screenshot-a668798b-f1b4-4c2a-8025-259993735a05,,2025-11-12T07:13:36.632Z,294.0851978276311,280.00758333190936,0,0,,,screenshots/screen_000011.png
69142eb4410888a7b66fa988,68e48f1a803e577b1177152e,6912a59f410888a7b66ed6cf,screenshot-a668798b-f1b4-4c2a-8025-259993735a05,,2025-11-12T07:13:36.747Z,328.93278187354684,312.3645190088008,0,0,,,screenshots/screen_000011.png
69142eb4410888a7b66fa988,68e48f1a803e577b1177152e,6912a59f410888a7b66ed6cf,screenshot-a668798b-f1b4-4c2a-8025-259993735a05,,2025-11-12T07:13:36.864Z,306.41587069579026,293.6696974733877,0,0,,,screenshots/screen_000011.png
69142eb4410888a7b66fa988,68e48f1a803e577b1177152e,6912a59f410888a7b66ed6cf,screenshot-a668798b-f1b4-4c2a-8025-259993735a05,,2025-11-12T07:13:36.974Z,276.81053029653765,288.7728449457755,0,0,,,screenshots/screen_000011.png
69142eb4410888a7b66fa988,68e48f1a803e577b1177152e,6912a59f410888a7b66ed6cf,screenshot-a668798b-f1b4-4c2a-8025-259993735a05,,2025-11-12T07:13:37.094Z,296.72073775924173,284.40537873408664,0,0,,,screenshots/screen_000011.png
69142eb4410888a7b66fa988,68e48f1a803e577b1177152e,6912a59f410888a7b66ed6cf,screenshot-a668798b-f1b4-4c2a-8025-259993735a05,,2025-11-12T07:13:37.191Z,462.9773534937293,275.0263192685682,0,0,,,screenshots/screen_000011.png
69142eb4410888a7b66fa988,68e48f1a803e577b1177152e,6912a59f410888a7b66ed6cf,screenshot-a668798b-f1b4-4c2a-8025-259993735a05,,2025-11-12T07:13:37.291Z,636.0654961593041,277.1110781952861,0,0,,,screenshots/screen_000011.png
69142eb4410888a7b66fa988,68e48f1a803e577b1177152e,6912a59f410888a7b66ed6cf,screenshot-a668798b-f1b4-4c2a-8025-259993735a05,,2025-11-12T07:13:37.394Z,786.5628257918922,272.29258244584,0,0,,,screenshots/screen_000011.png
69142eb4410888a7b66fa988,68e48f1a803e577b1177152e,6912a59f410888a7b66ed6cf,screenshot-a668798b-f1b4-4c2a-8025-259993735a05,,2025-11-12T07:13:37.501Z,749.9969687933369,294.99945745094783,0,0,,,screenshots/screen_000011.png
69142eb4410888a7b66fa988,68e48f1a803e577b1177152e,6912a59f410888a7b66ed6cf,screenshot-a668798b-f1b4-4c2a-8025-259993735a05,,2025-11-12T07:13:37.620Z,733.5721292886664,344.0095877699805,0,0,,,screenshots/screen_000011.png
69142eb4410888a7b66fa988,68e48f1a803e577b1177152e,6912a59f410888a7b66ed6cf,screenshot-a668798b-f1b4-4c2a-8025-259993735a05,,2025-11-12T07:13:37.741Z,650.6742089642577,348.4566895418464,0,0,,,screenshots/screen_000011.png
69142eb4410888a7b66fa988,68e48f1a803e577b1177152e,6912a59f410888a7b66ed6cf,screenshot-a668798b-f1b4-4c2a-8025-259993735a05,,2025-11-12T07:13:37.877Z,572.5923232127886,369.94764606162227,0,0,,,screenshots/screen_000011.png
69142eb4410888a7b66fa988,68e48f1a803e577b1177152e,6912a59f410888a7b66ed6cf,screenshot-a668798b-f1b4-4c2a-8025-259993735a05,,2025-11-12T07:13:38.015Z,491.78632903407146,372.2211214232442,0,0,,,screenshots/screen_000011.png
69142eb4410888a7b66fa988,68e48f1a803e577b1177152e,6912a59f410888a7b66ed6cf,screenshot-a668798b-f1b4-4c2a-8025-259993735a05,,2025-11-12T07:13:38.156Z,487.03452376290994,384.8758297817275,0,0,,,screenshots/screen_000011.png
69142eb4410888a7b66fa988,68e48f1a803e577b1177152e,6912a59f410888a7b66ed6cf,screenshot-a668798b-f1b4-4c2a-8025-259993735a05,,2025-11-12T07:13:38.286Z,460.2074419244985,378.4719462857098,0,0,,,screenshots/screen_000011.png
69142eb4410888a7b66fa988,68e48f1a803e577b1177152e,6912a59f410888a7b66ed6cf,screenshot-a668798b-f1b4-4c2a-8025-259993735a05,,2025-11-12T07:13:38.422Z,442.0602968939624,366.0014853870748,0,0,,,screenshots/screen_000011.png
69142eb4410888a7b66fa988,68e48f1a803e577b1177152e,6912a59f410888a7b66ed6cf,screenshot-a668798b-f1b4-4c2a-8025-259993735a05,,2025-11-12T07:13:38.556Z,425.0918874062092,393.1284083360033,0,0,,,screenshots/screen_000011.png
69142eb4410888a7b66fa988,68e48f1a803e577b1177152e,6912a59f410888a7b66ed6cf,screenshot-a668798b-f1b4-4c2a-8025-259993735a05,,2025-11-12T07:13:38.678Z,418.9537667592298,407.12923037903477,0,0,,,screenshots/screen_000011.png
69142eb4410888a7b66fa988,68e48f1a803e577b1177152e,6912a59f410888a7b66ed6cf,screenshot-a668798b-f1b4-4c2a-8025-259993735a05,,2025-11-12T07:13:38.786Z,359.0486577348494,418.47530335170603,0,0,,,screenshots/screen_000011.png
69142eb4410888a7b66fa988,68e48f1a803e577b1177152e,6912a59f410888a7b66ed6cf,screenshot-a668798b-f1b4-4c2a-8025-259993735a05,,2025-11-12T07:13:38.906Z,339.97297832467706,407.0367332975645,0,0,,,screenshots/screen_000011.png
69142eb4410888a7b66fa988,68e48f1a803e577b1177152e,6912a59f410888a7b66ed6cf,screenshot-a668798b-f1b4-4c2a-8025-259993735a05,,2025-11-12T07:13:39.027Z,351.72263235442995,426.6916571047338,0,0,,,screenshots/screen_000011.png
69142eb4410888a7b66fa988,68e48f1a803e577b1177152e,6912a59f410888a7b66ed6cf,screenshot-a668798b-f1b4-4c2a-8025-259993735a05,,2025-11-12T07:13:39.155Z,298.6070233239703,400.62232564699,0,0,,,screenshots/screen_000011.png
69142eb4410888a7b66fa988,68e48f1a803e577b1177152e,6912a59f410888a7b66ed6cf,screenshot-a668798b-f1b4-4c2a-8025-259993735a05,,2025-11-12T07:13:39.286Z,246.37248514911045,377.32447757508635,0,0,,,screenshots/screen_000011.png
69142eb4410888a7b66fa988,68e48f1a803e577b1177152e,6912a59f410888a7b66ed6cf,screenshot-a668798b-f1b4-4c2a-8025-259993735a05,,2025-11-12T07:13:39.417Z,289.24881648237533,379.72668021294453,0,0,,,screenshots/screen_000011.png
69142eb4410888a7b66fa988,68e48f1a803e577b1177152e,6912a59f410888a7b66ed6cf,screenshot-a668798b-f1b4-4c2a-8025-259993735a05,,2025-11-12T07:13:39.555Z,349.92493691764054,377.1962517674617,0,0,,,screenshots/screen_000011.png
69142eb4410888a7b66fa988,68e48f1a803e577b1177152e,6912a59f410888a7b66ed6cf,screenshot-a668798b-f1b4-4c2a-8025-259993735a05,,2025-11-12T07:13:39.689Z,365.6988531091628,347.3791547989127,0,0,,,screenshots/screen_000011.png
69142eb4410888a7b66fa988,68e48f1a803e577b1177152e,6912a59f410888a7b66ed6cf,screenshot-a668798b-f1b4-4c2a-8025-259993735a05,,2025-11-12T07:13:39.826Z,315.8572874402261,334.9652565454797,0,0,,,screenshots/screen_000011.png
69142eb4410888a7b66fa988,68e48f1a803e577b1177152e,6912a59f410888a7b66ed6cf,screenshot-a668798b-f1b4-4c2a-8025-259993735a05,,2025-11-12T07:13:39.959Z,346.01580677395333,305.64135813440754,0,0,,,screenshots/screen_000011.png
69142eb4410888a7b66fa988,68e48f1a803e577b1177152e,6912a59f410888a7b66ed6cf,screenshot-a668798b-f1b4-4c2a-8025-259993735a05,,2025-11-12T07:13:40.095Z,303.4253912861625,272.2699264480685,0,0,,,screenshots/screen_000011.png
69142eb4410888a7b66fa988,68e48f1a803e577b1177152e,6912a59f410888a7b66ed6cf,screenshot-a668798b-f1b4-4c2a-8025-259993735a05,,2025-11-12T07:13:40.225Z,356.433958417848,219.8804488082774,0,0,,,screenshots/screen_000011.png
69142eb4410888a7b66fa988,68e48f1a803e577b1177152e,6912a59f410888a7b66ed6cf,screenshot-a668798b-f1b4-4c2a-8025-259993735a05,,2025-11-12T07:13:40.358Z,385.1341888211771,194.6451626929552,0,0,,,screenshots/screen_000011.png
69142eb4410888a7b66fa988,68e48f1a803e577b1177152e,6912a59f410888a7b66ed6cf,screenshot-a668798b-f1b4-4c2a-8025-259993735a05,,2025-11-12T07:13:40.494Z,519.3339961777128,210.94971447697756,0,0,,,screenshots/screen_000011.png
69142eb4410888a7b66fa988,68e48f1a803e577b1177152e,6912a59f410888a7b66ed6cf,screenshot-a668798b-f1b4-4c2a-8025-259993735a05,,2025-11-12T07:13:40.629Z,548.2857856329495,281.77198089202227,0,0,,,screenshots/screen_000011.png
69142eb4410888a7b66fa988,68e48f1a803e577b1177152e,6912a59f410888a7b66ed6cf,screenshot-a668798b-f1b4-4c2a-8025-259993735a05,,2025-11-12T07:13:40.758Z,481.3991300618829,291.2735468054408,0,0,,,screenshots/screen_000011.png
69142eb4410888a7b66fa988,68e48f1a803e577b1177152e,6912a59f410888a7b66ed6cf,screenshot-a668798b-f1b4-4c2a-8025-259993735a05,,2025-11-12T07:13:40.868Z,496.02833023657485,297.9753653854835,0,0,,,screenshots/screen_000011.png
69142eb4410888a7b66fa988,68e48f1a803e577b1177152e,6912a59f410888a7b66ed6cf,screenshot-a668798b-f1b4-4c2a-8025-259993735a05,,2025-11-12T07:13:40.992Z,486.7695946844398,312.575848380524,0,0,,,screenshots/screen_000011.png
69142eb4410888a7b66fa988,68e48f1a803e577b1177152e,6912a59f410888a7b66ed6cf,screenshot-a668798b-f1b4-4c2a-8025-259993735a05,,2025-11-12T07:13:41.113Z,446.9432564417412,330.6358548683304,0,0,,,screenshots/screen_000011.png
69142eb4410888a7b66fa988,68e48f1a803e577b1177152e,6912a59f410888a7b66ed6cf,screenshot-a668798b-f1b4-4c2a-8025-259993735a05,,2025-11-12T07:13:41.230Z,427.03142566801637,339.3666738621202,0,0,,,screenshots/screen_000011.png
69142eb4410888a7b66fa988,68e48f1a803e577b1177152e,6912a59f410888a7b66ed6cf,screenshot-a668798b-f1b4-4c2a-8025-259993735a05,,2025-11-12T07:13:41.348Z,404.71727796858806,377.86310765882985,0,0,,,screenshots/screen_000011.png
69142eb4410888a7b66fa988,68e48f1a803e577b1177152e,6912a59f410888a7b66ed6cf,screenshot-a668798b-f1b4-4c2a-8025-259993735a05,,2025-11-12T07:13:41.449Z,362.13870213568515,392.13829217478764,0,0,,,screenshots/screen_000011.png
69142eb4410888a7b66fa988,68e48f1a803e577b1177152e,6912a59f410888a7b66ed6cf,screenshot-a668798b-f1b4-4c2a-8025-259993735a05,,2025-11-12T07:13:41.551Z,378.5810084721064,394.6928882598261,0,0,,,screenshots/screen_000011.png
69142eb4410888a7b66fa988,68e48f1a803e577b1177152e,6912a59f410888a7b66ed6cf,screenshot-a668798b-f1b4-4c2a-8025-259993735a05,,2025-11-12T07:13:41.651Z,375.95126257918497,381.72871735631963,0,0,,,screenshots/screen_000011.png
69142eb4410888a7b66fa988,68e48f1a803e577b1177152e,6912a59f410888a7b66ed6cf,screenshot-a668798b-f1b4-4c2a-8025-259993735a05,,2025-11-12T07:13:41.771Z,341.4701548405958,380.8464408500183,0,0,,,screenshots/screen_000011.png
69142eb4410888a7b66fa988,68e48f1a803e577b1177152e,6912a59f410888a7b66ed6cf,screenshot-a668798b-f1b4-4c2a-8025-259993735a05,,2025-11-12T07:13:41.882Z,364.12275632776857,419.1512883278987,0,0,,,screenshots/screen_000011.png
69142eb4410888a7b66fa988,68e48f1a803e577b1177152e,6912a59f410888a7b66ed6cf,screenshot-a668798b-f1b4-4c2a-8025-259993735a05,,2025-11-12T07:13:42.011Z,318.04908050569617,408.7109546820967,0,0,,,screenshots/screen_000011.png
69142eb4410888a7b66fa988,68e48f1a803e577b1177152e,6912a59f410888a7b66ed6cf,screenshot-a668798b-f1b4-4c2a-8025-259993735a05,,2025-11-12T07:13:42.172Z,303.8148954723452,412.02427560795365,0,0,,,screenshots/screen_000011.png
69142eb4410888a7b66fa988,68e48f1a803e577b1177152e,6912a59f410888a7b66ed6cf,screenshot-a668798b-f1b4-4c2a-8025-259993735a05,,2025-11-12T07:13:42.292Z,301.10996359839294,405.13478541589166,0,0,,,screenshots/screen_000011.png
69142eb4410888a7b66fa988,68e48f1a803e577b1177152e,6912a59f410888a7b66ed6cf,screenshot-a668798b-f1b4-4c2a-8025-259993735a05,,2025-11-12T07:13:42.416Z,314.79577180665876,391.7321636246725,0,0,,,screenshots/screen_000011.png
69142eb4410888a7b66fa988,68e48f1a803e577b1177152e,6912a59f410888a7b66ed6cf,screenshot-a668798b-f1b4-4c2a-8025-259993735a05,,2025-11-12T07:13:42.529Z,357.4396132757802,391.6043722981661,0,0,,,screenshots/screen_000011.png
69142eb4410888a7b66fa988,68e48f1a803e577b1177152e,6912a59f410888a7b66ed6cf,screenshot-a668798b-f1b4-4c2a-8025-259993735a05,,2025-11-12T07:13:42.639Z,411.4658850383264,374.79914117203856,0,0,,,screenshots/screen_000011.png
69142eb4410888a7b66fa988,68e48f1a803e577b1177152e,6912a59f410888a7b66ed6cf,screenshot-a668798b-f1b4-4c2a-8025-259993735a05,,2025-11-12T07:13:42.760Z,483.75258089570445,392.53166908539504,0,0,,,screenshots/screen_000011.png
69142eb4410888a7b66fa988,68e48f1a803e577b1177152e,6912a59f410888a7b66ed6cf,screenshot-a668798b-f1b4-4c2a-8025-259993735a05,,2025-11-12T07:13:42.892Z,575.6312690873674,371.36227199904306,0,0,,,screenshots/screen_000011.png
69142eb4410888a7b66fa988,68e48f1a803e577b1177152e,6912a59f410888a7b66ed6cf,screenshot-a668798b-f1b4-4c2a-8025-259993735a05,,2025-11-12T07:13:43.043Z,543.0650925839126,360.51092066813845,0,0,,,screenshots/screen_000011.png
69142eb4410888a7b66fa988,68e48f1a803e577b1177152e,6912a59f410888a7b66ed6cf,screenshot-a668798b-f1b4-4c2a-8025-259993735a05,,2025-11-12T07:13:43.206Z,535.6393277761825,350.9651213589185,0,0,,,screenshots/screen_000011.png
69142eb4410888a7b66fa988,68e48f1a803e577b1177152e,6912a59f410888a7b66ed6cf,screenshot-a668798b-f1b4-4c2a-8025-259993735a05,,2025-11-12T07:13:43.344Z,512.1615749807496,354.9833845287074,0,0,,,screenshots/screen_000011.png
69142eb4410888a7b66fa988,68e48f1a803e577b1177152e,6912a59f410888a7b66ed6cf,screenshot-a668798b-f1b4-4c2a-8025-259993735a05,,2025-11-12T07:13:43.452Z,491.99323505306785,364.35844083210003,0,0,,,screenshots/screen_000011.png
69142eb4410888a7b66fa988,68e48f1a803e577b1177152e,6912a59f410888a7b66ed6cf,screenshot-a668798b-f1b4-4c2a-8025-259993735a05,,2025-11-12T07:13:43.554Z,508.02109041406766,372.6527545774589,0,0,,,screenshots/screen_000011.png
69142eb4410888a7b66fa988,68e48f1a803e577b1177152e,6912a59f410888a7b66ed6cf,screenshot-a668798b-f1b4-4c2a-8025-259993735a05,,2025-11-12T07:13:43.665Z,449.06741861562557,371.70693394063323,0,0,,,screenshots/screen_000011.png
69142eb4410888a7b66fa988,68e48f1a803e577b1177152e,6912a59f410888a7b66ed6cf,screenshot-a668798b-f1b4-4c2a-8025-259993735a05,,2025-11-12T07:13:43.754Z,460.72164792620333,361.96304226495545,0,0,,,screenshots/screen_000011.png
69142eb4410888a7b66fa988,68e48f1a803e577b1177152e,6912a59f410888a7b66ed6cf,screenshot-a668798b-f1b4-4c2a-8025-259993735a05,,2025-11-12T07:13:43.855Z,454.9963387494616,361.7746385786323,0,0,,,screenshots/screen_000011.png
69142eb4410888a7b66fa988,68e48f1a803e577b1177152e,6912a59f410888a7b66ed6cf,screenshot-a668798b-f1b4-4c2a-8025-259993735a05,,2025-11-12T07:13:43.953Z,459.63692638534417,356.7905740434424,0,0,,,screenshots/screen_000011.png
69142eb4410888a7b66fa988,68e48f1a803e577b1177152e,6912a59f410888a7b66ed6cf,screenshot-a668798b-f1b4-4c2a-8025-259993735a05,,2025-11-12T07:13:44.065Z,460.61038710743975,360.01164623384216,0,0,,,screenshots/screen_000011.png
69142eb4410888a7b66fa988,68e48f1a803e577b1177152e,6912a59f410888a7b66ed6cf,screenshot-a668798b-f1b4-4c2a-8025-259993735a05,,2025-11-12T07:13:44.187Z,473.80418542933376,327.08755825790354,0,0,,,screenshots/screen_000011.png
69142eb4410888a7b66fa988,68e48f1a803e577b1177152e,6912a59f410888a7b66ed6cf,screenshot-a668798b-f1b4-4c2a-8025-259993735a05,,2025-11-12T07:13:44.295Z,517.2509960483122,314.65197292755596,0,0,,,screenshots/screen_000011.png
69142eb4410888a7b66fa988,68e48f1a803e577b1177152e,6912a59f410888a7b66ed6cf,screenshot-a668798b-f1b4-4c2a-8025-259993735a05,,2025-11-12T07:13:44.424Z,525.9886723764617,285.6258396787375,0,0,,,screenshots/screen_000011.png
69142eb4410888a7b66fa988,68e48f1a803e577b1177152e,6912a59f410888a7b66ed6cf,screenshot-a668798b-f1b4-4c2a-8025-259993735a05,,2025-11-12T07:13:44.535Z,501.6354614258879,258.5738301522933,0,0,,,screenshots/screen_000011.png
69142eb4410888a7b66fa988,68e48f1a803e577b1177152e,6912a59f410888a7b66ed6cf,screenshot-a668798b-f1b4-4c2a-8025-259993735a05,,2025-11-12T07:13:44.673Z,608.2702815134031,220.4895013043874,0,0,,,screenshots/screen_000011.png
69142eb4410888a7b66fa988,68e48f1a803e577b1177152e,6912a59f410888a7b66ed6cf,screenshot-a668798b-f1b4-4c2a-8025-259993735a05,,2025-11-12T07:13:44.805Z,591.5120259447675,217.5442179950523,0,0,,,screenshots/screen_000011.png
69142eb4410888a7b66fa988,68e48f1a803e577b1177152e,6912a59f410888a7b66ed6cf,screenshot-a668798b-f1b4-4c2a-8025-259993735a05,,2025-11-12T07:13:44.918Z,658.6469697360167,213.22975062927557,0,0,,,screenshots/screen_000011.png
69142eb4410888a7b66fa988,68e48f1a803e577b1177152e,6912a59f410888a7b66ed6cf,screenshot-a668798b-f1b4-4c2a-8025-259993735a05,,2025-11-12T07:13:45.046Z,628.1015320045391,207.78230818191307,0,0,,,screenshots/screen_000011.png
69142eb4410888a7b66fa988,68e48f1a803e577b1177152e,6912a59f410888a7b66ed6cf,screenshot-a668798b-f1b4-4c2a-8025-259993735a05,,2025-11-12T07:13:45.173Z,579.0441411671092,188.37449148379105,0,0,,,screenshots/screen_000011.png
69142eb4410888a7b66fa988,68e48f1a803e577b1177152e,6912a59f410888a7b66ed6cf,screenshot-a668798b-f1b4-4c2a-8025-259993735a05,,2025-11-12T07:13:45.313Z,531.360182275627,153.5695890884818,0,0,,,screenshots/screen_000011.png
69142eb4410888a7b66fa988,68e48f1a803e577b1177152e,6912a59f410888a7b66ed6cf,screenshot-a668798b-f1b4-4c2a-8025-259993735a05,,2025-11-12T07:13:45.449Z,519.145556755246,157.88792770117956,0,0,,,screenshots/screen_000011.png
69142eb4410888a7b66fa988,68e48f1a803e577b1177152e,6912a59f410888a7b66ed6cf,screenshot-a668798b-f1b4-4c2a-8025-259993735a05,,2025-11-12T07:13:45.571Z,525.3978951091761,168.8754688999271,0,0,,,screenshots/screen_000011.png
69142eb4410888a7b66fa988,68e48f1a803e577b1177152e,6912a59f410888a7b66ed6cf,screenshot-a668798b-f1b4-4c2a-8025-259993735a05,,2025-11-12T07:13:45.704Z,474.20995815939114,170.78857722825677,0,0,,,screenshots/screen_000011.png
69142eb4410888a7b66fa988,68e48f1a803e577b1177152e,6912a59f410888a7b66ed6cf,screenshot-a668798b-f1b4-4c2a-8025-259993735a05,,2025-11-12T07:13:45.840Z,434.7246183174352,215.35385077232127,0,0,,,screenshots/screen_000011.png
69142eb4410888a7b66fa988,68e48f1a803e577b1177152e,6912a59f410888a7b66ed6cf,screenshot-a668798b-f1b4-4c2a-8025-259993735a05,,2025-11-12T07:13:45.980Z,373.02126103072857,225.05527400455566,0,0,,,screenshots/screen_000011.png
69142eb4410888a7b66fa988,68e48f1a803e577b1177152e,6912a59f410888a7b66ed6cf,screenshot-a668798b-f1b4-4c2a-8025-259993735a05,,2025-11-12T07:13:46.116Z,337.4150069990569,236.1644762844339,0,0,,,screenshots/screen_000011.png
69142eb4410888a7b66fa988,68e48f1a803e577b1177152e,6912a59f410888a7b66ed6cf,screenshot-a668798b-f1b4-4c2a-8025-259993735a05,,2025-11-12T07:13:46.245Z,431.83159437187254,291.23181516541587,0,0,,,screenshots/screen_000011.png
69142eb4410888a7b66fa988,68e48f1a803e577b1177152e,6912a59f410888a7b66ed6cf,screenshot-a668798b-f1b4-4c2a-8025-259993735a05,,2025-11-12T07:13:46.385Z,454.84568595930085,282.740919777072,0,0,,,screenshots/screen_000011.png
69142eb4410888a7b66fa988,68e48f1a803e577b1177152e,6912a59f410888a7b66ed6cf,screenshot-a668798b-f1b4-4c2a-8025-259993735a05,,2025-11-12T07:13:46.518Z,480.850405698473,285.29526670085886,0,0,,,screenshots/screen_000011.png
69142eb4410888a7b66fa988,68e48f1a803e577b1177152e,6912a59f410888a7b66ed6cf,screenshot-a668798b-f1b4-4c2a-8025-259993735a05,,2025-11-12T07:13:46.653Z,501.57596627372936,285.26624000340723,0,0,,,screenshots/screen_000011.png
69142eb4410888a7b66fa988,68e48f1a803e577b1177152e,6912a59f410888a7b66ed6cf,screenshot-a668798b-f1b4-4c2a-8025-259993735a05,,2025-11-12T07:13:46.787Z,505.3054254546862,293.6020192585,0,0,,,screenshots/screen_000011.png
69142eb4410888a7b66fa988,68e48f1a803e577b1177152e,6912a59f410888a7b66ed6cf,screenshot-a668798b-f1b4-4c2a-8025-259993735a05,,2025-11-12T07:13:46.919Z,479.8834178056566,302.62694190154514,0,0,,,screenshots/screen_000011.png
69142eb4410888a7b66fa988,68e48f1a803e577b1177152e,6912a59f410888a7b66ed6cf,screenshot-a668798b-f1b4-4c2a-8025-259993735a05,,2025-11-12T07:13:47.056Z,578.6288050290883,293.6167080619762,0,0,,,screenshots/screen_000011.png
69142eb4410888a7b66fa988,68e48f1a803e577b1177152e,6912a59f410888a7b66ed6cf,screenshot-a668798b-f1b4-4c2a-8025-259993735a05,,2025-11-12T07:13:47.198Z,525.3783725691306,317.65046590219345,0,0,,,screenshots/screen_000011.png
69142eb4410888a7b66fa988,68e48f1a803e577b1177152e,6912a59f410888a7b66ed6cf,screenshot-a668798b-f1b4-4c2a-8025-259993735a05,,2025-11-12T07:13:47.322Z,476.30696133663906,334.4469181553321,0,0,,,screenshots/screen_000011.png
69142eb4410888a7b66fa988,68e48f1a803e577b1177152e,6912a59f410888a7b66ed6cf,screenshot-a668798b-f1b4-4c2a-8025-259993735a05,,2025-11-12T07:13:47.443Z,455.50398551725857,351.56384989560763,0,0,,,screenshots/screen_000011.png
69142eb4410888a7b66fa988,68e48f1a803e577b1177152e,6912a59f410888a7b66ed6cf,screenshot-a668798b-f1b4-4c2a-8025-259993735a05,,2025-11-12T07:13:47.555Z,498.1190529960111,389.4702389598095,0,0,,,screenshots/screen_000011.png
69142eb4410888a7b66fa988,68e48f1a803e577b1177152e,6912a59f410888a7b66ed6cf,screenshot-a668798b-f1b4-4c2a-8025-259993735a05,,2025-11-12T07:13:47.678Z,449.4211164221125,389.94591788280854,0,0,,,screenshots/screen_000011.png
69142eb4410888a7b66fa988,68e48f1a803e577b1177152e,6912a59f410888a7b66ed6cf,screenshot-a668798b-f1b4-4c2a-8025-259993735a05,,2025-11-12T07:13:47.800Z,387.4490757183606,403.9336800025523,0,0,,,screenshots/screen_000011.png
69142eb4410888a7b66fa988,68e48f1a803e577b1177152e,6912a59f410888a7b66ed6cf,screenshot-a668798b-f1b4-4c2a-8025-259993735a05,,2025-11-12T07:13:47.917Z,391.9894526892662,426.50068640262634,0,0,,,screenshots/screen_000011.png
69142eb4410888a7b66fa988,68e48f1a803e577b1177152e,6912a59f410888a7b66ed6cf,screenshot-a668798b-f1b4-4c2a-8025-259993735a05,,2025-11-12T07:13:48.026Z,366.8601113691355,423.09098788415605,0,0,,,screenshots/screen_000011.png
69142eb4410888a7b66fa988,68e48f1a803e577b1177152e,6912a59f410888a7b66ed6cf,screenshot-a668798b-f1b4-4c2a-8025-259993735a05,,2025-11-12T07:13:48.143Z,292.36816144681075,461.81292717754974,0,0,,,screenshots/screen_000011.png
69142eb4410888a7b66fa988,68e48f1a803e577b1177152e,6912a59f410888a7b66ed6cf,screenshot-a668798b-f1b4-4c2a-8025-259993735a05,,2025-11-12T07:13:48.240Z,297.32109374709654,451.84497904838923,0,0,,,screenshots/screen_000011.png
69142eb4410888a7b66fa988,68e48f1a803e577b1177152e,6912a59f410888a7b66ed6cf,screenshot-a668798b-f1b4-4c2a-8025-259993735a05,,2025-11-12T07:13:48.342Z,311.4243544041574,428.29040718145654,0,0,,,screenshots/screen_000011.png
69142eb4410888a7b66fa988,68e48f1a803e577b1177152e,6912a59f410888a7b66ed6cf,screenshot-a668798b-f1b4-4c2a-8025-259993735a05,,2025-11-12T07:13:48.446Z,401.66789106383663,438.896115543502,0,0,,,screenshots/screen_000011.png
69142eb4410888a7b66fa988,68e48f1a803e577b1177152e,6912a59f410888a7b66ed6cf,screenshot-a668798b-f1b4-4c2a-8025-259993735a05,,2025-11-12T07:13:48.536Z,369.7311750584541,476.2573822749179,0,0,,,screenshots/screen_000011.png
69142eb4410888a7b66fa988,68e48f1a803e577b1177152e,6912a59f410888a7b66ed6cf,screenshot-a668798b-f1b4-4c2a-8025-259993735a05,,2025-11-12T07:13:48.643Z,397.3215601382491,463.2684315743664,0,0,,,screenshots/screen_000011.png
69142eb4410888a7b66fa988,68e48f1a803e577b1177152e,6912a59f410888a7b66ed6cf,screenshot-a668798b-f1b4-4c2a-8025-259993735a05,,2025-11-12T07:13:48.748Z,440.2321913256356,448.83988795207296,0,0,,,screenshots/screen_000011.png
69142eb4410888a7b66fa988,68e48f1a803e577b1177152e,6912a59f410888a7b66ed6cf,screenshot-a668798b-f1b4-4c2a-8025-259993735a05,,2025-11-12T07:13:48.855Z,438.32780085925117,424.7046155896633,0,0,,,screenshots/screen_000011.png
69142eb4410888a7b66fa988,68e48f1a803e577b1177152e,6912a59f410888a7b66ed6cf,screenshot-a668798b-f1b4-4c2a-8025-259993735a05,,2025-11-12T07:13:49.003Z,456.25341358907275,418.0825510436846,0,0,,,screenshots/screen_000011.png
69142eb4410888a7b66fa988,68e48f1a803e577b1177152e,6912a59f410888a7b66ed6cf,screenshot-a668798b-f1b4-4c2a-8025-259993735a05,,2025-11-12T07:13:49.153Z,493.55547458601376,401.1831148308846,0,0,,,screenshots/screen_000011.png
69142eb4410888a7b66fa988,68e48f1a803e577b1177152e,6912a59f410888a7b66ed6cf,screenshot-a668798b-f1b4-4c2a-8025-259993735a05,,2025-11-12T07:13:49.336Z,524.8855970740284,375.6617167450132,0,0,,,screenshots/screen_000011.png
69142eb4410888a7b66fa988,68e48f1a803e577b1177152e,6912a59f410888a7b66ed6cf,screenshot-a668798b-f1b4-4c2a-8025-259993735a05,,2025-11-12T07:13:49.520Z,670.7767900008404,340.98840680314163,0,0,,,screenshots/screen_000011.png
69142eb4410888a7b66fa988,68e48f1a803e577b1177152e,6912a59f410888a7b66ed6cf,screenshot-a668798b-f1b4-4c2a-8025-259993735a05,,2025-11-12T07:13:49.686Z,734.4515560764327,332.674115297686,0,0,,,screenshots/screen_000011.png
69142eb4410888a7b66fa988,68e48f1a803e577b1177152e,6912a59f410888a7b66ed6cf,screenshot-a668798b-f1b4-4c2a-8025-259993735a05,,2025-11-12T07:13:49.853Z,844.3269799793256,289.92281232808494,0,0,,,screenshots/screen_000011.png
69142eb4410888a7b66fa988,68e48f1a803e577b1177152e,6912a59f410888a7b66ed6cf,screenshot-a668798b-f1b4-4c2a-8025-259993735a05,,2025-11-12T07:13:50.007Z,813.7101669263516,258.68298629177866,0,0,,,screenshots/screen_000011.png
69142eb4410888a7b66fa988,68e48f1a803e577b1177152e,6912a59f410888a7b66ed6cf,screenshot-a668798b-f1b4-4c2a-8025-259993735a05,,2025-11-12T07:13:50.169Z,762.1904784864855,264.20878583466055,0,0,,,screenshots/screen_000011.png
69142eb4410888a7b66fa988,68e48f1a803e577b1177152e,6912a59f410888a7b66ed6cf,screenshot-a668798b-f1b4-4c2a-8025-259993735a05,,2025-11-12T07:13:50.319Z,738.2385601759693,283.72045360954843,0,0,,,screenshots/screen_000011.png
69142eb4410888a7b66fa988,68e48f1a803e577b1177152e,6912a59f410888a7b66ed6cf,screenshot-a668798b-f1b4-4c2a-8025-259993735a05,,2025-11-12T07:13:50.469Z,674.8500410885385,290.38567613651435,0,0,,,screenshots/screen_000011.png
69142eb4410888a7b66fa988,68e48f1a803e577b1177152e,6912a59f410888a7b66ed6cf,screenshot-a668798b-f1b4-4c2a-8025-259993735a05,,2025-11-12T07:13:50.635Z,654.9176935511408,310.94614651703836,0,0,,,screenshots/screen_000011.png
69142eb4410888a7b66fa988,68e48f1a803e577b1177152e,6912a59f410888a7b66ed6cf,screenshot-a668798b-f1b4-4c2a-8025-259993735a05,,2025-11-12T07:13:50.819Z,642.927358561124,324.4682165850921,0,0,,,screenshots/screen_000011.png
69142eb4410888a7b66fa988,68e48f1a803e577b1177152e,6912a59f410888a7b66ed6cf,screenshot-a668798b-f1b4-4c2a-8025-259993735a05,,2025-11-12T07:13:50.972Z,614.5525346891911,325.78671770248616,0,0,,,screenshots/screen_000011.png
69142eb4410888a7b66fa988,68e48f1a803e577b1177152e,6912a59f410888a7b66ed6cf,screenshot-a668798b-f1b4-4c2a-8025-259993735a05,,2025-11-12T07:13:51.078Z,641.8288787924216,320.38395690740424,0,0,,,screenshots/screen_000011.png
69142eb4410888a7b66fa988,68e48f1a803e577b1177152e,6912a59f410888a7b66ed6cf,screenshot-a668798b-f1b4-4c2a-8025-259993735a05,,2025-11-12T07:13:51.185Z,654.3254526368825,332.0125654875007,0,0,,,screenshots/screen_000011.png
69142eb4410888a7b66fa988,68e48f1a803e577b1177152e,6912a59f410888a7b66ed6cf,screenshot-a668798b-f1b4-4c2a-8025-259993735a05,,2025-11-12T07:13:51.286Z,612.6199498926633,326.019011673288,0,0,,,screenshots/screen_000011.png
69142eb4410888a7b66fa988,68e48f1a803e577b1177152e,6912a59f410888a7b66ed6cf,screenshot-a668798b-f1b4-4c2a-8025-259993735a05,,2025-11-12T07:13:51.383Z,592.1501873739422,340.4301950111903,0,0,,,screenshots/screen_000011.png
69142eb4410888a7b66fa988,68e48f1a803e577b1177152e,6912a59f410888a7b66ed6cf,screenshot-a668798b-f1b4-4c2a-8025-259993735a05,,2025-11-12T07:13:51.484Z,598.581742160601,345.87261595536415,0,0,,,screenshots/screen_000011.png
69142eb4410888a7b66fa988,68e48f1a803e577b1177152e,6912a59f410888a7b66ed6cf,screenshot-a668798b-f1b4-4c2a-8025-259993735a05,,2025-11-12T07:13:51.596Z,585.2231453393955,350.7758121942189,0,0,,,screenshots/screen_000011.png
69142eb4410888a7b66fa988,68e48f1a803e577b1177152e,6912a59f410888a7b66ed6cf,screenshot-a668798b-f1b4-4c2a-8025-259993735a05,,2025-11-12T07:13:51.699Z,609.2500564137183,359.3534732655194,0,0,,,screenshots/screen_000011.png
69142eb4410888a7b66fa988,68e48f1a803e577b1177152e,6912a59f410888a7b66ed6cf,screenshot-a668798b-f1b4-4c2a-8025-259993735a05,,2025-11-12T07:13:51.807Z,671.4780919035059,379.65430547525534,0,0,,,screenshots/screen_000011.png
69142eb4410888a7b66fa988,68e48f1a803e577b1177152e,6912a59f410888a7b66ed6cf,screenshot-a668798b-f1b4-4c2a-8025-259993735a05,,2025-11-12T07:13:51.918Z,684.2682007315218,383.6541072004972,0,0,,,screenshots/screen_000011.png
69142eb4410888a7b66fa988,68e48f1a803e577b1177152e,6912a59f410888a7b66ed6cf,screenshot-a668798b-f1b4-4c2a-8025-259993735a05,,2025-11-12T07:13:52.019Z,668.0823901009467,377.9680845237099,0,0,,,screenshots/screen_000011.png
69142eb4410888a7b66fa988,68e48f1a803e577b1177152e,6912a59f410888a7b66ed6cf,screenshot-a668798b-f1b4-4c2a-8025-259993735a05,,2025-11-12T07:13:52.125Z,614.3579993902185,348.12305164433275,0,0,,,screenshots/screen_000011.png
69142eb4410888a7b66fa988,68e48f1a803e577b1177152e,6912a59f410888a7b66ed6cf,screenshot-a668798b-f1b4-4c2a-8025-259993735a05,,2025-11-12T07:13:52.238Z,633.049188342445,351.8546735648001,0,0,,,screenshots/screen_000011.png
69142eb4410888a7b66fa988,68e48f1a803e577b1177152e,6912a59f410888a7b66ed6cf,screenshot-a668798b-f1b4-4c2a-8025-259993735a05,,2025-11-12T07:13:52.363Z,608.8153768760275,389.9402418732709,0,0,,,screenshots/screen_000011.png
69142eb4410888a7b66fa988,68e48f1a803e577b1177152e,6912a59f410888a7b66ed6cf,screenshot-a668798b-f1b4-4c2a-8025-259993735a05,,2025-11-12T07:13:52.465Z,774.8870466025298,395.90619722963373,0,0,,,screenshots/screen_000011.png
69142eb4410888a7b66fa988,68e48f1a803e577b1177152e,6912a59f410888a7b66ed6cf,screenshot-a668798b-f1b4-4c2a-8025-259993735a05,,2025-11-12T07:13:52.555Z,775.7129725210252,413.4403779508296,0,0,,,screenshots/screen_000011.png
69142eb4410888a7b66fa988,68e48f1a803e577b1177152e,6912a59f410888a7b66ed6cf,screenshot-a668798b-f1b4-4c2a-8025-259993735a05,,2025-11-12T07:13:52.661Z,760.6476964545077,428.2389296264073,0,0,,,screenshots/screen_000011.png
69142eb4410888a7b66fa988,68e48f1a803e577b1177152e,6912a59f410888a7b66ed6cf,screenshot-a668798b-f1b4-4c2a-8025-259993735a05,,2025-11-12T07:13:52.756Z,724.8360891493959,433.44397622250017,0,0,,,screenshots/screen_000011.png
69142eb4410888a7b66fa988,68e48f1a803e577b1177152e,6912a59f410888a7b66ed6cf,screenshot-a668798b-f1b4-4c2a-8025-259993735a05,,2025-11-12T07:13:52.854Z,671.6949581134683,428.0137294532563,0,0,,,screenshots/screen_000011.png
69142eb4410888a7b66fa988,68e48f1a803e577b1177152e,6912a59f410888a7b66ed6cf,screenshot-a668798b-f1b4-4c2a-8025-259993735a05,,2025-11-12T07:13:52.957Z,626.9025092176141,448.40903318940326,0,0,,,screenshots/screen_000011.png
69142eb4410888a7b66fa988,68e48f1a803e577b1177152e,6912a59f410888a7b66ed6cf,screenshot-a668798b-f1b4-4c2a-8025-259993735a05,,2025-11-12T07:13:53.089Z,629.9898961287472,427.9099418495515,0,0,,,screenshots/screen_000011.png
69142eb4410888a7b66fa988,68e48f1a803e577b1177152e,6912a59f410888a7b66ed6cf,screenshot-a668798b-f1b4-4c2a-8025-259993735a05,,2025-11-12T07:13:53.190Z,651.1924690103102,408.2606485117582,0,0,,,screenshots/screen_000011.png
69142eb4410888a7b66fa988,68e48f1a803e577b1177152e,6912a59f410888a7b66ed6cf,screenshot-a668798b-f1b4-4c2a-8025-259993735a05,,2025-11-12T07:13:53.292Z,597.8119314384428,399.7649430015401,0,0,,,screenshots/screen_000011.png
69142eb4410888a7b66fa988,68e48f1a803e577b1177152e,6912a59f410888a7b66ed6cf,screenshot-a668798b-f1b4-4c2a-8025-259993735a05,,2025-11-12T07:13:53.385Z,553.0437509677665,396.96062284948175,0,0,,,screenshots/screen_000011.png
69142eb4410888a7b66fa988,68e48f1a803e577b1177152e,6912a59f410888a7b66ed6cf,screenshot-a668798b-f1b4-4c2a-8025-259993735a05,,2025-11-12T07:13:53.502Z,540.788348112392,368.5210163501863,0,0,,,screenshots/screen_000011.png
69142eb4410888a7b66fa988,68e48f1a803e577b1177152e,6912a59f410888a7b66ed6cf,screenshot-a668798b-f1b4-4c2a-8025-259993735a05,,2025-11-12T07:13:53.597Z,532.4069558426157,301.83061824799535,0,0,,,screenshots/screen_000011.png
69142eb4410888a7b66fa988,68e48f1a803e577b1177152e,6912a59f410888a7b66ed6cf,screenshot-a668798b-f1b4-4c2a-8025-259993735a05,,2025-11-12T07:13:53.702Z,701.5672772067337,345.20107481716263,0,0,,,screenshots/screen_000011.png
69142eb4410888a7b66fa988,68e48f1a803e577b1177152e,6912a59f410888a7b66ed6cf,screenshot-a668798b-f1b4-4c2a-8025-259993735a05,,2025-11-12T07:13:53.805Z,829.9491899966002,396.01336323335033,0,0,,,screenshots/screen_000011.png
69142eb4410888a7b66fa988,68e48f1a803e577b1177152e,6912a59f410888a7b66ed6cf,screenshot-a668798b-f1b4-4c2a-8025-259993735a05,,2025-11-12T07:13:53.905Z,854.0826086094307,462.89945048951904,0,0,,,screenshots/screen_000011.png
69142eb4410888a7b66fa988,68e48f1a803e577b1177152e,6912a59f410888a7b66ed6cf,screenshot-a668798b-f1b4-4c2a-8025-259993735a05,,2025-11-12T07:13:54.004Z,921.394846613241,518.6721038498843,0,0,,,screenshots/screen_000011.png
69142eb4410888a7b66fa988,68e48f1a803e577b1177152e,6912a59f410888a7b66ed6cf,screenshot-a668798b-f1b4-4c2a-8025-259993735a05,,2025-11-12T07:13:54.099Z,1049.3437537507589,508.94809596260325,0,0,,,screenshots/screen_000011.png
69142eb4410888a7b66fa988,68e48f1a803e577b1177152e,6912a59f410888a7b66ed6cf,screenshot-a668798b-f1b4-4c2a-8025-259993735a05,,2025-11-12T07:13:54.191Z,1037.4057031540572,509.02993998525346,0,0,,,screenshots/screen_000011.png
69142eb4410888a7b66fa988,68e48f1a803e577b1177152e,6912a59f410888a7b66ed6cf,screenshot-a668798b-f1b4-4c2a-8025-259993735a05,,2025-11-12T07:13:54.296Z,943.9867669164073,507.9876661626804,0,0,,,screenshots/screen_000011.png
69142eb4410888a7b66fa988,68e48f1a803e577b1177152e,6912a59f410888a7b66ed6cf,screenshot-a668798b-f1b4-4c2a-8025-259993735a05,,2025-11-12T07:13:54.409Z,904.5703229622094,476.6609716715776,0,0,,,screenshots/screen_000011.png
69142eb4410888a7b66fa988,68e48f1a803e577b1177152e,6912a59f410888a7b66ed6cf,screenshot-a668798b-f1b4-4c2a-8025-259993735a05,,2025-11-12T07:13:54.510Z,911.7519866905061,433.42815392448836,0,0,,,screenshots/screen_000011.png
69142eb4410888a7b66fa988,68e48f1a803e577b1177152e,6912a59f410888a7b66ed6cf,screenshot-a668798b-f1b4-4c2a-8025-259993735a05,,2025-11-12T07:13:54.616Z,780.2683997792806,389.41742863756764,0,0,,,screenshots/screen_000011.png
69142eb4410888a7b66fa988,68e48f1a803e577b1177152e,6912a59f410888a7b66ed6cf,screenshot-a668798b-f1b4-4c2a-8025-259993735a05,,2025-11-12T07:13:54.719Z,689.0569027944349,382.9731014933844,0,0,,,screenshots/screen_000011.png
69142eb4410888a7b66fa988,68e48f1a803e577b1177152e,6912a59f410888a7b66ed6cf,screenshot-a668798b-f1b4-4c2a-8025-259993735a05,,2025-11-12T07:13:54.823Z,604.121524037937,384.55326581423105,0,0,,,screenshots/screen_000011.png
69142eb4410888a7b66fa988,68e48f1a803e577b1177152e,6912a59f410888a7b66ed6cf,screenshot-a668798b-f1b4-4c2a-8025-259993735a05,,2025-11-12T07:13:54.926Z,556.7617270487756,382.9610323829904,0,0,,,screenshots/screen_000011.png
69142eb4410888a7b66fa988,68e48f1a803e577b1177152e,6912a59f410888a7b66ed6cf,screenshot-a668798b-f1b4-4c2a-8025-259993735a05,,2025-11-12T07:13:55.032Z,499.7274252347271,383.7298373061867,0,0,,,screenshots/screen_000011.png
69142eb4410888a7b66fa988,68e48f1a803e577b1177152e,6912a59f410888a7b66ed6cf,screenshot-a668798b-f1b4-4c2a-8025-259993735a05,,2025-11-12T07:13:55.133Z,540.1955149695904,379.60454258287535,0,0,,,screenshots/screen_000011.png
69142eb4410888a7b66fa988,68e48f1a803e577b1177152e,6912a59f410888a7b66ed6cf,screenshot-a668798b-f1b4-4c2a-8025-259993735a05,,2025-11-12T07:13:55.234Z,619.4304689236968,395.2760979501473,0,0,,,screenshots/screen_000011.png
69142eb4410888a7b66fa988,68e48f1a803e577b1177152e,6912a59f410888a7b66ed6cf,screenshot-a668798b-f1b4-4c2a-8025-259993735a05,,2025-11-12T07:13:55.330Z,667.7361656879343,426.18563155194715,0,0,,,screenshots/screen_000011.png
69142eb4410888a7b66fa988,68e48f1a803e577b1177152e,6912a59f410888a7b66ed6cf,screenshot-a668798b-f1b4-4c2a-8025-259993735a05,,2025-11-12T07:13:55.427Z,748.6844424449614,466.03190708851685,0,0,,,screenshots/screen_000011.png
69142eb4410888a7b66fa988,68e48f1a803e577b1177152e,6912a59f410888a7b66ed6cf,screenshot-a668798b-f1b4-4c2a-8025-259993735a05,,2025-11-12T07:13:55.533Z,833.6191488096904,490.14779958041044,0,0,,,screenshots/screen_000011.png
69142eb4410888a7b66fa988,68e48f1a803e577b1177152e,6912a59f410888a7b66ed6cf,screenshot-a668798b-f1b4-4c2a-8025-259993735a05,,2025-11-12T07:13:55.629Z,934.4198225232892,512.3071949439643,0,0,,,screenshots/screen_000011.png
69142eb4410888a7b66fa988,68e48f1a803e577b1177152e,6912a59f410888a7b66ed6cf,screenshot-a668798b-f1b4-4c2a-8025-259993735a05,,2025-11-12T07:13:55.731Z,946.1689143683193,528.0908941044115,0,0,,,screenshots/screen_000011.png
69142eb4410888a7b66fa988,68e48f1a803e577b1177152e,6912a59f410888a7b66ed6cf,screenshot-a668798b-f1b4-4c2a-8025-259993735a05,,2025-11-12T07:13:55.832Z,855.7623065813606,546.1163869532779,0,0,,,screenshots/screen_000011.png
69142eb4410888a7b66fa988,68e48f1a803e577b1177152e,6912a59f410888a7b66ed6cf,screenshot-a668798b-f1b4-4c2a-8025-259993735a05,,2025-11-12T07:13:55.935Z,802.9536254214413,567.56445140809,0,0,,,screenshots/screen_000011.png
69142eb4410888a7b66fa988,68e48f1a803e577b1177152e,6912a59f410888a7b66ed6cf,screenshot-a668798b-f1b4-4c2a-8025-259993735a05,,2025-11-12T07:13:56.035Z,712.7056480846366,609.6360166485922,0,0,,,screenshots/screen_000011.png
69142eb4410888a7b66fa988,68e48f1a803e577b1177152e,6912a59f410888a7b66ed6cf,screenshot-a668798b-f1b4-4c2a-8025-259993735a05,,2025-11-12T07:13:56.132Z,588.3332193030745,632.9921087144654,0,0,,,screenshots/screen_000011.png
69142eb4410888a7b66fa988,68e48f1a803e577b1177152e,6912a59f410888a7b66ed6cf,screenshot-a668798b-f1b4-4c2a-8025-259993735a05,,2025-11-12T07:13:56.236Z,528.127535138917,651.4963847653144,0,0,,,screenshots/screen_000011.png
69142eb4410888a7b66fa988,68e48f1a803e577b1177152e,6912a59f410888a7b66ed6cf,screenshot-a668798b-f1b4-4c2a-8025-259993735a05,,2025-11-12T07:13:56.338Z,622.2643221201921,669.4683788746246,0,0,,,screenshots/screen_000011.png
69142eb4410888a7b66fa988,68e48f1a803e577b1177152e,6912a59f410888a7b66ed6cf,screenshot-a668798b-f1b4-4c2a-8025-259993735a05,,2025-11-12T07:13:56.436Z,705.2353374836401,649.0585440489073,0,0,,,screenshots/screen_000011.png
69142eb4410888a7b66fa988,68e48f1a803e577b1177152e,6912a59f410888a7b66ed6cf,screenshot-a668798b-f1b4-4c2a-8025-259993735a05,,2025-11-12T07:13:56.541Z,800.6344818700564,632.4282492690448,0,0,,,screenshots/screen_000011.png
69142eb4410888a7b66fa988,68e48f1a803e577b1177152e,6912a59f410888a7b66ed6cf,screenshot-a668798b-f1b4-4c2a-8025-259993735a05,,2025-11-12T07:13:56.635Z,888.4665995543173,635.910407600475,0,0,,,screenshots/screen_000011.png
69142eb4410888a7b66fa988,68e48f1a803e577b1177152e,6912a59f410888a7b66ed6cf,screenshot-a668798b-f1b4-4c2a-8025-259993735a05,,2025-11-12T07:13:56.733Z,800.4949159862052,626.897733904539,0,0,,,screenshots/screen_000011.png
69142eb4410888a7b66fa988,68e48f1a803e577b1177152e,6912a59f410888a7b66ed6cf,screenshot-a668798b-f1b4-4c2a-8025-259993735a05,,2025-11-12T07:13:56.839Z,710.7664428888066,629.5998098823129,0,0,,,screenshots/screen_000011.png
69142eb4410888a7b66fa988,68e48f1a803e577b1177152e,6912a59f410888a7b66ed6cf,screenshot-a668798b-f1b4-4c2a-8025-259993735a05,,2025-11-12T07:13:56.945Z,627.2320622229673,624.7503145281834,0,0,,,screenshots/screen_000011.png
69142eb4410888a7b66fa988,68e48f1a803e577b1177152e,6912a59f410888a7b66ed6cf,screenshot-a668798b-f1b4-4c2a-8025-259993735a05,,2025-11-12T07:13:57.080Z,569.2127356336435,631.8479156268062,0,0,,,screenshots/screen_000011.png
69142eb4410888a7b66fa988,68e48f1a803e577b1177152e,6912a59f410888a7b66ed6cf,screenshot-a668798b-f1b4-4c2a-8025-259993735a05,,2025-11-12T07:13:57.180Z,504.87939309750374,566.3006511327621,0,0,,,screenshots/screen_000011.png
69142eb4410888a7b66fa988,68e48f1a803e577b1177152e,6912a59f410888a7b66ed6cf,screenshot-a668798b-f1b4-4c2a-8025-259993735a05,,2025-11-12T07:13:57.287Z,512.282282671106,503.58564498047394,0,0,,,screenshots/screen_000011.png
69142eb4410888a7b66fa988,68e48f1a803e577b1177152e,6912a59f410888a7b66ed6cf,screenshot-a668798b-f1b4-4c2a-8025-259993735a05,,2025-11-12T07:13:57.394Z,502.8315460693915,455.7106261947654,0,0,,,screenshots/screen_000011.png
69142eb4410888a7b66fa988,68e48f1a803e577b1177152e,6912a59f410888a7b66ed6cf,screenshot-a668798b-f1b4-4c2a-8025-259993735a05,,2025-11-12T07:13:57.534Z,534.6907468815717,420.355512984147,0,0,,,screenshots/screen_000011.png
69142eb4410888a7b66fa988,68e48f1a803e577b1177152e,6912a59f410888a7b66ed6cf,screenshot-a668798b-f1b4-4c2a-8025-259993735a05,,2025-11-12T07:13:57.654Z,516.0903955202186,368.7183407838354,0,0,,,screenshots/screen_000011.png
69142eb4410888a7b66fa988,68e48f1a803e577b1177152e,6912a59f410888a7b66ed6cf,screenshot-a668798b-f1b4-4c2a-8025-259993735a05,,2025-11-12T07:13:57.746Z,546.5946570181717,333.3372941095025,0,0,,,screenshots/screen_000011.png
69142eb4410888a7b66fa988,68e48f1a803e577b1177152e,6912a59f410888a7b66ed6cf,screenshot-a668798b-f1b4-4c2a-8025-259993735a05,,2025-11-12T07:13:57.837Z,736.4350366179748,361.47611920733095,0,0,,,screenshots/screen_000011.png
69142eb4410888a7b66fa988,68e48f1a803e577b1177152e,6912a59f410888a7b66ed6cf,screenshot-a668798b-f1b4-4c2a-8025-259993735a05,,2025-11-12T07:13:57.939Z,859.6900383573206,395.8614272450455,0,0,,,screenshots/screen_000011.png
69142eb4410888a7b66fa988,68e48f1a803e577b1177152e,6912a59f410888a7b66ed6cf,screenshot-a668798b-f1b4-4c2a-8025-259993735a05,,2025-11-12T07:13:58.045Z,960.1616222627673,434.6052778551526,0,0,,,screenshots/screen_000011.png
69142eb4410888a7b66fa988,68e48f1a803e577b1177152e,6912a59f410888a7b66ed6cf,screenshot-a668798b-f1b4-4c2a-8025-259993735a05,,2025-11-12T07:13:58.140Z,965.4847762399294,463.57824154899595,0,0,,,screenshots/screen_000011.png
69142eb4410888a7b66fa988,68e48f1a803e577b1177152e,6912a59f410888a7b66ed6cf,screenshot-a668798b-f1b4-4c2a-8025-259993735a05,,2025-11-12T07:13:58.246Z,1019.7209716307751,464.55235528260687,0,0,,,screenshots/screen_000011.png
69142eb4410888a7b66fa988,68e48f1a803e577b1177152e,6912a59f410888a7b66ed6cf,screenshot-a668798b-f1b4-4c2a-8025-259993735a05,,2025-11-12T07:13:58.343Z,1073.0569327766257,501.8913297404895,0,0,,,screenshots/screen_000011.png
69142eb4410888a7b66fa988,68e48f1a803e577b1177152e,6912a59f410888a7b66ed6cf,screenshot-a668798b-f1b4-4c2a-8025-259993735a05,,2025-11-12T07:13:58.443Z,1058.919373972819,531.1490674914877,0,0,,,screenshots/screen_000011.png
69142eb4410888a7b66fa988,68e48f1a803e577b1177152e,6912a59f410888a7b66ed6cf,screenshot-a668798b-f1b4-4c2a-8025-259993735a05,,2025-11-12T07:13:58.548Z,1117.5846424595652,568.8896771080726,0,0,,,screenshots/screen_000011.png
69142eb4410888a7b66fa988,68e48f1a803e577b1177152e,6912a59f410888a7b66ed6cf,screenshot-a668798b-f1b4-4c2a-8025-259993735a05,,2025-11-12T07:13:58.684Z,1128.940389582889,601.6804221680857,0,0,,,screenshots/screen_000011.png
69142eb4410888a7b66fa988,68e48f1a803e577b1177152e,6912a59f410888a7b66ed6cf,screenshot-a668798b-f1b4-4c2a-8025-259993735a05,,2025-11-12T07:13:58.784Z,1144.9657907097708,636.5995298687733,0,0,,,screenshots/screen_000011.png
69142eb4410888a7b66fa988,68e48f1a803e577b1177152e,6912a59f410888a7b66ed6cf,screenshot-a668798b-f1b4-4c2a-8025-259993735a05,,2025-11-12T07:13:58.880Z,1167.784036552845,657.0485771664705,0,0,,,screenshots/screen_000011.png
69142eb4410888a7b66fa988,68e48f1a803e577b1177152e,6912a59f410888a7b66ed6cf,screenshot-a668798b-f1b4-4c2a-8025-259993735a05,,2025-11-12T07:13:58.980Z,1113.7272750717264,669.0821915835718,0,0,,,screenshots/screen_000011.png
69142eb4410888a7b66fa988,68e48f1a803e577b1177152e,6912a59f410888a7b66ed6cf,screenshot-a668798b-f1b4-4c2a-8025-259993735a05,,2025-11-12T07:13:59.082Z,1113.8233595376328,678.1380074836084,0,0,,,screenshots/screen_000011.png
69142eb4410888a7b66fa988,68e48f1a803e577b1177152e,6912a59f410888a7b66ed6cf,screenshot-a668798b-f1b4-4c2a-8025-259993735a05,,2025-11-12T07:13:59.183Z,1127.3614951651625,695.5257997368985,0,0,,,screenshots/screen_000011.png
69142eb4410888a7b66fa988,68e48f1a803e577b1177152e,6912a59f410888a7b66ed6cf,screenshot-a668798b-f1b4-4c2a-8025-259993735a05,,2025-11-12T07:13:59.297Z,1117.5539981823285,661.7942318790806,0,0,,,screenshots/screen_000011.png
69142eb4410888a7b66fa988,68e48f1a803e577b1177152e,6912a59f410888a7b66ed6cf,screenshot-a668798b-f1b4-4c2a-8025-259993735a05,,2025-11-12T07:13:59.405Z,1040.0313059990485,581.987500930933,0,0,,,screenshots/screen_000011.png
69142eb4410888a7b66fa988,68e48f1a803e577b1177152e,6912a59f410888a7b66ed6cf,screenshot-a668798b-f1b4-4c2a-8025-259993735a05,,2025-11-12T07:13:59.511Z,949.5951446147009,530.6168907560518,0,0,,,screenshots/screen_000011.png
69142eb4410888a7b66fa988,68e48f1a803e577b1177152e,6912a59f410888a7b66ed6cf,screenshot-a668798b-f1b4-4c2a-8025-259993735a05,,2025-11-12T07:13:59.622Z,888.4177456278414,460.4378313175794,0,0,,,screenshots/screen_000011.png
69142eb4410888a7b66fa988,68e48f1a803e577b1177152e,6912a59f410888a7b66ed6cf,screenshot-a668798b-f1b4-4c2a-8025-259993735a05,,2025-11-12T07:13:59.718Z,783.9851011676144,427.41748170336786,0,0,,,screenshots/screen_000011.png
69142eb4410888a7b66fa988,68e48f1a803e577b1177152e,6912a59f410888a7b66ed6cf,screenshot-a668798b-f1b4-4c2a-8025-259993735a05,,2025-11-12T07:13:59.817Z,764.2090710356013,380.91969791178275,0,0,,,screenshots/screen_000011.png
69142eb4410888a7b66fa988,68e48f1a803e577b1177152e,6912a59f410888a7b66ed6cf,screenshot-a668798b-f1b4-4c2a-8025-259993735a05,,2025-11-12T07:13:59.912Z,668.3376086705127,368.98584205966387,0,0,,,screenshots/screen_000011.png
69142eb4410888a7b66fa988,68e48f1a803e577b1177152e,6912a59f410888a7b66ed6cf,screenshot-a668798b-f1b4-4c2a-8025-259993735a05,,2025-11-12T07:14:00.017Z,592.8456827386759,350.72913889381243,0,0,,,screenshots/screen_000011.png
69142eb4410888a7b66fa988,68e48f1a803e577b1177152e,6912a59f410888a7b66ed6cf,screenshot-a668798b-f1b4-4c2a-8025-259993735a05,,2025-11-12T07:14:00.114Z,591.7575806909207,326.07824136159104,0,0,,,screenshots/screen_000011.png
69142eb4410888a7b66fa988,68e48f1a803e577b1177152e,6912a59f410888a7b66ed6cf,screenshot-a668798b-f1b4-4c2a-8025-259993735a05,,2025-11-12T07:14:00.215Z,598.471732640001,294.85327233203395,0,0,,,screenshots/screen_000011.png
69142eb4410888a7b66fa988,68e48f1a803e577b1177152e,6912a59f410888a7b66ed6cf,screenshot-a668798b-f1b4-4c2a-8025-259993735a05,,2025-11-12T07:14:00.818Z,568.113539287045,294.4503351662677,0,0,,,screenshots/screen_000011.png
69142eb4410888a7b66fa988,68e48f1a803e577b1177152e,6912a59f410888a7b66ed6cf,screenshot-a668798b-f1b4-4c2a-8025-259993735a05,,2025-11-12T07:14:01.014Z,718.7529146338944,320.64717770328207,0,0,,,screenshots/screen_000011.png
69142eb4410888a7b66fa988,68e48f1a803e577b1177152e,6912a59f410888a7b66ed6cf,screenshot-a668798b-f1b4-4c2a-8025-259993735a05,,2025-11-12T07:14:01.676Z,880.826433884085,375.33172877992905,0,0,,,screenshots/screen_000011.png
69142eb4410888a7b66fa988,68e48f1a803e577b1177152e,6912a59f410888a7b66ed6cf,screenshot-a668798b-f1b4-4c2a-8025-259993735a05,,2025-11-12T07:14:01.897Z,936.4496070780108,402.92529309366716,0,0,,,screenshots/screen_000011.png
69142eb4410888a7b66fa988,68e48f1a803e577b1177152e,6912a59f410888a7b66ed6cf,screenshot-529a423f-0cfc-4f48-aee9-99642e05d9ed,,2025-11-12T07:14:03.068Z,604.272857280973,358.82818954718164,0,0,,,screenshots/screen_000012.png
69142eb4410888a7b66fa988,68e48f1a803e577b1177152e,6912a59f410888a7b66ed6cf,screenshot-529a423f-0cfc-4f48-aee9-99642e05d9ed,,2025-11-12T07:14:03.175Z,668.6913417289951,404.9719248426979,0,0,,,screenshots/screen_000012.png
69142eb4410888a7b66fa988,68e48f1a803e577b1177152e,6912a59f410888a7b66ed6cf,screenshot-529a423f-0cfc-4f48-aee9-99642e05d9ed,,2025-11-12T07:14:03.303Z,749.4011803107721,481.5553824072536,0,0,,,screenshots/screen_000012.png
69142eb4410888a7b66fa988,68e48f1a803e577b1177152e,6912a59f410888a7b66ed6cf,screenshot-529a423f-0cfc-4f48-aee9-99642e05d9ed,,2025-11-12T07:14:03.402Z,848.9070286635364,527.4566171374045,0,0,,,screenshots/screen_000012.png
69142eb4410888a7b66fa988,68e48f1a803e577b1177152e,6912a59f410888a7b66ed6cf,screenshot-529a423f-0cfc-4f48-aee9-99642e05d9ed,,2025-11-12T07:14:03.501Z,912.2078916643821,568.3195508571283,0,0,,,screenshots/screen_000012.png
69142eb4410888a7b66fa988,68e48f1a803e577b1177152e,6912a59f410888a7b66ed6cf,screenshot-529a423f-0cfc-4f48-aee9-99642e05d9ed,,2025-11-12T07:14:03.599Z,998.9667270312244,596.0229282102711,0,0,,,screenshots/screen_000012.png
69142eb4410888a7b66fa988,68e48f1a803e577b1177152e,6912a59f410888a7b66ed6cf,screenshot-529a423f-0cfc-4f48-aee9-99642e05d9ed,,2025-11-12T07:14:03.699Z,1024.6455286976945,642.036395563057,0,0,,,screenshots/screen_000012.png
69142eb4410888a7b66fa988,68e48f1a803e577b1177152e,6912a59f410888a7b66ed6cf,screenshot-529a423f-0cfc-4f48-aee9-99642e05d9ed,,2025-11-12T07:14:03.799Z,1103.6964772812998,643.0900357883452,0,0,,,screenshots/screen_000012.png
69142eb4410888a7b66fa988,68e48f1a803e577b1177152e,6912a59f410888a7b66ed6cf,screenshot-529a423f-0cfc-4f48-aee9-99642e05d9ed,,2025-11-12T07:14:03.893Z,1083.8584351089962,653.7164443683197,0,0,,,screenshots/screen_000012.png
69142eb4410888a7b66fa988,68e48f1a803e577b1177152e,6912a59f410888a7b66ed6cf,screenshot-529a423f-0cfc-4f48-aee9-99642e05d9ed,,2025-11-12T07:14:04.000Z,1037.3390449878952,665.6027041115985,0,0,,,screenshots/screen_000012.png
69142eb4410888a7b66fa988,68e48f1a803e577b1177152e,6912a59f410888a7b66ed6cf,screenshot-529a423f-0cfc-4f48-aee9-99642e05d9ed,,2025-11-12T07:14:04.100Z,973.1259740575931,663.0766985185961,0,0,,,screenshots/screen_000012.png
69142eb4410888a7b66fa988,68e48f1a803e577b1177152e,6912a59f410888a7b66ed6cf,screenshot-529a423f-0cfc-4f48-aee9-99642e05d9ed,,2025-11-12T07:14:04.201Z,933.6982281912248,640.0896690812973,0,0,,,screenshots/screen_000012.png
69142eb4410888a7b66fa988,68e48f1a803e577b1177152e,6912a59f410888a7b66ed6cf,screenshot-529a423f-0cfc-4f48-aee9-99642e05d9ed,,2025-11-12T07:14:04.885Z,913.6461924878502,635.1652417712972,0,0,,,screenshots/screen_000012.png
69142eb4410888a7b66fa988,68e48f1a803e577b1177152e,6912a59f410888a7b66ed6cf,screenshot-529a423f-0cfc-4f48-aee9-99642e05d9ed,,2025-11-12T07:14:05.507Z,1012.6848783469816,613.813941391408,0,0,,,screenshots/screen_000012.png
69142eb4410888a7b66fa988,68e48f1a803e577b1177152e,6912a59f410888a7b66ed6cf,screenshot-529a423f-0cfc-4f48-aee9-99642e05d9ed,,2025-11-12T07:14:05.692Z,997.6544336851648,630.5855463200751,0,0,,,screenshots/screen_000012.png
69142eb4410888a7b66fa988,68e48f1a803e577b1177152e,6912a59f410888a7b66ed6cf,screenshot-529a423f-0cfc-4f48-aee9-99642e05d9ed,,2025-11-12T07:14:05.823Z,1038.8868981180137,626.6134028797408,0,0,,,screenshots/screen_000012.png
69142eb4410888a7b66fa988,68e48f1a803e577b1177152e,6912a59f410888a7b66ed6cf,screenshot-529a423f-0cfc-4f48-aee9-99642e05d9ed,,2025-11-12T07:14:06.005Z,1069.5364005475067,627.5592681109162,0,0,,,screenshots/screen_000012.png
69142eb4410888a7b66fa988,68e48f1a803e577b1177152e,6912a59f410888a7b66ed6cf,screenshot-529a423f-0cfc-4f48-aee9-99642e05d9ed,,2025-11-12T07:14:06.141Z,1153.4571595024934,632.3280602271494,0,0,,,screenshots/screen_000012.png
69142eb4410888a7b66fa988,68e48f1a803e577b1177152e,6912a59f410888a7b66ed6cf,screenshot-529a423f-0cfc-4f48-aee9-99642e05d9ed,,2025-11-12T07:14:06.268Z,1171.4053567743488,627.8411108504856,0,0,,,screenshots/screen_000012.png
69142eb4410888a7b66fa988,68e48f1a803e577b1177152e,6912a59f410888a7b66ed6cf,screenshot-529a423f-0cfc-4f48-aee9-99642e05d9ed,,2025-11-12T07:14:06.380Z,1147.8322479808471,641.1192865224355,0,0,,,screenshots/screen_000012.png
69142eb4410888a7b66fa988,68e48f1a803e577b1177152e,6912a59f410888a7b66ed6cf,screenshot-529a423f-0cfc-4f48-aee9-99642e05d9ed,,2025-11-12T07:14:06.513Z,1170.2447816800427,646.6102266826565,0,0,,,screenshots/screen_000012.png
69142eb4410888a7b66fa988,68e48f1a803e577b1177152e,6912a59f410888a7b66ed6cf,screenshot-529a423f-0cfc-4f48-aee9-99642e05d9ed,,2025-11-12T07:14:06.612Z,1166.6205032450175,656.032919384572,0,0,,,screenshots/screen_000012.png
69142eb4410888a7b66fa988,68e48f1a803e577b1177152e,6912a59f410888a7b66ed6cf,screenshot-529a423f-0cfc-4f48-aee9-99642e05d9ed,,2025-11-12T07:14:06.724Z,1166.1740162716067,652.812220321289,0,0,,,screenshots/screen_000012.png
69142eb4410888a7b66fa988,68e48f1a803e577b1177152e,6912a59f410888a7b66ed6cf,screenshot-529a423f-0cfc-4f48-aee9-99642e05d9ed,,2025-11-12T07:14:06.842Z,1197.3328865502826,649.7524340988323,0,0,,,screenshots/screen_000012.png
69142eb4410888a7b66fa988,68e48f1a803e577b1177152e,6912a59f410888a7b66ed6cf,screenshot-529a423f-0cfc-4f48-aee9-99642e05d9ed,,2025-11-12T07:14:06.969Z,1247.2484051928577,667.3870115934358,0,0,,,screenshots/screen_000012.png
69142eb4410888a7b66fa988,68e48f1a803e577b1177152e,6912a59f410888a7b66ed6cf,screenshot-a70aea05-e293-4043-9d56-26ea21fd6b01,,2025-11-12T07:14:07.209Z,1239.8932716811487,660.8569819685974,0,0,,,screenshots/screen_000013.png
69142eb4410888a7b66fa988,68e48f1a803e577b1177152e,6912a59f410888a7b66ed6cf,screenshot-a70aea05-e293-4043-9d56-26ea21fd6b01,,2025-11-12T07:14:07.311Z,1188.6229527007272,633.1361230234332,0,0,,,screenshots/screen_000013.png
69142eb4410888a7b66fa988,68e48f1a803e577b1177152e,6912a59f410888a7b66ed6cf,screenshot-a70aea05-e293-4043-9d56-26ea21fd6b01,,2025-11-12T07:14:07.417Z,1106.0669744736422,632.0665262617742,0,0,,,screenshots/screen_000013.png
69142eb4410888a7b66fa988,68e48f1a803e577b1177152e,6912a59f410888a7b66ed6cf,screenshot-a70aea05-e293-4043-9d56-26ea21fd6b01,,2025-11-12T07:14:07.544Z,1096.1654490658468,632.7017666516927,0,0,,,screenshots/screen_000013.png
69142eb4410888a7b66fa988,68e48f1a803e577b1177152e,6912a59f410888a7b66ed6cf,screenshot-a70aea05-e293-4043-9d56-26ea21fd6b01,,2025-11-12T07:14:07.648Z,1047.9402640353333,648.378408491245,0,0,,,screenshots/screen_000013.png
69142eb4410888a7b66fa988,68e48f1a803e577b1177152e,6912a59f410888a7b66ed6cf,screenshot-a70aea05-e293-4043-9d56-26ea21fd6b01,,2025-11-12T07:14:07.747Z,1101.6776662556317,640.4175209869946,0,0,,,screenshots/screen_000013.png
69142eb4410888a7b66fa988,68e48f1a803e577b1177152e,6912a59f410888a7b66ed6cf,screenshot-a70aea05-e293-4043-9d56-26ea21fd6b01,,2025-11-12T07:14:07.849Z,1137.7979574285675,658.1351160639446,0,0,,,screenshots/screen_000013.png
69142eb4410888a7b66fa988,68e48f1a803e577b1177152e,6912a59f410888a7b66ed6cf,screenshot-a70aea05-e293-4043-9d56-26ea21fd6b01,,2025-11-12T07:14:07.951Z,1105.9543689411046,648.3674754042081,0,0,,,screenshots/screen_000013.png
69142eb4410888a7b66fa988,68e48f1a803e577b1177152e,6912a59f410888a7b66ed6cf,screenshot-a70aea05-e293-4043-9d56-26ea21fd6b01,,2025-11-12T07:14:08.051Z,1130.5432107512158,678.2679787257996,0,0,,,screenshots/screen_000013.png
69142eb4410888a7b66fa988,68e48f1a803e577b1177152e,6912a59f410888a7b66ed6cf,screenshot-a70aea05-e293-4043-9d56-26ea21fd6b01,,2025-11-12T07:14:08.149Z,1119.3915528109437,672.4762203353312,0,0,,,screenshots/screen_000013.png
69142eb4410888a7b66fa988,68e48f1a803e577b1177152e,6912a59f410888a7b66ed6cf,screenshot-a70aea05-e293-4043-9d56-26ea21fd6b01,,2025-11-12T07:14:08.242Z,1102.768548611624,703.1106973580515,0,0,,,screenshots/screen_000013.png
69142eb4410888a7b66fa988,68e48f1a803e577b1177152e,6912a59f410888a7b66ed6cf,screenshot-a70aea05-e293-4043-9d56-26ea21fd6b01,,2025-11-12T07:14:08.344Z,1070.7024090006078,683.4960178174368,0,0,,,screenshots/screen_000013.png
69142eb4410888a7b66fa988,68e48f1a803e577b1177152e,6912a59f410888a7b66ed6cf,screenshot-a70aea05-e293-4043-9d56-26ea21fd6b01,,2025-11-12T07:14:08.439Z,1049.8500358711701,698.9607660843711,0,0,,,screenshots/screen_000013.png
69142eb4410888a7b66fa988,68e48f1a803e577b1177152e,6912a59f410888a7b66ed6cf,screenshot-a70aea05-e293-4043-9d56-26ea21fd6b01,,2025-11-12T07:14:08.571Z,1060.476071399877,690.265496887143,0,0,,,screenshots/screen_000013.png
69142eb4410888a7b66fa988,68e48f1a803e577b1177152e,6912a59f410888a7b66ed6cf,screenshot-a70aea05-e293-4043-9d56-26ea21fd6b01,,2025-11-12T07:14:08.699Z,1039.7171310731105,601.6780421532183,0,0,,,screenshots/screen_000013.png
69142eb4410888a7b66fa988,68e48f1a803e577b1177152e,6912a59f410888a7b66ed6cf,screenshot-a70aea05-e293-4043-9d56-26ea21fd6b01,,2025-11-12T07:14:08.811Z,892.2157344574036,510.32042820445065,0,0,,,screenshots/screen_000013.png
69142eb4410888a7b66fa988,68e48f1a803e577b1177152e,6912a59f410888a7b66ed6cf,screenshot-a70aea05-e293-4043-9d56-26ea21fd6b01,,2025-11-12T07:14:08.917Z,885.5911078701346,422.87155944152653,0,0,,,screenshots/screen_000013.png
69142eb4410888a7b66fa988,68e48f1a803e577b1177152e,6912a59f410888a7b66ed6cf,screenshot-a70aea05-e293-4043-9d56-26ea21fd6b01,,2025-11-12T07:14:09.019Z,790.6415234543829,351.1022114855447,0,0,,,screenshots/screen_000013.png
69142eb4410888a7b66fa988,68e48f1a803e577b1177152e,6912a59f410888a7b66ed6cf,screenshot-a70aea05-e293-4043-9d56-26ea21fd6b01,,2025-11-12T07:14:09.116Z,715.4853781463081,302.6517911643414,0,0,,,screenshots/screen_000013.png
69142eb4410888a7b66fa988,68e48f1a803e577b1177152e,6912a59f410888a7b66ed6cf,screenshot-a70aea05-e293-4043-9d56-26ea21fd6b01,,2025-11-12T07:14:09.215Z,675.3294399567916,255.0554124950843,0,0,,,screenshots/screen_000013.png
69142eb4410888a7b66fa988,68e48f1a803e577b1177152e,6912a59f410888a7b66ed6cf,screenshot-a70aea05-e293-4043-9d56-26ea21fd6b01,,2025-11-12T07:14:09.316Z,614.0171216061535,220.12867660479006,0,0,,,screenshots/screen_000013.png
69142eb4410888a7b66fa988,68e48f1a803e577b1177152e,6912a59f410888a7b66ed6cf,screenshot-a70aea05-e293-4043-9d56-26ea21fd6b01,,2025-11-12T07:14:09.414Z,629.6870603606784,269.64352983734324,0,0,,,screenshots/screen_000013.png
69142eb4410888a7b66fa988,68e48f1a803e577b1177152e,6912a59f410888a7b66ed6cf,screenshot-a70aea05-e293-4043-9d56-26ea21fd6b01,,2025-11-12T07:14:09.514Z,672.6477375132154,307.34167778383096,0,0,,,screenshots/screen_000013.png
69142eb4410888a7b66fa988,68e48f1a803e577b1177152e,6912a59f410888a7b66ed6cf,screenshot-a70aea05-e293-4043-9d56-26ea21fd6b01,,2025-11-12T07:14:09.612Z,710.5597479496423,367.760399561542,0,0,,,screenshots/screen_000013.png
69142eb4410888a7b66fa988,68e48f1a803e577b1177152e,6912a59f410888a7b66ed6cf,screenshot-a70aea05-e293-4043-9d56-26ea21fd6b01,,2025-11-12T07:14:10.225Z,741.2751937305786,420.7537624102496,0,0,,,screenshots/screen_000013.png
69142eb4410888a7b66fa988,68e48f1a803e577b1177152e,6912a59f410888a7b66ed6cf,screenshot-a70aea05-e293-4043-9d56-26ea21fd6b01,,2025-11-12T07:14:10.338Z,682.9057407052653,379.2320635174247,0,0,,,screenshots/screen_000013.png
69142eb4410888a7b66fa988,68e48f1a803e577b1177152e,6912a59f410888a7b66ed6cf,screenshot-a70aea05-e293-4043-9d56-26ea21fd6b01,,2025-11-12T07:14:10.932Z,657.7046792091135,312.65134937735576,0,0,,,screenshots/screen_000013.png
69142eb4410888a7b66fa988,68e48f1a803e577b1177152e,6912a59f410888a7b66ed6cf,screenshot-a70aea05-e293-4043-9d56-26ea21fd6b01,,2025-11-12T07:14:11.124Z,605.5472952118154,290.44047446034944,0,0,,,screenshots/screen_000013.png
69142eb4410888a7b66fa988,68e48f1a803e577b1177152e,6912a59f410888a7b66ed6cf,screenshot-1f795f42-2ff8-420a-a047-f218166d1d8f,,2025-11-12T07:14:12.066Z,425.55209858841897,183.97205804150724,0,0,,,screenshots/screen_000014.png
69142eb4410888a7b66fa988,68e48f1a803e577b1177152e,6912a59f410888a7b66ed6cf,screenshot-1f795f42-2ff8-420a-a047-f218166d1d8f,,2025-11-12T07:14:12.169Z,421.97826816219293,184.1216276457547,0,0,,,screenshots/screen_000014.png
69142eb4410888a7b66fa988,68e48f1a803e577b1177152e,6912a59f410888a7b66ed6cf,screenshot-1f795f42-2ff8-420a-a047-f218166d1d8f,,2025-11-12T07:14:12.263Z,602.9208541722866,222.20075842111373,0,0,,,screenshots/screen_000014.png
69142eb4410888a7b66fa988,68e48f1a803e577b1177152e,6912a59f410888a7b66ed6cf,screenshot-1f795f42-2ff8-420a-a047-f218166d1d8f,,2025-11-12T07:14:12.361Z,742.5559636141817,290.26755803627555,0,0,,,screenshots/screen_000014.png
69142eb4410888a7b66fa988,68e48f1a803e577b1177152e,6912a59f410888a7b66ed6cf,screenshot-1f795f42-2ff8-420a-a047-f218166d1d8f,,2025-11-12T07:14:12.461Z,878.7747454683961,335.6744858702535,0,0,,,screenshots/screen_000014.png
69142eb4410888a7b66fa988,68e48f1a803e577b1177152e,6912a59f410888a7b66ed6cf,screenshot-1f795f42-2ff8-420a-a047-f218166d1d8f,,2025-11-12T07:14:12.565Z,939.5217274017407,377.6624289651684,0,0,,,screenshots/screen_000014.png
69142eb4410888a7b66fa988,68e48f1a803e577b1177152e,6912a59f410888a7b66ed6cf,screenshot-1f795f42-2ff8-420a-a047-f218166d1d8f,,2025-11-12T07:14:12.663Z,963.3861611056021,427.3901101588194,0,0,,,screenshots/screen_000014.png
69142eb4410888a7b66fa988,68e48f1a803e577b1177152e,6912a59f410888a7b66ed6cf,screenshot-1f795f42-2ff8-420a-a047-f218166d1d8f,,2025-11-12T07:14:12.766Z,896.7784478677869,386.13844585791014,0,0,,,screenshots/screen_000014.png
69142eb4410888a7b66fa988,68e48f1a803e577b1177152e,6912a59f410888a7b66ed6cf,screenshot-1f795f42-2ff8-420a-a047-f218166d1d8f,,2025-11-12T07:14:12.863Z,862.5696858117557,326.1783123081073,0,0,,,screenshots/screen_000014.png
69142eb4410888a7b66fa988,68e48f1a803e577b1177152e,6912a59f410888a7b66ed6cf,screenshot-1f795f42-2ff8-420a-a047-f218166d1d8f,,2025-11-12T07:14:12.963Z,745.5168592640205,260.0507724850733,0,0,,,screenshots/screen_000014.png
69142eb4410888a7b66fa988,68e48f1a803e577b1177152e,6912a59f410888a7b66ed6cf,screenshot-1f795f42-2ff8-420a-a047-f218166d1d8f,,2025-11-12T07:14:13.061Z,690.487142162545,222.64572700594366,0,0,,,screenshots/screen_000014.png
69142eb4410888a7b66fa988,68e48f1a803e577b1177152e,6912a59f410888a7b66ed6cf,screenshot-1f795f42-2ff8-420a-a047-f218166d1d8f,,2025-11-12T07:14:13.164Z,692.3152569629995,197.4734011912886,0,0,,,screenshots/screen_000014.png
69142eb4410888a7b66fa988,68e48f1a803e577b1177152e,6912a59f410888a7b66ed6cf,screenshot-1f795f42-2ff8-420a-a047-f218166d1d8f,,2025-11-12T07:14:13.264Z,677.4246359784183,190.79182862619524,0,0,,,screenshots/screen_000014.png
69142eb4410888a7b66fa988,68e48f1a803e577b1177152e,6912a59f410888a7b66ed6cf,screenshot-1f795f42-2ff8-420a-a047-f218166d1d8f,,2025-11-12T07:14:13.367Z,626.6641811259617,156.07755396165123,0,0,,,screenshots/screen_000014.png
69142eb4410888a7b66fa988,68e48f1a803e577b1177152e,6912a59f410888a7b66ed6cf,screenshot-1f795f42-2ff8-420a-a047-f218166d1d8f,,2025-11-12T07:14:13.465Z,554.9505764542326,163.09956613296396,0,0,,,screenshots/screen_000014.png
69142eb4410888a7b66fa988,68e48f1a803e577b1177152e,6912a59f410888a7b66ed6cf,screenshot-1f795f42-2ff8-420a-a047-f218166d1d8f,,2025-11-12T07:14:13.563Z,481.04990935010085,169.063495363123,0,0,,,screenshots/screen_000014.png
69142eb4410888a7b66fa988,68e48f1a803e577b1177152e,6912a59f410888a7b66ed6cf,screenshot-1f795f42-2ff8-420a-a047-f218166d1d8f,,2025-11-12T07:14:13.662Z,505.4383800190606,212.20625613704593,0,0,,,screenshots/screen_000014.png
69142eb4410888a7b66fa988,68e48f1a803e577b1177152e,6912a59f410888a7b66ed6cf,screenshot-1f795f42-2ff8-420a-a047-f218166d1d8f,,2025-11-12T07:14:13.763Z,640.398712782853,273.54960943442995,0,0,,,screenshots/screen_000014.png
69142eb4410888a7b66fa988,68e48f1a803e577b1177152e,6912a59f410888a7b66ed6cf,screenshot-1f795f42-2ff8-420a-a047-f218166d1d8f,,2025-11-12T07:14:13.860Z,705.6134202933565,304.9722374923328,0,0,,,screenshots/screen_000014.png
69142eb4410888a7b66fa988,68e48f1a803e577b1177152e,6912a59f410888a7b66ed6cf,screenshot-1f795f42-2ff8-420a-a047-f218166d1d8f,,2025-11-12T07:14:13.966Z,738.7019052037392,338.41732799458873,0,0,,,screenshots/screen_000014.png
69142eb4410888a7b66fa988,68e48f1a803e577b1177152e,6912a59f410888a7b66ed6cf,screenshot-1f795f42-2ff8-420a-a047-f218166d1d8f,,2025-11-12T07:14:14.082Z,709.6295063274013,352.76471212954556,0,0,,,screenshots/screen_000014.png
69142eb4410888a7b66fa988,68e48f1a803e577b1177152e,6912a59f410888a7b66ed6cf,screenshot-1f795f42-2ff8-420a-a047-f218166d1d8f,,2025-11-12T07:14:14.185Z,679.1579270192422,308.1024162491206,0,0,,,screenshots/screen_000014.png
69142eb4410888a7b66fa988,68e48f1a803e577b1177152e,6912a59f410888a7b66ed6cf,screenshot-1f795f42-2ff8-420a-a047-f218166d1d8f,,2025-11-12T07:14:14.286Z,630.9529795558212,260.1313657709037,0,0,,,screenshots/screen_000014.png
69142eb4410888a7b66fa988,68e48f1a803e577b1177152e,6912a59f410888a7b66ed6cf,screenshot-1f795f42-2ff8-420a-a047-f218166d1d8f,,2025-11-12T07:14:14.401Z,641.3382285733418,236.26145303886597,0,0,,,screenshots/screen_000014.png
69142eb4410888a7b66fa988,68e48f1a803e577b1177152e,6912a59f410888a7b66ed6cf,screenshot-1f795f42-2ff8-420a-a047-f218166d1d8f,,2025-11-12T07:14:14.507Z,578.5786061691938,273.5686641446047,0,0,,,screenshots/screen_000014.png
69142eb4410888a7b66fa988,68e48f1a803e577b1177152e,6912a59f410888a7b66ed6cf,screenshot-1f795f42-2ff8-420a-a047-f218166d1d8f,,2025-11-12T07:14:14.597Z,576.6398106044503,267.4505211698642,0,0,,,screenshots/screen_000014.png
69142eb4410888a7b66fa988,68e48f1a803e577b1177152e,6912a59f410888a7b66ed6cf,screenshot-1f795f42-2ff8-420a-a047-f218166d1d8f,,2025-11-12T07:14:14.703Z,588.6732323400057,253.52579761829014,0,0,,,screenshots/screen_000014.png
69142eb4410888a7b66fa988,68e48f1a803e577b1177152e,6912a59f410888a7b66ed6cf,screenshot-1f795f42-2ff8-420a-a047-f218166d1d8f,,2025-11-12T07:14:14.802Z,624.7089551148673,240.41000762321215,0,0,,,screenshots/screen_000014.png
69142eb4410888a7b66fa988,68e48f1a803e577b1177152e,6912a59f410888a7b66ed6cf,screenshot-1f795f42-2ff8-420a-a047-f218166d1d8f,,2025-11-12T07:14:14.907Z,647.7847213296852,217.48230238051195,0,0,,,screenshots/screen_000014.png
69142eb4410888a7b66fa988,68e48f1a803e577b1177152e,6912a59f410888a7b66ed6cf,screenshot-1f795f42-2ff8-420a-a047-f218166d1d8f,,2025-11-12T07:14:15.008Z,621.6827796114475,204.19368851705195,0,0,,,screenshots/screen_000014.png
69142eb4410888a7b66fa988,68e48f1a803e577b1177152e,6912a59f410888a7b66ed6cf,screenshot-1f795f42-2ff8-420a-a047-f218166d1d8f,,2025-11-12T07:14:15.637Z,639.7426527823851,228.99505280442122,0,0,,,screenshots/screen_000014.png
69142eb4410888a7b66fa988,68e48f1a803e577b1177152e,6912a59f410888a7b66ed6cf,screenshot-1f795f42-2ff8-420a-a047-f218166d1d8f,,2025-11-12T07:14:15.747Z,585.1231178855476,216.6655337259248,0,0,,,screenshots/screen_000014.png
69142eb4410888a7b66fa988,68e48f1a803e577b1177152e,6912a59f410888a7b66ed6cf,screenshot-b42c8e1d-0039-46d3-90df-076c529b5946,,2025-11-12T07:14:17.682Z,848.2468727549531,349.96298218049566,0,0,,,screenshots/screen_000015.png
69142eb4410888a7b66fa988,68e48f1a803e577b1177152e,6912a59f410888a7b66ed6cf,screenshot-b42c8e1d-0039-46d3-90df-076c529b5946,,2025-11-12T07:14:17.779Z,949.203100185577,401.07060666647965,0,0,,,screenshots/screen_000015.png
69142eb4410888a7b66fa988,68e48f1a803e577b1177152e,6912a59f410888a7b66ed6cf,screenshot-b42c8e1d-0039-46d3-90df-076c529b5946,,2025-11-12T07:14:17.881Z,988.430514943837,436.06906697167835,0,0,,,screenshots/screen_000015.png
69142eb4410888a7b66fa988,68e48f1a803e577b1177152e,6912a59f410888a7b66ed6cf,screenshot-b42c8e1d-0039-46d3-90df-076c529b5946,,2025-11-12T07:14:17.980Z,1016.6523956149873,474.93501524708984,0,0,,,screenshots/screen_000015.png
69142eb4410888a7b66fa988,68e48f1a803e577b1177152e,6912a59f410888a7b66ed6cf,screenshot-b42c8e1d-0039-46d3-90df-076c529b5946,,2025-11-12T07:14:18.081Z,1040.2624663546019,501.7588388684618,0,0,,,screenshots/screen_000015.png
69142eb4410888a7b66fa988,68e48f1a803e577b1177152e,6912a59f410888a7b66ed6cf,screenshot-b42c8e1d-0039-46d3-90df-076c529b5946,,2025-11-12T07:14:18.214Z,1129.2619320761974,566.0495072504278,0,0,,,screenshots/screen_000015.png
69142eb4410888a7b66fa988,68e48f1a803e577b1177152e,6912a59f410888a7b66ed6cf,screenshot-b42c8e1d-0039-46d3-90df-076c529b5946,,2025-11-12T07:14:18.329Z,1156.3297260819265,579.2629076927262,0,0,,,screenshots/screen_000015.png
69142eb4410888a7b66fa988,68e48f1a803e577b1177152e,6912a59f410888a7b66ed6cf,screenshot-b42c8e1d-0039-46d3-90df-076c529b5946,,2025-11-12T07:14:18.427Z,1153.4199483864338,608.9159785124061,0,0,,,screenshots/screen_000015.png
69142eb4410888a7b66fa988,68e48f1a803e577b1177152e,6912a59f410888a7b66ed6cf,screenshot-b42c8e1d-0039-46d3-90df-076c529b5946,,2025-11-12T07:14:18.522Z,1157.5155402037499,632.2232119885947,0,0,,,screenshots/screen_000015.png
69142eb4410888a7b66fa988,68e48f1a803e577b1177152e,6912a59f410888a7b66ed6cf,screenshot-b42c8e1d-0039-46d3-90df-076c529b5946,,2025-11-12T07:14:18.615Z,1195.544470590799,661.9372301361593,0,0,,,screenshots/screen_000015.png
69142eb4410888a7b66fa988,68e48f1a803e577b1177152e,6912a59f410888a7b66ed6cf,screenshot-b42c8e1d-0039-46d3-90df-076c529b5946,,2025-11-12T07:14:18.738Z,1200.1300159638492,690.681679254199,0,0,,,screenshots/screen_000015.png
69142eb4410888a7b66fa988,68e48f1a803e577b1177152e,6912a59f410888a7b66ed6cf,screenshot-b42c8e1d-0039-46d3-90df-076c529b5946,,2025-11-12T07:14:18.848Z,1226.932494538425,700.2806979125643,0,0,,,screenshots/screen_000015.png
69142eb4410888a7b66fa988,68e48f1a803e577b1177152e,6912a59f410888a7b66ed6cf,screenshot-b42c8e1d-0039-46d3-90df-076c529b5946,,2025-11-12T07:14:18.954Z,1208.4314019403696,728.9539196852895,0,0,,,screenshots/screen_000015.png
69142eb4410888a7b66fa988,68e48f1a803e577b1177152e,6912a59f410888a7b66ed6cf,screenshot-b42c8e1d-0039-46d3-90df-076c529b5946,,2025-11-12T07:14:19.054Z,1156.4034873865685,724.1895811075517,0,0,,,screenshots/screen_000015.png
69142eb4410888a7b66fa988,68e48f1a803e577b1177152e,6912a59f410888a7b66ed6cf,screenshot-b42c8e1d-0039-46d3-90df-076c529b5946,,2025-11-12T07:14:19.161Z,1192.5970390223254,742.5247888373674,0,0,,,screenshots/screen_000015.png
69142eb4410888a7b66fa988,68e48f1a803e577b1177152e,6912a59f410888a7b66ed6cf,screenshot-b42c8e1d-0039-46d3-90df-076c529b5946,,2025-11-12T07:14:19.293Z,1179.6448331972015,732.3504015317131,0,0,,,screenshots/screen_000015.png
69142eb4410888a7b66fa988,68e48f1a803e577b1177152e,6912a59f410888a7b66ed6cf,screenshot-b42c8e1d-0039-46d3-90df-076c529b5946,,2025-11-12T07:14:19.391Z,1173.6673060702608,724.1766644445704,0,0,,,screenshots/screen_000015.png
69142eb4410888a7b66fa988,68e48f1a803e577b1177152e,6912a59f410888a7b66ed6cf,screenshot-b42c8e1d-0039-46d3-90df-076c529b5946,,2025-11-12T07:14:19.490Z,1225.3651250678017,718.5015985225721,0,0,,,screenshots/screen_000015.png
69142eb4410888a7b66fa988,68e48f1a803e577b1177152e,6912a59f410888a7b66ed6cf,screenshot-b42c8e1d-0039-46d3-90df-076c529b5946,,2025-11-12T07:14:19.593Z,1231.3464194008482,734.7395134540081,0,0,,,screenshots/screen_000015.png
69142eb4410888a7b66fa988,68e48f1a803e577b1177152e,6912a59f410888a7b66ed6cf,screenshot-b42c8e1d-0039-46d3-90df-076c529b5946,,2025-11-12T07:14:19.722Z,1191.4299979443012,731.9697648687534,0,0,,,screenshots/screen_000015.png
69142eb4410888a7b66fa988,68e48f1a803e577b1177152e,6912a59f410888a7b66ed6cf,screenshot-b42c8e1d-0039-46d3-90df-076c529b5946,,2025-11-12T07:14:19.842Z,1183.297547563453,715.0323849917772,0,0,,,screenshots/screen_000015.png
69142eb4410888a7b66fa988,68e48f1a803e577b1177152e,6912a59f410888a7b66ed6cf,screenshot-b42c8e1d-0039-46d3-90df-076c529b5946,,2025-11-12T07:14:19.956Z,1214.5905000250032,698.5865486643081,0,0,,,screenshots/screen_000015.png
69142eb4410888a7b66fa988,68e48f1a803e577b1177152e,6912a59f410888a7b66ed6cf,screenshot-b42c8e1d-0039-46d3-90df-076c529b5946,,2025-11-12T07:14:20.058Z,1164.7177506677988,680.1178839162255,0,0,,,screenshots/screen_000015.png
69142eb4410888a7b66fa988,68e48f1a803e577b1177152e,6912a59f410888a7b66ed6cf,screenshot-b42c8e1d-0039-46d3-90df-076c529b5946,,2025-11-12T07:14:20.178Z,1124.1455164076579,668.6685394870018,0,0,,,screenshots/screen_000015.png
69142eb4410888a7b66fa988,68e48f1a803e577b1177152e,6912a59f410888a7b66ed6cf,screenshot-b42c8e1d-0039-46d3-90df-076c529b5946,,2025-11-12T07:14:20.286Z,1110.764800423012,658.0326580763941,0,0,,,screenshots/screen_000015.png
69142eb4410888a7b66fa988,68e48f1a803e577b1177152e,6912a59f410888a7b66ed6cf,screenshot-b42c8e1d-0039-46d3-90df-076c529b5946,,2025-11-12T07:14:20.393Z,1104.1476250387532,655.0652242910512,0,0,,,screenshots/screen_000015.png
69142eb4410888a7b66fa988,68e48f1a803e577b1177152e,6912a59f410888a7b66ed6cf,screenshot-b42c8e1d-0039-46d3-90df-076c529b5946,,2025-11-12T07:14:20.494Z,1096.0522110016682,643.5686087612831,0,0,,,screenshots/screen_000015.png
69142eb4410888a7b66fa988,68e48f1a803e577b1177152e,6912a59f410888a7b66ed6cf,screenshot-b42c8e1d-0039-46d3-90df-076c529b5946,,2025-11-12T07:14:20.595Z,1113.6288926371817,628.9915984219429,0,0,,,screenshots/screen_000015.png
69142eb4410888a7b66fa988,68e48f1a803e577b1177152e,6912a59f410888a7b66ed6cf,screenshot-b42c8e1d-0039-46d3-90df-076c529b5946,,2025-11-12T07:14:20.693Z,1101.2071370001038,658.5127923470719,0,0,,,screenshots/screen_000015.png
69142eb4410888a7b66fa988,68e48f1a803e577b1177152e,6912a59f410888a7b66ed6cf,screenshot-b42c8e1d-0039-46d3-90df-076c529b5946,,2025-11-12T07:14:20.793Z,1059.4478080374824,675.4310775907092,0,0,,,screenshots/screen_000015.png
69142eb4410888a7b66fa988,68e48f1a803e577b1177152e,6912a59f410888a7b66ed6cf,screenshot-b42c8e1d-0039-46d3-90df-076c529b5946,,2025-11-12T07:14:20.915Z,1103.599049667839,620.3063739091814,0,0,,,screenshots/screen_000015.png
69142eb4410888a7b66fa988,68e48f1a803e577b1177152e,6912a59f410888a7b66ed6cf,screenshot-b42c8e1d-0039-46d3-90df-076c529b5946,,2025-11-12T07:14:21.031Z,1016.9868166608766,584.5100379249122,0,0,,,screenshots/screen_000015.png
69142eb4410888a7b66fa988,68e48f1a803e577b1177152e,6912a59f410888a7b66ed6cf,screenshot-b42c8e1d-0039-46d3-90df-076c529b5946,,2025-11-12T07:14:21.156Z,968.253024560569,533.1287463069825,0,0,,,screenshots/screen_000015.png
69142eb4410888a7b66fa988,68e48f1a803e577b1177152e,6912a59f410888a7b66ed6cf,screenshot-b42c8e1d-0039-46d3-90df-076c529b5946,,2025-11-12T07:14:21.261Z,937.699027019605,472.39078587665847,0,0,,,screenshots/screen_000015.png
69142eb4410888a7b66fa988,68e48f1a803e577b1177152e,6912a59f410888a7b66ed6cf,screenshot-b42c8e1d-0039-46d3-90df-076c529b5946,,2025-11-12T07:14:21.361Z,903.2735984756798,421.1284527489534,0,0,,,screenshots/screen_000015.png
69142eb4410888a7b66fa988,68e48f1a803e577b1177152e,6912a59f410888a7b66ed6cf,screenshot-b42c8e1d-0039-46d3-90df-076c529b5946,,2025-11-12T07:14:21.461Z,857.8776295351871,388.8629498443187,0,0,,,screenshots/screen_000015.png
69142eb4410888a7b66fa988,68e48f1a803e577b1177152e,6912a59f410888a7b66ed6cf,screenshot-b42c8e1d-0039-46d3-90df-076c529b5946,,2025-11-12T07:14:21.561Z,821.6884816413344,358.29058041594413,0,0,,,screenshots/screen_000015.png
69142eb4410888a7b66fa988,68e48f1a803e577b1177152e,6912a59f410888a7b66ed6cf,screenshot-b42c8e1d-0039-46d3-90df-076c529b5946,,2025-11-12T07:14:21.677Z,835.8291058258916,336.033578853573,0,0,,,screenshots/screen_000015.png
69142eb4410888a7b66fa988,68e48f1a803e577b1177152e,6912a59f410888a7b66ed6cf,screenshot-b42c8e1d-0039-46d3-90df-076c529b5946,,2025-11-12T07:14:21.791Z,827.9995900370232,318.52143919931876,0,0,,,screenshots/screen_000015.png
69142eb4410888a7b66fa988,68e48f1a803e577b1177152e,6912a59f410888a7b66ed6cf,screenshot-b42c8e1d-0039-46d3-90df-076c529b5946,,2025-11-12T07:14:21.898Z,834.5353966983091,302.83512422182946,0,0,,,screenshots/screen_000015.png
69142eb4410888a7b66fa988,68e48f1a803e577b1177152e,6912a59f410888a7b66ed6cf,screenshot-b42c8e1d-0039-46d3-90df-076c529b5946,,2025-11-12T07:14:21.997Z,822.4206737677711,315.7435195130742,0,0,,,screenshots/screen_000015.png
69142eb4410888a7b66fa988,68e48f1a803e577b1177152e,6912a59f410888a7b66ed6cf,screenshot-b42c8e1d-0039-46d3-90df-076c529b5946,,2025-11-12T07:14:22.096Z,875.4017043576034,356.1808346907456,0,0,,,screenshots/screen_000015.png
69142eb4410888a7b66fa988,68e48f1a803e577b1177152e,6912a59f410888a7b66ed6cf,screenshot-b42c8e1d-0039-46d3-90df-076c529b5946,,2025-11-12T07:14:22.194Z,936.2827232583626,404.4635446995568,0,0,,,screenshots/screen_000015.png
69142eb4410888a7b66fa988,68e48f1a803e577b1177152e,6912a59f410888a7b66ed6cf,screenshot-b42c8e1d-0039-46d3-90df-076c529b5946,,2025-11-12T07:14:22.291Z,1010.5751710182792,448.20086594113405,0,0,,,screenshots/screen_000015.png
69142eb4410888a7b66fa988,68e48f1a803e577b1177152e,6912a59f410888a7b66ed6cf,screenshot-b42c8e1d-0039-46d3-90df-076c529b5946,,2025-11-12T07:14:22.394Z,1051.9687987144464,505.6693723904741,0,0,,,screenshots/screen_000015.png
69142eb4410888a7b66fa988,68e48f1a803e577b1177152e,6912a59f410888a7b66ed6cf,screenshot-b42c8e1d-0039-46d3-90df-076c529b5946,,2025-11-12T07:14:22.526Z,988.8460212007243,537.6693690137885,0,0,,,screenshots/screen_000015.png
69142eb4410888a7b66fa988,68e48f1a803e577b1177152e,6912a59f410888a7b66ed6cf,screenshot-b42c8e1d-0039-46d3-90df-076c529b5946,,2025-11-12T07:14:22.629Z,987.1930752854216,587.4469869784114,0,0,,,screenshots/screen_000015.png
69142eb4410888a7b66fa988,68e48f1a803e577b1177152e,6912a59f410888a7b66ed6cf,screenshot-b42c8e1d-0039-46d3-90df-076c529b5946,,2025-11-12T07:14:22.745Z,982.3966342113124,598.63056602685,0,0,,,screenshots/screen_000015.png
69142eb4410888a7b66fa988,68e48f1a803e577b1177152e,6912a59f410888a7b66ed6cf,screenshot-b42c8e1d-0039-46d3-90df-076c529b5946,,2025-11-12T07:14:22.847Z,1010.9297241834176,615.6979893869427,0,0,,,screenshots/screen_000015.png
69142eb4410888a7b66fa988,68e48f1a803e577b1177152e,6912a59f410888a7b66ed6cf,screenshot-b42c8e1d-0039-46d3-90df-076c529b5946,,2025-11-12T07:14:22.950Z,1041.537317242249,634.536481545555,0,0,,,screenshots/screen_000015.png
69142eb4410888a7b66fa988,68e48f1a803e577b1177152e,6912a59f410888a7b66ed6cf,screenshot-b42c8e1d-0039-46d3-90df-076c529b5946,,2025-11-12T07:14:23.047Z,1091.8146989934407,656.2353398211113,0,0,,,screenshots/screen_000015.png
69142eb4410888a7b66fa988,68e48f1a803e577b1177152e,6912a59f410888a7b66ed6cf,screenshot-b42c8e1d-0039-46d3-90df-076c529b5946,,2025-11-12T07:14:23.140Z,1113.670677689298,684.0391023530968,0,0,,,screenshots/screen_000015.png
69142eb4410888a7b66fa988,68e48f1a803e577b1177152e,6912a59f410888a7b66ed6cf,screenshot-b42c8e1d-0039-46d3-90df-076c529b5946,,2025-11-12T07:14:23.235Z,1091.860864090142,677.732895531516,0,0,,,screenshots/screen_000015.png
69142eb4410888a7b66fa988,68e48f1a803e577b1177152e,6912a59f410888a7b66ed6cf,screenshot-b42c8e1d-0039-46d3-90df-076c529b5946,,2025-11-12T07:14:23.340Z,1075.7751954479472,685.2161499594681,0,0,,,screenshots/screen_000015.png
69142eb4410888a7b66fa988,68e48f1a803e577b1177152e,6912a59f410888a7b66ed6cf,screenshot-b42c8e1d-0039-46d3-90df-076c529b5946,,2025-11-12T07:14:23.436Z,1045.0738672528119,686.5610899597256,0,0,,,screenshots/screen_000015.png
69142eb4410888a7b66fa988,68e48f1a803e577b1177152e,6912a59f410888a7b66ed6cf,screenshot-b42c8e1d-0039-46d3-90df-076c529b5946,,2025-11-12T07:14:23.543Z,1037.492327547613,695.1465148014706,0,0,,,screenshots/screen_000015.png
69142eb4410888a7b66fa988,68e48f1a803e577b1177152e,6912a59f410888a7b66ed6cf,screenshot-b42c8e1d-0039-46d3-90df-076c529b5946,,2025-11-12T07:14:23.669Z,1049.1659520689634,672.1739576358964,0,0,,,screenshots/screen_000015.png
69142eb4410888a7b66fa988,68e48f1a803e577b1177152e,6912a59f410888a7b66ed6cf,screenshot-b42c8e1d-0039-46d3-90df-076c529b5946,,2025-11-12T07:14:23.779Z,1061.6632316664345,673.4904552419209,0,0,,,screenshots/screen_000015.png
69142eb4410888a7b66fa988,68e48f1a803e577b1177152e,6912a59f410888a7b66ed6cf,screenshot-b42c8e1d-0039-46d3-90df-076c529b5946,,2025-11-12T07:14:23.897Z,1029.652668447344,656.5348741771008,0,0,,,screenshots/screen_000015.png
69142eb4410888a7b66fa988,68e48f1a803e577b1177152e,6912a59f410888a7b66ed6cf,screenshot-b42c8e1d-0039-46d3-90df-076c529b5946,,2025-11-12T07:14:24.010Z,1056.208299923295,646.6541860595079,0,0,,,screenshots/screen_000015.png
69142eb4410888a7b66fa988,68e48f1a803e577b1177152e,6912a59f410888a7b66ed6cf,screenshot-b42c8e1d-0039-46d3-90df-076c529b5946,,2025-11-12T07:14:24.109Z,1044.6898591829026,615.9614218067439,0,0,,,screenshots/screen_000015.png
69142eb4410888a7b66fa988,68e48f1a803e577b1177152e,6912a59f410888a7b66ed6cf,screenshot-b42c8e1d-0039-46d3-90df-076c529b5946,,2025-11-12T07:14:24.212Z,1086.958351850462,614.6399485817916,0,0,,,screenshots/screen_000015.png
69142eb4410888a7b66fa988,68e48f1a803e577b1177152e,6912a59f410888a7b66ed6cf,screenshot-b42c8e1d-0039-46d3-90df-076c529b5946,,2025-11-12T07:14:24.312Z,1085.677279725247,613.694316187416,0,0,,,screenshots/screen_000015.png
69142eb4410888a7b66fa988,68e48f1a803e577b1177152e,6912a59f410888a7b66ed6cf,screenshot-b42c8e1d-0039-46d3-90df-076c529b5946,,2025-11-12T07:14:24.440Z,1086.973441151297,631.606580672973,0,0,,,screenshots/screen_000015.png
69142eb4410888a7b66fa988,68e48f1a803e577b1177152e,6912a59f410888a7b66ed6cf,screenshot-b42c8e1d-0039-46d3-90df-076c529b5946,,2025-11-12T07:14:24.544Z,1068.0880587472138,618.3947760675846,0,0,,,screenshots/screen_000015.png
69142eb4410888a7b66fa988,68e48f1a803e577b1177152e,6912a59f410888a7b66ed6cf,screenshot-b42c8e1d-0039-46d3-90df-076c529b5946,,2025-11-12T07:14:24.661Z,1092.315889471528,621.5537286319988,0,0,,,screenshots/screen_000015.png
69142eb4410888a7b66fa988,68e48f1a803e577b1177152e,6912a59f410888a7b66ed6cf,screenshot-b42c8e1d-0039-46d3-90df-076c529b5946,,2025-11-12T07:14:24.777Z,1154.1190775784619,611.6338561810344,0,0,,,screenshots/screen_000015.png
69142eb4410888a7b66fa988,68e48f1a803e577b1177152e,6912a59f410888a7b66ed6cf,screenshot-b42c8e1d-0039-46d3-90df-076c529b5946,,2025-11-12T07:14:24.870Z,1160.844294015988,633.4324992368685,0,0,,,screenshots/screen_000015.png
69142eb4410888a7b66fa988,68e48f1a803e577b1177152e,6912a59f410888a7b66ed6cf,screenshot-b42c8e1d-0039-46d3-90df-076c529b5946,,2025-11-12T07:14:24.974Z,1112.4554652677814,616.9103424361741,0,0,,,screenshots/screen_000015.png
69142eb4410888a7b66fa988,68e48f1a803e577b1177152e,6912a59f410888a7b66ed6cf,screenshot-b42c8e1d-0039-46d3-90df-076c529b5946,,2025-11-12T07:14:25.077Z,1097.1554865392084,598.0232857238691,0,0,,,screenshots/screen_000015.png
69142eb4410888a7b66fa988,68e48f1a803e577b1177152e,6912a59f410888a7b66ed6cf,screenshot-b42c8e1d-0039-46d3-90df-076c529b5946,,2025-11-12T07:14:25.197Z,1116.7703587149358,604.9067206851965,0,0,,,screenshots/screen_000015.png
69142eb4410888a7b66fa988,68e48f1a803e577b1177152e,6912a59f410888a7b66ed6cf,screenshot-b42c8e1d-0039-46d3-90df-076c529b5946,,2025-11-12T07:14:25.304Z,1081.3172325089529,591.8531487672784,0,0,,,screenshots/screen_000015.png
69142eb4410888a7b66fa988,68e48f1a803e577b1177152e,6912a59f410888a7b66ed6cf,screenshot-b42c8e1d-0039-46d3-90df-076c529b5946,,2025-11-12T07:14:25.409Z,1092.6867625578882,601.1858015740814,0,0,,,screenshots/screen_000015.png
69142eb4410888a7b66fa988,68e48f1a803e577b1177152e,6912a59f410888a7b66ed6cf,screenshot-b42c8e1d-0039-46d3-90df-076c529b5946,,2025-11-12T07:14:25.511Z,1068.8759846240234,605.386928675941,0,0,,,screenshots/screen_000015.png
69142eb4410888a7b66fa988,68e48f1a803e577b1177152e,6912a59f410888a7b66ed6cf,screenshot-b42c8e1d-0039-46d3-90df-076c529b5946,,2025-11-12T07:14:25.613Z,1080.8785915568499,607.3544878090884,0,0,,,screenshots/screen_000015.png
69142eb4410888a7b66fa988,68e48f1a803e577b1177152e,6912a59f410888a7b66ed6cf,screenshot-b42c8e1d-0039-46d3-90df-076c529b5946,,2025-11-12T07:14:25.709Z,1037.8741836740237,598.1572233323687,0,0,,,screenshots/screen_000015.png
69142eb4410888a7b66fa988,68e48f1a803e577b1177152e,6912a59f410888a7b66ed6cf,screenshot-b42c8e1d-0039-46d3-90df-076c529b5946,,2025-11-12T07:14:25.810Z,1025.5718967314804,601.1404815819294,0,0,,,screenshots/screen_000015.png
69142eb4410888a7b66fa988,68e48f1a803e577b1177152e,6912a59f410888a7b66ed6cf,screenshot-b42c8e1d-0039-46d3-90df-076c529b5946,,2025-11-12T07:14:25.925Z,996.8851473566662,604.6774193962272,0,0,,,screenshots/screen_000015.png
69142eb4410888a7b66fa988,68e48f1a803e577b1177152e,6912a59f410888a7b66ed6cf,screenshot-b42c8e1d-0039-46d3-90df-076c529b5946,,2025-11-12T07:14:26.027Z,1038.6218230260383,602.8438615838538,0,0,,,screenshots/screen_000015.png
69142eb4410888a7b66fa988,68e48f1a803e577b1177152e,6912a59f410888a7b66ed6cf,screenshot-b42c8e1d-0039-46d3-90df-076c529b5946,,2025-11-12T07:14:26.139Z,1043.2025289662652,628.5574009340069,0,0,,,screenshots/screen_000015.png
69142eb4410888a7b66fa988,68e48f1a803e577b1177152e,6912a59f410888a7b66ed6cf,screenshot-b42c8e1d-0039-46d3-90df-076c529b5946,,2025-11-12T07:14:26.257Z,1054.0310423005062,642.3779090754425,0,0,,,screenshots/screen_000015.png
69142eb4410888a7b66fa988,68e48f1a803e577b1177152e,6912a59f410888a7b66ed6cf,screenshot-b42c8e1d-0039-46d3-90df-076c529b5946,,2025-11-12T07:14:26.351Z,1070.033808670573,646.9503566224781,0,0,,,screenshots/screen_000015.png
69142eb4410888a7b66fa988,68e48f1a803e577b1177152e,6912a59f410888a7b66ed6cf,screenshot-b42c8e1d-0039-46d3-90df-076c529b5946,,2025-11-12T07:14:26.452Z,1047.2900401982224,634.584820659619,0,0,,,screenshots/screen_000015.png
69142eb4410888a7b66fa988,68e48f1a803e577b1177152e,6912a59f410888a7b66ed6cf,screenshot-b42c8e1d-0039-46d3-90df-076c529b5946,,2025-11-12T07:14:26.552Z,1055.7178253261275,630.0732594526906,0,0,,,screenshots/screen_000015.png
69142eb4410888a7b66fa988,68e48f1a803e577b1177152e,6912a59f410888a7b66ed6cf,screenshot-b42c8e1d-0039-46d3-90df-076c529b5946,,2025-11-12T07:14:26.652Z,1049.9744279770473,641.4284186844428,0,0,,,screenshots/screen_000015.png
69142eb4410888a7b66fa988,68e48f1a803e577b1177152e,6912a59f410888a7b66ed6cf,screenshot-b42c8e1d-0039-46d3-90df-076c529b5946,,2025-11-12T07:14:26.753Z,1119.1696978590508,671.0969541002439,0,0,,,screenshots/screen_000015.png
69142eb4410888a7b66fa988,68e48f1a803e577b1177152e,6912a59f410888a7b66ed6cf,screenshot-b42c8e1d-0039-46d3-90df-076c529b5946,,2025-11-12T07:14:26.850Z,1143.8092279525865,661.722567970413,0,0,,,screenshots/screen_000015.png
69142eb4410888a7b66fa988,68e48f1a803e577b1177152e,6912a59f410888a7b66ed6cf,screenshot-b42c8e1d-0039-46d3-90df-076c529b5946,,2025-11-12T07:14:26.955Z,1182.7781299558324,669.2166127744064,0,0,,,screenshots/screen_000015.png
69142eb4410888a7b66fa988,68e48f1a803e577b1177152e,6912a59f410888a7b66ed6cf,screenshot-b42c8e1d-0039-46d3-90df-076c529b5946,,2025-11-12T07:14:27.052Z,1180.5443209296986,683.2109021142661,0,0,,,screenshots/screen_000015.png
69142eb4410888a7b66fa988,68e48f1a803e577b1177152e,6912a59f410888a7b66ed6cf,screenshot-b42c8e1d-0039-46d3-90df-076c529b5946,,2025-11-12T07:14:27.154Z,1193.6027828051688,669.700608345525,0,0,,,screenshots/screen_000015.png
69142eb4410888a7b66fa988,68e48f1a803e577b1177152e,6912a59f410888a7b66ed6cf,screenshot-b42c8e1d-0039-46d3-90df-076c529b5946,,2025-11-12T07:14:27.252Z,1176.5235110963267,642.6003116111,0,0,,,screenshots/screen_000015.png
69142eb4410888a7b66fa988,68e48f1a803e577b1177152e,6912a59f410888a7b66ed6cf,screenshot-b42c8e1d-0039-46d3-90df-076c529b5946,,2025-11-12T07:14:27.909Z,1173.3493579299882,649.8222558577611,0,0,,,screenshots/screen_000015.png
69142eb4410888a7b66fa988,68e48f1a803e577b1177152e,6912a59f410888a7b66ed6cf,screenshot-b42c8e1d-0039-46d3-90df-076c529b5946,,2025-11-12T07:14:28.506Z,1189.5754316426614,656.6357218094245,0,0,,,screenshots/screen_000015.png
69142eb4410888a7b66fa988,68e48f1a803e577b1177152e,6912a59f410888a7b66ed6cf,screenshot-b42c8e1d-0039-46d3-90df-076c529b5946,,2025-11-12T07:14:28.689Z,1201.5550983988373,650.9174287977914,0,0,,,screenshots/screen_000015.png
69142eb4410888a7b66fa988,68e48f1a803e577b1177152e,6912a59f410888a7b66ed6cf,screenshot-b42c8e1d-0039-46d3-90df-076c529b5946,,2025-11-12T07:14:28.861Z,1216.0478639746818,649.6101754644957,0,0,,,screenshots/screen_000015.png
69142eb4410888a7b66fa988,68e48f1a803e577b1177152e,6912a59f410888a7b66ed6cf,screenshot-b42c8e1d-0039-46d3-90df-076c529b5946,,2025-11-12T07:14:29.007Z,1177.6516979996204,639.6032824439095,0,0,,,screenshots/screen_000015.png
69142eb4410888a7b66fa988,68e48f1a803e577b1177152e,6912a59f410888a7b66ed6cf,screenshot-b42c8e1d-0039-46d3-90df-076c529b5946,,2025-11-12T07:14:29.136Z,1181.3553893661483,640.5436025493259,0,0,,,screenshots/screen_000015.png
69142eb4410888a7b66fa988,68e48f1a803e577b1177152e,6912a59f410888a7b66ed6cf,screenshot-b42c8e1d-0039-46d3-90df-076c529b5946,,2025-11-12T07:14:29.302Z,1172.4564840243709,653.311027770302,0,0,,,screenshots/screen_000015.png
69142eb4410888a7b66fa988,68e48f1a803e577b1177152e,6912a59f410888a7b66ed6cf,screenshot-b42c8e1d-0039-46d3-90df-076c529b5946,,2025-11-12T07:14:29.406Z,1152.8226111007993,662.7395244136962,0,0,,,screenshots/screen_000015.png
69142eb4410888a7b66fa988,68e48f1a803e577b1177152e,6912a59f410888a7b66ed6cf,screenshot-b42c8e1d-0039-46d3-90df-076c529b5946,,2025-11-12T07:14:29.500Z,1158.5442190627898,646.3212953200077,0,0,,,screenshots/screen_000015.png
69142eb4410888a7b66fa988,68e48f1a803e577b1177152e,6912a59f410888a7b66ed6cf,screenshot-9e390886-376e-4180-92f7-12e22932fb51,,2025-11-12T07:14:29.944Z,1034.6235754072106,645.8251838373067,0,0,,,screenshots/screen_000016.png
69142eb4410888a7b66fa988,68e48f1a803e577b1177152e,6912a59f410888a7b66ed6cf,screenshot-9e390886-376e-4180-92f7-12e22932fb51,,2025-11-12T07:14:30.079Z,1021.0291271254985,633.2815848697198,0,0,,,screenshots/screen_000016.png
69142eb4410888a7b66fa988,68e48f1a803e577b1177152e,6912a59f410888a7b66ed6cf,screenshot-9e390886-376e-4180-92f7-12e22932fb51,,2025-11-12T07:14:30.192Z,1019.5253307696752,633.9165244152495,0,0,,,screenshots/screen_000016.png
69142eb4410888a7b66fa988,68e48f1a803e577b1177152e,6912a59f410888a7b66ed6cf,screenshot-9e390886-376e-4180-92f7-12e22932fb51,,2025-11-12T07:14:30.294Z,963.6291729475629,611.9354563386349,0,0,,,screenshots/screen_000016.png
69142eb4410888a7b66fa988,68e48f1a803e577b1177152e,6912a59f410888a7b66ed6cf,screenshot-9e390886-376e-4180-92f7-12e22932fb51,,2025-11-12T07:14:30.400Z,946.8553214801199,542.1524927428858,0,0,,,screenshots/screen_000016.png
69142eb4410888a7b66fa988,68e48f1a803e577b1177152e,6912a59f410888a7b66ed6cf,screenshot-9e390886-376e-4180-92f7-12e22932fb51,,2025-11-12T07:14:30.498Z,914.6018605153109,496.72269687006514,0,0,,,screenshots/screen_000016.png
69142eb4410888a7b66fa988,68e48f1a803e577b1177152e,6912a59f410888a7b66ed6cf,screenshot-9e390886-376e-4180-92f7-12e22932fb51,,2025-11-12T07:14:30.598Z,791.4140053246635,443.5189375906262,0,0,,,screenshots/screen_000016.png
69142eb4410888a7b66fa988,68e48f1a803e577b1177152e,6912a59f410888a7b66ed6cf,screenshot-9e390886-376e-4180-92f7-12e22932fb51,,2025-11-12T07:14:30.700Z,775.9300684542027,385.7976018802075,0,0,,,screenshots/screen_000016.png
69142eb4410888a7b66fa988,68e48f1a803e577b1177152e,6912a59f410888a7b66ed6cf,screenshot-9e390886-376e-4180-92f7-12e22932fb51,,2025-11-12T07:14:30.801Z,767.6250004211493,326.1179134124002,0,0,,,screenshots/screen_000016.png
69142eb4410888a7b66fa988,68e48f1a803e577b1177152e,6912a59f410888a7b66ed6cf,screenshot-9e390886-376e-4180-92f7-12e22932fb51,,2025-11-12T07:14:30.902Z,728.6879807198695,284.70418687219086,0,0,,,screenshots/screen_000016.png
69142eb4410888a7b66fa988,68e48f1a803e577b1177152e,6912a59f410888a7b66ed6cf,screenshot-9e390886-376e-4180-92f7-12e22932fb51,,2025-11-12T07:14:31.004Z,717.9901088614488,276.3408819182723,0,0,,,screenshots/screen_000016.png
69142eb4410888a7b66fa988,68e48f1a803e577b1177152e,6912a59f410888a7b66ed6cf,screenshot-9e390886-376e-4180-92f7-12e22932fb51,,2025-11-12T07:14:31.601Z,691.4135241458041,240.4492852513388,0,0,,,screenshots/screen_000016.png
69142eb4410888a7b66fa988,68e48f1a803e577b1177152e,6912a59f410888a7b66ed6cf,screenshot-9e390886-376e-4180-92f7-12e22932fb51,,2025-11-12T07:14:31.711Z,732.9171424466742,291.93636650260436,0,0,,,screenshots/screen_000016.png
69142eb4410888a7b66fa988,68e48f1a803e577b1177152e,6912a59f410888a7b66ed6cf,screenshot-3b364c8f-0c48-4f8b-ad9f-06567184c4ce,,2025-11-12T07:14:33.740Z,524.4375661746162,270.1709409781476,0,0,,,screenshots/screen_000017.png
69142eb4410888a7b66fa988,68e48f1a803e577b1177152e,6912a59f410888a7b66ed6cf,screenshot-3b364c8f-0c48-4f8b-ad9f-06567184c4ce,,2025-11-12T07:14:33.855Z,476.0939332499758,237.92531451967926,0,0,,,screenshots/screen_000017.png
69142eb4410888a7b66fa988,68e48f1a803e577b1177152e,6912a59f410888a7b66ed6cf,screenshot-3b364c8f-0c48-4f8b-ad9f-06567184c4ce,,2025-11-12T07:14:33.992Z,418.3051535725474,209.57932885463455,0,0,,,screenshots/screen_000017.png
69142eb4410888a7b66fa988,68e48f1a803e577b1177152e,6912a59f410888a7b66ed6cf,screenshot-3b364c8f-0c48-4f8b-ad9f-06567184c4ce,,2025-11-12T07:14:34.120Z,302.9902821234068,262.9924725154957,0,0,,,screenshots/screen_000017.png
69142eb4410888a7b66fa988,68e48f1a803e577b1177152e,6912a59f410888a7b66ed6cf,screenshot-3b364c8f-0c48-4f8b-ad9f-06567184c4ce,,2025-11-12T07:14:34.251Z,290.63006781483523,266.87492829758907,0,0,,,screenshots/screen_000017.png
69142eb4410888a7b66fa988,68e48f1a803e577b1177152e,6912a59f410888a7b66ed6cf,screenshot-3b364c8f-0c48-4f8b-ad9f-06567184c4ce,,2025-11-12T07:14:34.387Z,190.06409353169457,309.4568400414107,0,0,,,screenshots/screen_000017.png
69142eb4410888a7b66fa988,68e48f1a803e577b1177152e,6912a59f410888a7b66ed6cf,screenshot-3b364c8f-0c48-4f8b-ad9f-06567184c4ce,,2025-11-12T07:14:34.506Z,191.20546915867078,319.1338911925364,0,0,,,screenshots/screen_000017.png
69142eb4410888a7b66fa988,68e48f1a803e577b1177152e,6912a59f410888a7b66ed6cf,screenshot-3b364c8f-0c48-4f8b-ad9f-06567184c4ce,,2025-11-12T07:14:34.640Z,145.34653110445848,340.6596299154976,0,0,,,screenshots/screen_000017.png
69142eb4410888a7b66fa988,68e48f1a803e577b1177152e,6912a59f410888a7b66ed6cf,screenshot-3b364c8f-0c48-4f8b-ad9f-06567184c4ce,,2025-11-12T07:14:34.762Z,131.2172543599449,374.2741802292466,0,0,,,screenshots/screen_000017.png
69142eb4410888a7b66fa988,68e48f1a803e577b1177152e,6912a59f410888a7b66ed6cf,screenshot-3b364c8f-0c48-4f8b-ad9f-06567184c4ce,,2025-11-12T07:14:34.952Z,150.96941795501056,407.95334951005003,0,0,,,screenshots/screen_000017.png
69142eb4410888a7b66fa988,68e48f1a803e577b1177152e,6912a59f410888a7b66ed6cf,screenshot-3b364c8f-0c48-4f8b-ad9f-06567184c4ce,,2025-11-12T07:14:35.074Z,173.4251758839544,421.62749091977963,0,0,,,screenshots/screen_000017.png
69142eb4410888a7b66fa988,68e48f1a803e577b1177152e,6912a59f410888a7b66ed6cf,screenshot-3b364c8f-0c48-4f8b-ad9f-06567184c4ce,,2025-11-12T07:14:35.211Z,290.922801640115,409.2925965810925,0,0,,,screenshots/screen_000017.png
69142eb4410888a7b66fa988,68e48f1a803e577b1177152e,6912a59f410888a7b66ed6cf,screenshot-3b364c8f-0c48-4f8b-ad9f-06567184c4ce,,2025-11-12T07:14:35.324Z,339.43466227439836,390.8412784230532,0,0,,,screenshots/screen_000017.png
69142eb4410888a7b66fa988,68e48f1a803e577b1177152e,6912a59f410888a7b66ed6cf,screenshot-3b364c8f-0c48-4f8b-ad9f-06567184c4ce,,2025-11-12T07:14:35.452Z,424.59262542055575,377.8617857991052,0,0,,,screenshots/screen_000017.png
69142eb4410888a7b66fa988,68e48f1a803e577b1177152e,6912a59f410888a7b66ed6cf,screenshot-3b364c8f-0c48-4f8b-ad9f-06567184c4ce,,2025-11-12T07:14:35.568Z,398.232997428078,401.6998165827668,0,0,,,screenshots/screen_000017.png
69142eb4410888a7b66fa988,68e48f1a803e577b1177152e,6912a59f410888a7b66ed6cf,screenshot-3b364c8f-0c48-4f8b-ad9f-06567184c4ce,,2025-11-12T07:14:35.698Z,349.83334988500275,384.1429137061201,0,0,,,screenshots/screen_000017.png
69142eb4410888a7b66fa988,68e48f1a803e577b1177152e,6912a59f410888a7b66ed6cf,screenshot-3b364c8f-0c48-4f8b-ad9f-06567184c4ce,,2025-11-12T07:14:35.846Z,375.86318701439757,401.4579247377366,0,0,,,screenshots/screen_000017.png
69142eb4410888a7b66fa988,68e48f1a803e577b1177152e,6912a59f410888a7b66ed6cf,screenshot-3b364c8f-0c48-4f8b-ad9f-06567184c4ce,,2025-11-12T07:14:35.967Z,386.6297666025437,406.9492541884971,0,0,,,screenshots/screen_000017.png
69142eb4410888a7b66fa988,68e48f1a803e577b1177152e,6912a59f410888a7b66ed6cf,screenshot-3b364c8f-0c48-4f8b-ad9f-06567184c4ce,,2025-11-12T07:14:36.106Z,370.1650736027733,453.96814053869,0,0,,,screenshots/screen_000017.png
69142eb4410888a7b66fa988,68e48f1a803e577b1177152e,6912a59f410888a7b66ed6cf,screenshot-3b364c8f-0c48-4f8b-ad9f-06567184c4ce,,2025-11-12T07:14:36.801Z,532.0130130536853,414.84099055548734,0,0,,,screenshots/screen_000017.png
69142eb4410888a7b66fa988,68e48f1a803e577b1177152e,6912a59f410888a7b66ed6cf,screenshot-3b364c8f-0c48-4f8b-ad9f-06567184c4ce,,2025-11-12T07:14:37.435Z,635.9377205632818,362.2340722601529,0,0,,,screenshots/screen_000017.png
69142eb4410888a7b66fa988,68e48f1a803e577b1177152e,6912a59f410888a7b66ed6cf,screenshot-3b364c8f-0c48-4f8b-ad9f-06567184c4ce,,2025-11-12T07:14:37.653Z,769.3438683288776,305.83057429440646,0,0,,,screenshots/screen_000017.png
69142eb4410888a7b66fa988,68e48f1a803e577b1177152e,6912a59f410888a7b66ed6cf,screenshot-3b364c8f-0c48-4f8b-ad9f-06567184c4ce,,2025-11-12T07:14:37.769Z,884.9060761322792,262.8589735260057,0,0,,,screenshots/screen_000017.png
69142eb4410888a7b66fa988,68e48f1a803e577b1177152e,6912a59f410888a7b66ed6cf,screenshot-dc4eb27f-a7fa-46dc-9e8f-76479cfc31c6,,2025-11-12T07:14:39.555Z,211.5595908997689,498.7540328647219,0,0,,,screenshots/screen_000018.png
69142eb4410888a7b66fa988,68e48f1a803e577b1177152e,6912a59f410888a7b66ed6cf,screenshot-dc4eb27f-a7fa-46dc-9e8f-76479cfc31c6,,2025-11-12T07:14:39.703Z,61.69357806470833,449.35886327559933,0,0,,,screenshots/screen_000018.png
69142eb4410888a7b66fa988,68e48f1a803e577b1177152e,6912a59f410888a7b66ed6cf,screenshot-dc4eb27f-a7fa-46dc-9e8f-76479cfc31c6,,2025-11-12T07:14:39.852Z,-22.73467319780425,406.84575317302887,0,0,,,screenshots/screen_000018.png
69142eb4410888a7b66fa988,68e48f1a803e577b1177152e,6912a59f410888a7b66ed6cf,screenshot-dc4eb27f-a7fa-46dc-9e8f-76479cfc31c6,,2025-11-12T07:14:40.019Z,-29.177551104518486,393.9875197334968,0,0,,,screenshots/screen_000018.png
69142eb4410888a7b66fa988,68e48f1a803e577b1177152e,6912a59f410888a7b66ed6cf,screenshot-dc4eb27f-a7fa-46dc-9e8f-76479cfc31c6,,2025-11-12T07:14:40.190Z,-147.98892475410065,407.62275655769065,0,0,,,screenshots/screen_000018.png
69142eb4410888a7b66fa988,68e48f1a803e577b1177152e,6912a59f410888a7b66ed6cf,screenshot-dc4eb27f-a7fa-46dc-9e8f-76479cfc31c6,,2025-11-12T07:14:40.336Z,-155.74802892804001,402.5704922270586,0,0,,,screenshots/screen_000018.png
69142eb4410888a7b66fa988,68e48f1a803e577b1177152e,6912a59f410888a7b66ed6cf,screenshot-dc4eb27f-a7fa-46dc-9e8f-76479cfc31c6,,2025-11-12T07:14:40.489Z,-176.0838874682805,417.94788681327714,0,0,,,screenshots/screen_000018.png
69142eb4410888a7b66fa988,68e48f1a803e577b1177152e,6912a59f410888a7b66ed6cf,screenshot-dc4eb27f-a7fa-46dc-9e8f-76479cfc31c6,,2025-11-12T07:14:40.617Z,-213.24048398958413,420.3710939121782,0,0,,,screenshots/screen_000018.png
69142eb4410888a7b66fa988,68e48f1a803e577b1177152e,6912a59f410888a7b66ed6cf,screenshot-dc4eb27f-a7fa-46dc-9e8f-76479cfc31c6,,2025-11-12T07:14:40.734Z,-222.01801639522932,407.2823075876364,0,0,,,screenshots/screen_000018.png
69142eb4410888a7b66fa988,68e48f1a803e577b1177152e,6912a59f410888a7b66ed6cf,screenshot-dc4eb27f-a7fa-46dc-9e8f-76479cfc31c6,,2025-11-12T07:14:40.841Z,-153.12324292997795,376.25037318542866,0,0,,,screenshots/screen_000018.png
69142eb4410888a7b66fa988,68e48f1a803e577b1177152e,6912a59f410888a7b66ed6cf,screenshot-dc4eb27f-a7fa-46dc-9e8f-76479cfc31c6,,2025-11-12T07:14:40.943Z,-66.88981421699918,368.92477183835666,0,0,,,screenshots/screen_000018.png
69142eb4410888a7b66fa988,68e48f1a803e577b1177152e,6912a59f410888a7b66ed6cf,screenshot-dc4eb27f-a7fa-46dc-9e8f-76479cfc31c6,,2025-11-12T07:14:41.041Z,-73.6420876276552,350.5759596455012,0,0,,,screenshots/screen_000018.png
69142eb4410888a7b66fa988,68e48f1a803e577b1177152e,6912a59f410888a7b66ed6cf,screenshot-dc4eb27f-a7fa-46dc-9e8f-76479cfc31c6,,2025-11-12T07:14:41.140Z,-17.207361573390187,347.2147565218383,0,0,,,screenshots/screen_000018.png
69142eb4410888a7b66fa988,68e48f1a803e577b1177152e,6912a59f410888a7b66ed6cf,screenshot-dc4eb27f-a7fa-46dc-9e8f-76479cfc31c6,,2025-11-12T07:14:41.238Z,-28.082744624912316,328.5291301064883,0,0,,,screenshots/screen_000018.png
69142eb4410888a7b66fa988,68e48f1a803e577b1177152e,6912a59f410888a7b66ed6cf,screenshot-dc4eb27f-a7fa-46dc-9e8f-76479cfc31c6,,2025-11-12T07:14:41.345Z,64.41092715306053,379.4394910997573,0,0,,,screenshots/screen_000018.png
69142eb4410888a7b66fa988,68e48f1a803e577b1177152e,6912a59f410888a7b66ed6cf,screenshot-dc4eb27f-a7fa-46dc-9e8f-76479cfc31c6,,2025-11-12T07:14:41.453Z,64.60158720803106,396.5259470918723,0,0,,,screenshots/screen_000018.png
69142eb4410888a7b66fa988,68e48f1a803e577b1177152e,6912a59f410888a7b66ed6cf,screenshot-dc4eb27f-a7fa-46dc-9e8f-76479cfc31c6,,2025-11-12T07:14:41.578Z,121.59314577111815,420.2220358762782,0,0,,,screenshots/screen_000018.png
69142eb4410888a7b66fa988,68e48f1a803e577b1177152e,6912a59f410888a7b66ed6cf,screenshot-dc4eb27f-a7fa-46dc-9e8f-76479cfc31c6,,2025-11-12T07:14:41.699Z,197.74576345645914,443.22614400721676,0,0,,,screenshots/screen_000018.png
69142eb4410888a7b66fa988,68e48f1a803e577b1177152e,6912a59f410888a7b66ed6cf,screenshot-dc4eb27f-a7fa-46dc-9e8f-76479cfc31c6,,2025-11-12T07:14:41.832Z,380.72849885098447,400.8985445998959,0,0,,,screenshots/screen_000018.png
69142eb4410888a7b66fa988,68e48f1a803e577b1177152e,6912a59f410888a7b66ed6cf,screenshot-dc4eb27f-a7fa-46dc-9e8f-76479cfc31c6,,2025-11-12T07:14:41.975Z,418.22846314394417,400.1039142866876,0,0,,,screenshots/screen_000018.png
69142eb4410888a7b66fa988,68e48f1a803e577b1177152e,6912a59f410888a7b66ed6cf,screenshot-dc4eb27f-a7fa-46dc-9e8f-76479cfc31c6,,2025-11-12T07:14:42.099Z,356.35529404322506,434.16422678405405,0,0,,,screenshots/screen_000018.png
69142eb4410888a7b66fa988,68e48f1a803e577b1177152e,6912a59f410888a7b66ed6cf,screenshot-dc4eb27f-a7fa-46dc-9e8f-76479cfc31c6,,2025-11-12T07:14:42.221Z,382.9528583375219,426.68872742914454,0,0,,,screenshots/screen_000018.png
69142eb4410888a7b66fa988,68e48f1a803e577b1177152e,6912a59f410888a7b66ed6cf,screenshot-dc4eb27f-a7fa-46dc-9e8f-76479cfc31c6,,2025-11-12T07:14:42.357Z,346.58976404827456,417.8835852028726,0,0,,,screenshots/screen_000018.png
69142eb4410888a7b66fa988,68e48f1a803e577b1177152e,6912a59f410888a7b66ed6cf,screenshot-dc4eb27f-a7fa-46dc-9e8f-76479cfc31c6,,2025-11-12T07:14:42.494Z,328.234741361011,412.6176962140867,0,0,,,screenshots/screen_000018.png
69142eb4410888a7b66fa988,68e48f1a803e577b1177152e,6912a59f410888a7b66ed6cf,screenshot-dc4eb27f-a7fa-46dc-9e8f-76479cfc31c6,,2025-11-12T07:14:42.625Z,313.7568294204536,422.34747158020593,0,0,,,screenshots/screen_000018.png
69142eb4410888a7b66fa988,68e48f1a803e577b1177152e,6912a59f410888a7b66ed6cf,screenshot-dc4eb27f-a7fa-46dc-9e8f-76479cfc31c6,,2025-11-12T07:14:42.767Z,278.36631160087126,424.0042391176753,0,0,,,screenshots/screen_000018.png
69142eb4410888a7b66fa988,68e48f1a803e577b1177152e,6912a59f410888a7b66ed6cf,screenshot-dc4eb27f-a7fa-46dc-9e8f-76479cfc31c6,,2025-11-12T07:14:42.893Z,377.75235501996957,401.3704780954042,0,0,,,screenshots/screen_000018.png
69142eb4410888a7b66fa988,68e48f1a803e577b1177152e,6912a59f410888a7b66ed6cf,screenshot-dc4eb27f-a7fa-46dc-9e8f-76479cfc31c6,,2025-11-12T07:14:43.041Z,367.6553444867236,372.22731453604956,0,0,,,screenshots/screen_000018.png
69142eb4410888a7b66fa988,68e48f1a803e577b1177152e,6912a59f410888a7b66ed6cf,screenshot-dc4eb27f-a7fa-46dc-9e8f-76479cfc31c6,,2025-11-12T07:14:43.166Z,351.0639130609745,365.71004352637914,0,0,,,screenshots/screen_000018.png
69142eb4410888a7b66fa988,68e48f1a803e577b1177152e,6912a59f410888a7b66ed6cf,screenshot-dc4eb27f-a7fa-46dc-9e8f-76479cfc31c6,,2025-11-12T07:14:43.296Z,336.4904443617304,376.5343274637171,0,0,,,screenshots/screen_000018.png
69142eb4410888a7b66fa988,68e48f1a803e577b1177152e,6912a59f410888a7b66ed6cf,screenshot-dc4eb27f-a7fa-46dc-9e8f-76479cfc31c6,,2025-11-12T07:14:43.420Z,314.72075877135904,385.3599231470977,0,0,,,screenshots/screen_000018.png
69142eb4410888a7b66fa988,68e48f1a803e577b1177152e,6912a59f410888a7b66ed6cf,screenshot-dc4eb27f-a7fa-46dc-9e8f-76479cfc31c6,,2025-11-12T07:14:43.535Z,248.75904710221715,399.52996082290946,0,0,,,screenshots/screen_000018.png
69142eb4410888a7b66fa988,68e48f1a803e577b1177152e,6912a59f410888a7b66ed6cf,screenshot-dc4eb27f-a7fa-46dc-9e8f-76479cfc31c6,,2025-11-12T07:14:43.657Z,212.16997611177035,373.28002822322196,0,0,,,screenshots/screen_000018.png
69142eb4410888a7b66fa988,68e48f1a803e577b1177152e,6912a59f410888a7b66ed6cf,screenshot-dc4eb27f-a7fa-46dc-9e8f-76479cfc31c6,,2025-11-12T07:14:43.784Z,197.76268978713685,390.3978664365462,0,0,,,screenshots/screen_000018.png
69142eb4410888a7b66fa988,68e48f1a803e577b1177152e,6912a59f410888a7b66ed6cf,screenshot-dc4eb27f-a7fa-46dc-9e8f-76479cfc31c6,,2025-11-12T07:14:43.891Z,92.49379355693753,440.9132713701873,0,0,,,screenshots/screen_000018.png
69142eb4410888a7b66fa988,68e48f1a803e577b1177152e,6912a59f410888a7b66ed6cf,screenshot-dc4eb27f-a7fa-46dc-9e8f-76479cfc31c6,,2025-11-12T07:14:43.995Z,117.03434471023857,488.5895272155712,0,0,,,screenshots/screen_000018.png
69142eb4410888a7b66fa988,68e48f1a803e577b1177152e,6912a59f410888a7b66ed6cf,screenshot-dc4eb27f-a7fa-46dc-9e8f-76479cfc31c6,,2025-11-12T07:14:44.093Z,62.41914172384506,494.51975895004136,0,0,,,screenshots/screen_000018.png
69142eb4410888a7b66fa988,68e48f1a803e577b1177152e,6912a59f410888a7b66ed6cf,screenshot-dc4eb27f-a7fa-46dc-9e8f-76479cfc31c6,,2025-11-12T07:14:44.233Z,166.5567781299978,472.39580150872894,0,0,,,screenshots/screen_000018.png
69142eb4410888a7b66fa988,68e48f1a803e577b1177152e,6912a59f410888a7b66ed6cf,screenshot-dc4eb27f-a7fa-46dc-9e8f-76479cfc31c6,,2025-11-12T07:14:44.345Z,212.56460073780798,444.35036288610706,0,0,,,screenshots/screen_000018.png
69142eb4410888a7b66fa988,68e48f1a803e577b1177152e,6912a59f410888a7b66ed6cf,screenshot-dc4eb27f-a7fa-46dc-9e8f-76479cfc31c6,,2025-11-12T07:14:44.457Z,206.45327419627063,417.3520412878293,0,0,,,screenshots/screen_000018.png
69142eb4410888a7b66fa988,68e48f1a803e577b1177152e,6912a59f410888a7b66ed6cf,screenshot-dc4eb27f-a7fa-46dc-9e8f-76479cfc31c6,,2025-11-12T07:14:44.560Z,209.34752723137134,422.20037930440714,0,0,,,screenshots/screen_000018.png
69142eb4410888a7b66fa988,68e48f1a803e577b1177152e,6912a59f410888a7b66ed6cf,screenshot-dc4eb27f-a7fa-46dc-9e8f-76479cfc31c6,,2025-11-12T07:14:44.659Z,269.7719433147893,401.74012241561786,0,0,,,screenshots/screen_000018.png
69142eb4410888a7b66fa988,68e48f1a803e577b1177152e,6912a59f410888a7b66ed6cf,screenshot-dc4eb27f-a7fa-46dc-9e8f-76479cfc31c6,,2025-11-12T07:14:44.761Z,290.8713075581594,366.1841082918212,0,0,,,screenshots/screen_000018.png
69142eb4410888a7b66fa988,68e48f1a803e577b1177152e,6912a59f410888a7b66ed6cf,screenshot-dc4eb27f-a7fa-46dc-9e8f-76479cfc31c6,,2025-11-12T07:14:44.860Z,305.8104229140473,361.04130735275754,0,0,,,screenshots/screen_000018.png
69142eb4410888a7b66fa988,68e48f1a803e577b1177152e,6912a59f410888a7b66ed6cf,screenshot-dc4eb27f-a7fa-46dc-9e8f-76479cfc31c6,,2025-11-12T07:14:44.971Z,338.3639990038825,330.45929079833695,0,0,,,screenshots/screen_000018.png
69142eb4410888a7b66fa988,68e48f1a803e577b1177152e,6912a59f410888a7b66ed6cf,screenshot-dc4eb27f-a7fa-46dc-9e8f-76479cfc31c6,,2025-11-12T07:14:45.082Z,349.723704074279,330.5316717986421,0,0,,,screenshots/screen_000018.png
69142eb4410888a7b66fa988,68e48f1a803e577b1177152e,6912a59f410888a7b66ed6cf,screenshot-dc4eb27f-a7fa-46dc-9e8f-76479cfc31c6,,2025-11-12T07:14:45.191Z,345.6062083440419,326.93876486510806,0,0,,,screenshots/screen_000018.png
69142eb4410888a7b66fa988,68e48f1a803e577b1177152e,6912a59f410888a7b66ed6cf,screenshot-dc4eb27f-a7fa-46dc-9e8f-76479cfc31c6,,2025-11-12T07:14:45.297Z,365.5675214112737,298.8293967387838,0,0,,,screenshots/screen_000018.png
69142eb4410888a7b66fa988,68e48f1a803e577b1177152e,6912a59f410888a7b66ed6cf,screenshot-dc4eb27f-a7fa-46dc-9e8f-76479cfc31c6,,2025-11-12T07:14:45.401Z,317.5939743246666,297.6668555233982,0,0,,,screenshots/screen_000018.png
69142eb4410888a7b66fa988,68e48f1a803e577b1177152e,6912a59f410888a7b66ed6cf,screenshot-dc4eb27f-a7fa-46dc-9e8f-76479cfc31c6,,2025-11-12T07:14:45.499Z,322.446674820119,323.65997588791845,0,0,,,screenshots/screen_000018.png
69142eb4410888a7b66fa988,68e48f1a803e577b1177152e,6912a59f410888a7b66ed6cf,screenshot-dc4eb27f-a7fa-46dc-9e8f-76479cfc31c6,,2025-11-12T07:14:45.604Z,326.91567116669904,285.4003601992818,0,0,,,screenshots/screen_000018.png
69142eb4410888a7b66fa988,68e48f1a803e577b1177152e,6912a59f410888a7b66ed6cf,screenshot-dc4eb27f-a7fa-46dc-9e8f-76479cfc31c6,,2025-11-12T07:14:45.711Z,339.9418672554524,276.1831062766456,0,0,,,screenshots/screen_000018.png
69142eb4410888a7b66fa988,68e48f1a803e577b1177152e,6912a59f410888a7b66ed6cf,screenshot-dc4eb27f-a7fa-46dc-9e8f-76479cfc31c6,,2025-11-12T07:14:45.816Z,373.0603736726631,277.04032815113476,0,0,,,screenshots/screen_000018.png
69142eb4410888a7b66fa988,68e48f1a803e577b1177152e,6912a59f410888a7b66ed6cf,screenshot-dc4eb27f-a7fa-46dc-9e8f-76479cfc31c6,,2025-11-12T07:14:45.926Z,376.7827843711854,287.2358382090123,0,0,,,screenshots/screen_000018.png
69142eb4410888a7b66fa988,68e48f1a803e577b1177152e,6912a59f410888a7b66ed6cf,screenshot-dc4eb27f-a7fa-46dc-9e8f-76479cfc31c6,,2025-11-12T07:14:46.561Z,338.03645839270075,283.2047200469128,0,0,,,screenshots/screen_000018.png
69142eb4410888a7b66fa988,68e48f1a803e577b1177152e,6912a59f410888a7b66ed6cf,screenshot-dc4eb27f-a7fa-46dc-9e8f-76479cfc31c6,,2025-11-12T07:14:47.153Z,292.0793531040607,265.1989370550209,0,0,,,screenshots/screen_000018.png
69142eb4410888a7b66fa988,68e48f1a803e577b1177152e,6912a59f410888a7b66ed6cf,screenshot-dc4eb27f-a7fa-46dc-9e8f-76479cfc31c6,,2025-11-12T07:14:47.346Z,270.1103831110152,255.70559126800524,0,0,,,screenshots/screen_000018.png
69142eb4410888a7b66fa988,68e48f1a803e577b1177152e,6912a59f410888a7b66ed6cf,screenshot-dc4eb27f-a7fa-46dc-9e8f-76479cfc31c6,,2025-11-12T07:14:47.550Z,217.5158771987288,282.19385351230517,0,0,,,screenshots/screen_000018.png
69142eb4410888a7b66fa988,68e48f1a803e577b1177152e,6912a59f410888a7b66ed6cf,screenshot-e343f0ab-8032-4812-a686-ce953962fbe1,,2025-11-12T07:14:48.768Z,267.763321043259,307.1166217528916,0,0,,,screenshots/screen_000019.png
69142eb4410888a7b66fa988,68e48f1a803e577b1177152e,6912a59f410888a7b66ed6cf,screenshot-e343f0ab-8032-4812-a686-ce953962fbe1,,2025-11-12T07:14:48.885Z,204.62109774897272,346.2244931806999,0,0,,,screenshots/screen_000019.png
69142eb4410888a7b66fa988,68e48f1a803e577b1177152e,6912a59f410888a7b66ed6cf,screenshot-e343f0ab-8032-4812-a686-ce953962fbe1,,2025-11-12T07:14:49.030Z,245.4723399139727,383.60377118101843,0,0,,,screenshots/screen_000019.png
69142eb4410888a7b66fa988,68e48f1a803e577b1177152e,6912a59f410888a7b66ed6cf,screenshot-e343f0ab-8032-4812-a686-ce953962fbe1,,2025-11-12T07:14:49.154Z,269.0429829621051,439.3534740350535,0,0,,,screenshots/screen_000019.png
69142eb4410888a7b66fa988,68e48f1a803e577b1177152e,6912a59f410888a7b66ed6cf,screenshot-e343f0ab-8032-4812-a686-ce953962fbe1,,2025-11-12T07:14:49.281Z,226.06184719481635,487.49062421448394,0,0,,,screenshots/screen_000019.png
69142eb4410888a7b66fa988,68e48f1a803e577b1177152e,6912a59f410888a7b66ed6cf,screenshot-e343f0ab-8032-4812-a686-ce953962fbe1,,2025-11-12T07:14:49.421Z,195.98012540134158,496.2641415919239,0,0,,,screenshots/screen_000019.png
69142eb4410888a7b66fa988,68e48f1a803e577b1177152e,6912a59f410888a7b66ed6cf,screenshot-e343f0ab-8032-4812-a686-ce953962fbe1,,2025-11-12T07:14:49.541Z,182.35547697264835,504.6116025435556,0,0,,,screenshots/screen_000019.png
69142eb4410888a7b66fa988,68e48f1a803e577b1177152e,6912a59f410888a7b66ed6cf,screenshot-e343f0ab-8032-4812-a686-ce953962fbe1,,2025-11-12T07:14:49.685Z,186.56694664683243,518.1030749192356,0,0,,,screenshots/screen_000019.png
69142eb4410888a7b66fa988,68e48f1a803e577b1177152e,6912a59f410888a7b66ed6cf,screenshot-e343f0ab-8032-4812-a686-ce953962fbe1,,2025-11-12T07:14:49.833Z,186.4090475399983,535.4198751523448,0,0,,,screenshots/screen_000019.png
69142eb4410888a7b66fa988,68e48f1a803e577b1177152e,6912a59f410888a7b66ed6cf,screenshot-e343f0ab-8032-4812-a686-ce953962fbe1,,2025-11-12T07:14:49.967Z,280.46563916007256,551.9155001881569,0,0,,,screenshots/screen_000019.png
69142eb4410888a7b66fa988,68e48f1a803e577b1177152e,6912a59f410888a7b66ed6cf,screenshot-e343f0ab-8032-4812-a686-ce953962fbe1,,2025-11-12T07:14:50.085Z,292.22919750242716,554.3975476105779,0,0,,,screenshots/screen_000019.png
69142eb4410888a7b66fa988,68e48f1a803e577b1177152e,6912a59f410888a7b66ed6cf,screenshot-e343f0ab-8032-4812-a686-ce953962fbe1,,2025-11-12T07:14:50.219Z,279.9824275009449,588.9786171066262,0,0,,,screenshots/screen_000019.png
69142eb4410888a7b66fa988,68e48f1a803e577b1177152e,6912a59f410888a7b66ed6cf,screenshot-e343f0ab-8032-4812-a686-ce953962fbe1,,2025-11-12T07:14:50.354Z,358.51829644869986,545.1193603199551,0,0,,,screenshots/screen_000019.png
69142eb4410888a7b66fa988,68e48f1a803e577b1177152e,6912a59f410888a7b66ed6cf,screenshot-e343f0ab-8032-4812-a686-ce953962fbe1,,2025-11-12T07:14:50.477Z,358.6088261004915,540.5290333470055,0,0,,,screenshots/screen_000019.png
69142eb4410888a7b66fa988,68e48f1a803e577b1177152e,6912a59f410888a7b66ed6cf,screenshot-e343f0ab-8032-4812-a686-ce953962fbe1,,2025-11-12T07:14:50.582Z,319.5839792188213,514.8970622413274,0,0,,,screenshots/screen_000019.png
69142eb4410888a7b66fa988,68e48f1a803e577b1177152e,6912a59f410888a7b66ed6cf,screenshot-e343f0ab-8032-4812-a686-ce953962fbe1,,2025-11-12T07:14:50.680Z,249.17040302878215,522.9138384883146,0,0,,,screenshots/screen_000019.png
69142eb4410888a7b66fa988,68e48f1a803e577b1177152e,6912a59f410888a7b66ed6cf,screenshot-e343f0ab-8032-4812-a686-ce953962fbe1,,2025-11-12T07:14:50.794Z,142.51489682370965,543.6031877918881,0,0,,,screenshots/screen_000019.png
69142eb4410888a7b66fa988,68e48f1a803e577b1177152e,6912a59f410888a7b66ed6cf,screenshot-e343f0ab-8032-4812-a686-ce953962fbe1,,2025-11-12T07:14:50.974Z,198.72352897257878,543.823123850189,0,0,,,screenshots/screen_000019.png
69142eb4410888a7b66fa988,68e48f1a803e577b1177152e,6912a59f410888a7b66ed6cf,screenshot-e343f0ab-8032-4812-a686-ce953962fbe1,,2025-11-12T07:14:51.101Z,208.74846766564738,528.7016934680191,0,0,,,screenshots/screen_000019.png
69142eb4410888a7b66fa988,68e48f1a803e577b1177152e,6912a59f410888a7b66ed6cf,screenshot-e343f0ab-8032-4812-a686-ce953962fbe1,,2025-11-12T07:14:51.235Z,280.0275895415774,491.2118350102614,0,0,,,screenshots/screen_000019.png
69142eb4410888a7b66fa988,68e48f1a803e577b1177152e,6912a59f410888a7b66ed6cf,screenshot-e343f0ab-8032-4812-a686-ce953962fbe1,,2025-11-12T07:14:51.355Z,402.2722993253906,470.38061502717716,0,0,,,screenshots/screen_000019.png
69142eb4410888a7b66fa988,68e48f1a803e577b1177152e,6912a59f410888a7b66ed6cf,screenshot-e343f0ab-8032-4812-a686-ce953962fbe1,,2025-11-12T07:14:51.467Z,524.1334611487264,457.8347046697397,0,0,,,screenshots/screen_000019.png
69142eb4410888a7b66fa988,68e48f1a803e577b1177152e,6912a59f410888a7b66ed6cf,screenshot-e343f0ab-8032-4812-a686-ce953962fbe1,,2025-11-12T07:14:51.583Z,652.070912902751,465.9643022307925,0,0,,,screenshots/screen_000019.png
69142eb4410888a7b66fa988,68e48f1a803e577b1177152e,6912a59f410888a7b66ed6cf,screenshot-e343f0ab-8032-4812-a686-ce953962fbe1,,2025-11-12T07:14:51.690Z,627.2552828041571,486.27431684952376,0,0,,,screenshots/screen_000019.png
69142eb4410888a7b66fa988,68e48f1a803e577b1177152e,6912a59f410888a7b66ed6cf,screenshot-e343f0ab-8032-4812-a686-ce953962fbe1,,2025-11-12T07:14:51.811Z,701.9135236994669,473.4893902876459,0,0,,,screenshots/screen_000019.png
69142eb4410888a7b66fa988,68e48f1a803e577b1177152e,6912a59f410888a7b66ed6cf,screenshot-e343f0ab-8032-4812-a686-ce953962fbe1,,2025-11-12T07:14:51.924Z,680.5295591151448,506.2095485176305,0,0,,,screenshots/screen_000019.png
69142eb4410888a7b66fa988,68e48f1a803e577b1177152e,6912a59f410888a7b66ed6cf,screenshot-e343f0ab-8032-4812-a686-ce953962fbe1,,2025-11-12T07:14:52.079Z,598.905304523351,555.0370191764528,0,0,,,screenshots/screen_000019.png
69142eb4410888a7b66fa988,68e48f1a803e577b1177152e,6912a59f410888a7b66ed6cf,screenshot-e343f0ab-8032-4812-a686-ce953962fbe1,,2025-11-12T07:14:52.263Z,533.9443027453248,580.0484978344057,0,0,,,screenshots/screen_000019.png
69142eb4410888a7b66fa988,68e48f1a803e577b1177152e,6912a59f410888a7b66ed6cf,screenshot-e343f0ab-8032-4812-a686-ce953962fbe1,,2025-11-12T07:14:52.429Z,559.1968064049352,585.8607968500596,0,0,,,screenshots/screen_000019.png
69142eb4410888a7b66fa988,68e48f1a803e577b1177152e,6912a59f410888a7b66ed6cf,screenshot-e343f0ab-8032-4812-a686-ce953962fbe1,,2025-11-12T07:14:52.584Z,548.4224561184756,568.8072252723102,0,0,,,screenshots/screen_000019.png
69142eb4410888a7b66fa988,68e48f1a803e577b1177152e,6912a59f410888a7b66ed6cf,screenshot-e343f0ab-8032-4812-a686-ce953962fbe1,,2025-11-12T07:14:52.746Z,567.1406426417791,568.5354986406378,0,0,,,screenshots/screen_000019.png
69142eb4410888a7b66fa988,68e48f1a803e577b1177152e,6912a59f410888a7b66ed6cf,screenshot-e343f0ab-8032-4812-a686-ce953962fbe1,,2025-11-12T07:14:52.929Z,526.7125391594287,563.634737864173,0,0,,,screenshots/screen_000019.png
69142eb4410888a7b66fa988,68e48f1a803e577b1177152e,6912a59f410888a7b66ed6cf,screenshot-e343f0ab-8032-4812-a686-ce953962fbe1,,2025-11-12T07:14:53.113Z,521.6249860004007,552.8224062923198,0,0,,,screenshots/screen_000019.png
69142eb4410888a7b66fa988,68e48f1a803e577b1177152e,6912a59f410888a7b66ed6cf,screenshot-e343f0ab-8032-4812-a686-ce953962fbe1,,2025-11-12T07:14:53.915Z,506.8202861190367,512.5603946743189,0,0,,,screenshots/screen_000019.png
69142eb4410888a7b66fa988,68e48f1a803e577b1177152e,6912a59f410888a7b66ed6cf,screenshot-e343f0ab-8032-4812-a686-ce953962fbe1,,2025-11-12T07:14:54.587Z,535.1414873383279,441.75710521879176,0,0,,,screenshots/screen_000019.png
69142eb4410888a7b66fa988,68e48f1a803e577b1177152e,6912a59f410888a7b66ed6cf,screenshot-e343f0ab-8032-4812-a686-ce953962fbe1,,2025-11-12T07:14:54.797Z,595.9123768999516,377.8954947538475,0,0,,,screenshots/screen_000019.png
69142eb4410888a7b66fa988,68e48f1a803e577b1177152e,6912a59f410888a7b66ed6cf,screenshot-424e58e1-0231-46e0-a10e-8ac3dae83f6a,,2025-11-12T07:14:56.395Z,636.3548187379582,223.5656940112221,0,0,,,screenshots/screen_000020.png
69142eb4410888a7b66fa988,68e48f1a803e577b1177152e,6912a59f410888a7b66ed6cf,screenshot-424e58e1-0231-46e0-a10e-8ac3dae83f6a,,2025-11-12T07:14:56.507Z,602.0060346811921,257.80040464134345,0,0,,,screenshots/screen_000020.png
69142eb4410888a7b66fa988,68e48f1a803e577b1177152e,6912a59f410888a7b66ed6cf,screenshot-424e58e1-0231-46e0-a10e-8ac3dae83f6a,,2025-11-12T07:14:56.631Z,530.0058182013843,296.721879995175,0,0,,,screenshots/screen_000020.png
69142eb4410888a7b66fa988,68e48f1a803e577b1177152e,6912a59f410888a7b66ed6cf,screenshot-424e58e1-0231-46e0-a10e-8ac3dae83f6a,,2025-11-12T07:14:56.732Z,543.9585730161779,308.5877801536489,0,0,,,screenshots/screen_000020.png
69142eb4410888a7b66fa988,68e48f1a803e577b1177152e,6912a59f410888a7b66ed6cf,screenshot-424e58e1-0231-46e0-a10e-8ac3dae83f6a,,2025-11-12T07:14:56.831Z,522.0666059655491,342.077363853985,0,0,,,screenshots/screen_000020.png
69142eb4410888a7b66fa988,68e48f1a803e577b1177152e,6912a59f410888a7b66ed6cf,screenshot-424e58e1-0231-46e0-a10e-8ac3dae83f6a,,2025-11-12T07:14:56.933Z,434.8235243379265,373.4354357289276,0,0,,,screenshots/screen_000020.png
69142eb4410888a7b66fa988,68e48f1a803e577b1177152e,6912a59f410888a7b66ed6cf,screenshot-424e58e1-0231-46e0-a10e-8ac3dae83f6a,,2025-11-12T07:14:57.029Z,362.79596851410446,416.40341406401046,0,0,,,screenshots/screen_000020.png
69142eb4410888a7b66fa988,68e48f1a803e577b1177152e,6912a59f410888a7b66ed6cf,screenshot-424e58e1-0231-46e0-a10e-8ac3dae83f6a,,2025-11-12T07:14:57.131Z,294.42689429292784,428.8509987937946,0,0,,,screenshots/screen_000020.png
69142eb4410888a7b66fa988,68e48f1a803e577b1177152e,6912a59f410888a7b66ed6cf,screenshot-424e58e1-0231-46e0-a10e-8ac3dae83f6a,,2025-11-12T07:14:57.234Z,228.35241348549408,417.7433772712376,0,0,,,screenshots/screen_000020.png
69142eb4410888a7b66fa988,68e48f1a803e577b1177152e,6912a59f410888a7b66ed6cf,screenshot-424e58e1-0231-46e0-a10e-8ac3dae83f6a,,2025-11-12T07:14:57.338Z,186.00706338290982,429.11299300164666,0,0,,,screenshots/screen_000020.png
69142eb4410888a7b66fa988,68e48f1a803e577b1177152e,6912a59f410888a7b66ed6cf,screenshot-424e58e1-0231-46e0-a10e-8ac3dae83f6a,,2025-11-12T07:14:57.445Z,81.0563711617021,446.72638734404416,0,0,,,screenshots/screen_000020.png
69142eb4410888a7b66fa988,68e48f1a803e577b1177152e,6912a59f410888a7b66ed6cf,screenshot-424e58e1-0231-46e0-a10e-8ac3dae83f6a,,2025-11-12T07:14:57.547Z,147.6917958102876,429.8956981032753,0,0,,,screenshots/screen_000020.png
69142eb4410888a7b66fa988,68e48f1a803e577b1177152e,6912a59f410888a7b66ed6cf,screenshot-424e58e1-0231-46e0-a10e-8ac3dae83f6a,,2025-11-12T07:14:57.664Z,224.0874573875532,416.68298407118994,0,0,,,screenshots/screen_000020.png
69142eb4410888a7b66fa988,68e48f1a803e577b1177152e,6912a59f410888a7b66ed6cf,screenshot-424e58e1-0231-46e0-a10e-8ac3dae83f6a,,2025-11-12T07:14:57.764Z,257.295297509505,407.5847737099977,0,0,,,screenshots/screen_000020.png
69142eb4410888a7b66fa988,68e48f1a803e577b1177152e,6912a59f410888a7b66ed6cf,screenshot-424e58e1-0231-46e0-a10e-8ac3dae83f6a,,2025-11-12T07:14:57.865Z,297.71458399441406,392.93823089910654,0,0,,,screenshots/screen_000020.png
69142eb4410888a7b66fa988,68e48f1a803e577b1177152e,6912a59f410888a7b66ed6cf,screenshot-424e58e1-0231-46e0-a10e-8ac3dae83f6a,,2025-11-12T07:14:57.968Z,368.00392637649577,380.6296809115702,0,0,,,screenshots/screen_000020.png
69142eb4410888a7b66fa988,68e48f1a803e577b1177152e,6912a59f410888a7b66ed6cf,screenshot-424e58e1-0231-46e0-a10e-8ac3dae83f6a,,2025-11-12T07:14:58.069Z,358.1403862147767,371.9229358365599,0,0,,,screenshots/screen_000020.png
69142eb4410888a7b66fa988,68e48f1a803e577b1177152e,6912a59f410888a7b66ed6cf,screenshot-424e58e1-0231-46e0-a10e-8ac3dae83f6a,,2025-11-12T07:14:58.169Z,507.13640756784866,315.9846116421447,0,0,,,screenshots/screen_000020.png
69142eb4410888a7b66fa988,68e48f1a803e577b1177152e,6912a59f410888a7b66ed6cf,screenshot-424e58e1-0231-46e0-a10e-8ac3dae83f6a,,2025-11-12T07:14:58.262Z,587.0788004797946,283.8829497482735,0,0,,,screenshots/screen_000020.png
69142eb4410888a7b66fa988,68e48f1a803e577b1177152e,6912a59f410888a7b66ed6cf,screenshot-424e58e1-0231-46e0-a10e-8ac3dae83f6a,,2025-11-12T07:14:58.361Z,571.6107310051957,263.7898611083431,0,0,,,screenshots/screen_000020.png
69142eb4410888a7b66fa988,68e48f1a803e577b1177152e,6912a59f410888a7b66ed6cf,screenshot-424e58e1-0231-46e0-a10e-8ac3dae83f6a,,2025-11-12T07:14:58.474Z,621.7630029501393,284.89229894926376,0,0,,,screenshots/screen_000020.png
69142eb4410888a7b66fa988,68e48f1a803e577b1177152e,6912a59f410888a7b66ed6cf,screenshot-424e58e1-0231-46e0-a10e-8ac3dae83f6a,,2025-11-12T07:14:58.569Z,708.1444219191077,259.46194742704233,0,0,,,screenshots/screen_000020.png
69142eb4410888a7b66fa988,68e48f1a803e577b1177152e,6912a59f410888a7b66ed6cf,screenshot-424e58e1-0231-46e0-a10e-8ac3dae83f6a,,2025-11-12T07:14:58.671Z,750.87505063274,245.69047460309577,0,0,,,screenshots/screen_000020.png
69142eb4410888a7b66fa988,68e48f1a803e577b1177152e,6912a59f410888a7b66ed6cf,screenshot-424e58e1-0231-46e0-a10e-8ac3dae83f6a,,2025-11-12T07:14:58.775Z,744.5715323801545,264.3494650203628,0,0,,,screenshots/screen_000020.png
69142eb4410888a7b66fa988,68e48f1a803e577b1177152e,6912a59f410888a7b66ed6cf,screenshot-424e58e1-0231-46e0-a10e-8ac3dae83f6a,,2025-11-12T07:14:58.871Z,706.4763798449092,265.59383288129743,0,0,,,screenshots/screen_000020.png
69142eb4410888a7b66fa988,68e48f1a803e577b1177152e,6912a59f410888a7b66ed6cf,screenshot-424e58e1-0231-46e0-a10e-8ac3dae83f6a,,2025-11-12T07:14:58.972Z,695.7936714988099,245.49479034250578,0,0,,,screenshots/screen_000020.png
69142eb4410888a7b66fa988,68e48f1a803e577b1177152e,6912a59f410888a7b66ed6cf,screenshot-424e58e1-0231-46e0-a10e-8ac3dae83f6a,,2025-11-12T07:14:59.062Z,720.3474462247485,210.5083136185393,0,0,,,screenshots/screen_000020.png
69142eb4410888a7b66fa988,68e48f1a803e577b1177152e,6912a59f410888a7b66ed6cf,screenshot-424e58e1-0231-46e0-a10e-8ac3dae83f6a,,2025-11-12T07:14:59.167Z,733.2736679689095,217.28088116588447,0,0,,,screenshots/screen_000020.png
69142eb4410888a7b66fa988,68e48f1a803e577b1177152e,6912a59f410888a7b66ed6cf,screenshot-424e58e1-0231-46e0-a10e-8ac3dae83f6a,,2025-11-12T07:14:59.278Z,735.9299754473742,277.27869597165716,0,0,,,screenshots/screen_000020.png
69142eb4410888a7b66fa988,68e48f1a803e577b1177152e,6912a59f410888a7b66ed6cf,screenshot-424e58e1-0231-46e0-a10e-8ac3dae83f6a,,2025-11-12T07:14:59.380Z,752.9797287612876,293.21231665935403,0,0,,,screenshots/screen_000020.png
69142eb4410888a7b66fa988,68e48f1a803e577b1177152e,6912a59f410888a7b66ed6cf,screenshot-424e58e1-0231-46e0-a10e-8ac3dae83f6a,,2025-11-12T07:14:59.477Z,735.9292643982753,355.5747162122029,0,0,,,screenshots/screen_000020.png
69142eb4410888a7b66fa988,68e48f1a803e577b1177152e,6912a59f410888a7b66ed6cf,screenshot-424e58e1-0231-46e0-a10e-8ac3dae83f6a,,2025-11-12T07:14:59.576Z,755.0309732164754,378.112659133503,0,0,,,screenshots/screen_000020.png
69142eb4410888a7b66fa988,68e48f1a803e577b1177152e,6912a59f410888a7b66ed6cf,screenshot-424e58e1-0231-46e0-a10e-8ac3dae83f6a,,2025-11-12T07:14:59.681Z,711.7182305569496,410.553406931115,0,0,,,screenshots/screen_000020.png
69142eb4410888a7b66fa988,68e48f1a803e577b1177152e,6912a59f410888a7b66ed6cf,screenshot-424e58e1-0231-46e0-a10e-8ac3dae83f6a,,2025-11-12T07:14:59.782Z,538.780834086733,467.72763006638615,0,0,,,screenshots/screen_000020.png
69142eb4410888a7b66fa988,68e48f1a803e577b1177152e,6912a59f410888a7b66ed6cf,screenshot-424e58e1-0231-46e0-a10e-8ac3dae83f6a,,2025-11-12T07:14:59.885Z,388.7597908311876,500.07187723827093,0,0,,,screenshots/screen_000020.png
69142eb4410888a7b66fa988,68e48f1a803e577b1177152e,6912a59f410888a7b66ed6cf,screenshot-424e58e1-0231-46e0-a10e-8ac3dae83f6a,,2025-11-12T07:14:59.982Z,436.825225677107,497.0132976913394,0,0,,,screenshots/screen_000020.png
69142eb4410888a7b66fa988,68e48f1a803e577b1177152e,6912a59f410888a7b66ed6cf,screenshot-424e58e1-0231-46e0-a10e-8ac3dae83f6a,,2025-11-12T07:15:00.081Z,479.8068066018474,499.81646188632004,0,0,,,screenshots/screen_000020.png
69142eb4410888a7b66fa988,68e48f1a803e577b1177152e,6912a59f410888a7b66ed6cf,screenshot-424e58e1-0231-46e0-a10e-8ac3dae83f6a,,2025-11-12T07:15:00.191Z,587.8631495424714,497.85739700910506,0,0,,,screenshots/screen_000020.png
69142eb4410888a7b66fa988,68e48f1a803e577b1177152e,6912a59f410888a7b66ed6cf,screenshot-424e58e1-0231-46e0-a10e-8ac3dae83f6a,,2025-11-12T07:15:00.295Z,652.4001547452316,480.1036655513977,0,0,,,screenshots/screen_000020.png
69142eb4410888a7b66fa988,68e48f1a803e577b1177152e,6912a59f410888a7b66ed6cf,screenshot-424e58e1-0231-46e0-a10e-8ac3dae83f6a,,2025-11-12T07:15:00.411Z,716.8084901236434,450.0377714229279,0,0,,,screenshots/screen_000020.png
69142eb4410888a7b66fa988,68e48f1a803e577b1177152e,6912a59f410888a7b66ed6cf,screenshot-424e58e1-0231-46e0-a10e-8ac3dae83f6a,,2025-11-12T07:15:00.520Z,586.0962473421753,481.2420423404215,0,0,,,screenshots/screen_000020.png
69142eb4410888a7b66fa988,68e48f1a803e577b1177152e,6912a59f410888a7b66ed6cf,screenshot-424e58e1-0231-46e0-a10e-8ac3dae83f6a,,2025-11-12T07:15:00.634Z,589.8575343164042,442.45297006035287,0,0,,,screenshots/screen_000020.png
69142eb4410888a7b66fa988,68e48f1a803e577b1177152e,6912a59f410888a7b66ed6cf,screenshot-424e58e1-0231-46e0-a10e-8ac3dae83f6a,,2025-11-12T07:15:00.736Z,548.4553874307727,456.24033008839467,0,0,,,screenshots/screen_000020.png
69142eb4410888a7b66fa988,68e48f1a803e577b1177152e,6912a59f410888a7b66ed6cf,screenshot-424e58e1-0231-46e0-a10e-8ac3dae83f6a,,2025-11-12T07:15:00.864Z,437.388806173867,479.6537690397101,0,0,,,screenshots/screen_000020.png
69142eb4410888a7b66fa988,68e48f1a803e577b1177152e,6912a59f410888a7b66ed6cf,screenshot-424e58e1-0231-46e0-a10e-8ac3dae83f6a,,2025-11-12T07:15:00.985Z,382.65738293774194,470.72355898205103,0,0,,,screenshots/screen_000020.png
69142eb4410888a7b66fa988,68e48f1a803e577b1177152e,6912a59f410888a7b66ed6cf,screenshot-424e58e1-0231-46e0-a10e-8ac3dae83f6a,,2025-11-12T07:15:01.104Z,293.5374303525018,485.5089087952761,0,0,,,screenshots/screen_000020.png
69142eb4410888a7b66fa988,68e48f1a803e577b1177152e,6912a59f410888a7b66ed6cf,screenshot-424e58e1-0231-46e0-a10e-8ac3dae83f6a,,2025-11-12T07:15:01.216Z,216.53422409501243,482.2307749715701,0,0,,,screenshots/screen_000020.png
69142eb4410888a7b66fa988,68e48f1a803e577b1177152e,6912a59f410888a7b66ed6cf,screenshot-424e58e1-0231-46e0-a10e-8ac3dae83f6a,,2025-11-12T07:15:01.317Z,184.0938731636255,453.2010784606571,0,0,,,screenshots/screen_000020.png
69142eb4410888a7b66fa988,68e48f1a803e577b1177152e,6912a59f410888a7b66ed6cf,screenshot-424e58e1-0231-46e0-a10e-8ac3dae83f6a,,2025-11-12T07:15:01.420Z,108.53981998660143,463.408430965217,0,0,,,screenshots/screen_000020.png
69142eb4410888a7b66fa988,68e48f1a803e577b1177152e,6912a59f410888a7b66ed6cf,screenshot-424e58e1-0231-46e0-a10e-8ac3dae83f6a,,2025-11-12T07:15:01.519Z,67.59591896483983,483.1888370542737,0,0,,,screenshots/screen_000020.png
69142eb4410888a7b66fa988,68e48f1a803e577b1177152e,6912a59f410888a7b66ed6cf,screenshot-424e58e1-0231-46e0-a10e-8ac3dae83f6a,,2025-11-12T07:15:01.615Z,43.81588237351702,477.6781503654862,0,0,,,screenshots/screen_000020.png
69142eb4410888a7b66fa988,68e48f1a803e577b1177152e,6912a59f410888a7b66ed6cf,screenshot-424e58e1-0231-46e0-a10e-8ac3dae83f6a,,2025-11-12T07:15:01.715Z,109.63737718909141,469.189603612821,0,0,,,screenshots/screen_000020.png
69142eb4410888a7b66fa988,68e48f1a803e577b1177152e,6912a59f410888a7b66ed6cf,screenshot-424e58e1-0231-46e0-a10e-8ac3dae83f6a,,2025-11-12T07:15:01.839Z,188.69464482197327,435.815302857167,0,0,,,screenshots/screen_000020.png
69142eb4410888a7b66fa988,68e48f1a803e577b1177152e,6912a59f410888a7b66ed6cf,screenshot-424e58e1-0231-46e0-a10e-8ac3dae83f6a,,2025-11-12T07:15:01.951Z,210.42431837393246,394.03041814230727,0,0,,,screenshots/screen_000020.png
69142eb4410888a7b66fa988,68e48f1a803e577b1177152e,6912a59f410888a7b66ed6cf,screenshot-424e58e1-0231-46e0-a10e-8ac3dae83f6a,,2025-11-12T07:15:02.077Z,296.53509000478374,336.2488444138795,0,0,,,screenshots/screen_000020.png
69142eb4410888a7b66fa988,68e48f1a803e577b1177152e,6912a59f410888a7b66ed6cf,screenshot-424e58e1-0231-46e0-a10e-8ac3dae83f6a,,2025-11-12T07:15:02.191Z,322.1945322063127,306.8520969704638,0,0,,,screenshots/screen_000020.png
69142eb4410888a7b66fa988,68e48f1a803e577b1177152e,6912a59f410888a7b66ed6cf,screenshot-424e58e1-0231-46e0-a10e-8ac3dae83f6a,,2025-11-12T07:15:02.311Z,321.87269618502023,318.6172057955716,0,0,,,screenshots/screen_000020.png
69142eb4410888a7b66fa988,68e48f1a803e577b1177152e,6912a59f410888a7b66ed6cf,screenshot-424e58e1-0231-46e0-a10e-8ac3dae83f6a,,2025-11-12T07:15:02.436Z,383.18622371168806,255.9125727022473,0,0,,,screenshots/screen_000020.png
69142eb4410888a7b66fa988,68e48f1a803e577b1177152e,6912a59f410888a7b66ed6cf,screenshot-424e58e1-0231-46e0-a10e-8ac3dae83f6a,,2025-11-12T07:15:02.556Z,360.2024998827777,235.63991809761632,0,0,,,screenshots/screen_000020.png
69142eb4410888a7b66fa988,68e48f1a803e577b1177152e,6912a59f410888a7b66ed6cf,screenshot-424e58e1-0231-46e0-a10e-8ac3dae83f6a,,2025-11-12T07:15:02.689Z,368.5844571141559,200.16956780399505,0,0,,,screenshots/screen_000020.png
69142eb4410888a7b66fa988,68e48f1a803e577b1177152e,6912a59f410888a7b66ed6cf,screenshot-424e58e1-0231-46e0-a10e-8ac3dae83f6a,,2025-11-12T07:15:02.814Z,411.1137413782178,181.3290286109145,0,0,,,screenshots/screen_000020.png
69142eb4410888a7b66fa988,68e48f1a803e577b1177152e,6912a59f410888a7b66ed6cf,screenshot-424e58e1-0231-46e0-a10e-8ac3dae83f6a,,2025-11-12T07:15:02.932Z,469.8915791085123,165.86757038433433,0,0,,,screenshots/screen_000020.png
69142eb4410888a7b66fa988,68e48f1a803e577b1177152e,6912a59f410888a7b66ed6cf,screenshot-424e58e1-0231-46e0-a10e-8ac3dae83f6a,,2025-11-12T07:15:03.079Z,558.9545827038222,146.91508518741236,0,0,,,screenshots/screen_000020.png
69142eb4410888a7b66fa988,68e48f1a803e577b1177152e,6912a59f410888a7b66ed6cf,screenshot-424e58e1-0231-46e0-a10e-8ac3dae83f6a,,2025-11-12T07:15:03.211Z,565.4596810144062,119.63362257325466,0,0,,,screenshots/screen_000020.png
69142eb4410888a7b66fa988,68e48f1a803e577b1177152e,6912a59f410888a7b66ed6cf,screenshot-424e58e1-0231-46e0-a10e-8ac3dae83f6a,,2025-11-12T07:15:03.344Z,607.9580106244664,112.18124508000137,0,0,,,screenshots/screen_000020.png
69142eb4410888a7b66fa988,68e48f1a803e577b1177152e,6912a59f410888a7b66ed6cf,screenshot-424e58e1-0231-46e0-a10e-8ac3dae83f6a,,2025-11-12T07:15:03.474Z,647.4635587702065,141.0525721114846,0,0,,,screenshots/screen_000020.png
69142eb4410888a7b66fa988,68e48f1a803e577b1177152e,6912a59f410888a7b66ed6cf,screenshot-424e58e1-0231-46e0-a10e-8ac3dae83f6a,,2025-11-12T07:15:03.611Z,666.9107674412857,139.83008375550142,0,0,,,screenshots/screen_000020.png
69142eb4410888a7b66fa988,68e48f1a803e577b1177152e,6912a59f410888a7b66ed6cf,screenshot-424e58e1-0231-46e0-a10e-8ac3dae83f6a,,2025-11-12T07:15:03.740Z,684.3338495692261,156.16786513918632,0,0,,,screenshots/screen_000020.png
69142eb4410888a7b66fa988,68e48f1a803e577b1177152e,6912a59f410888a7b66ed6cf,screenshot-424e58e1-0231-46e0-a10e-8ac3dae83f6a,,2025-11-12T07:15:03.871Z,664.1275537119104,151.64524026850637,0,0,,,screenshots/screen_000020.png
69142eb4410888a7b66fa988,68e48f1a803e577b1177152e,6912a59f410888a7b66ed6cf,screenshot-424e58e1-0231-46e0-a10e-8ac3dae83f6a,,2025-11-12T07:15:03.982Z,560.3238630691039,173.42217899711534,0,0,,,screenshots/screen_000020.png
69142eb4410888a7b66fa988,68e48f1a803e577b1177152e,6912a59f410888a7b66ed6cf,screenshot-424e58e1-0231-46e0-a10e-8ac3dae83f6a,,2025-11-12T07:15:04.103Z,537.5513885296668,172.23878121124358,0,0,,,screenshots/screen_000020.png
69142eb4410888a7b66fa988,68e48f1a803e577b1177152e,6912a59f410888a7b66ed6cf,screenshot-424e58e1-0231-46e0-a10e-8ac3dae83f6a,,2025-11-12T07:15:04.217Z,491.28642680829915,184.03741585510943,0,0,,,screenshots/screen_000020.png
69142eb4410888a7b66fa988,68e48f1a803e577b1177152e,6912a59f410888a7b66ed6cf,screenshot-424e58e1-0231-46e0-a10e-8ac3dae83f6a,,2025-11-12T07:15:04.332Z,549.7886885063959,183.5614649978499,0,0,,,screenshots/screen_000020.png
69142eb4410888a7b66fa988,68e48f1a803e577b1177152e,6912a59f410888a7b66ed6cf,screenshot-424e58e1-0231-46e0-a10e-8ac3dae83f6a,,2025-11-12T07:15:04.451Z,559.387367071236,182.1012913133645,0,0,,,screenshots/screen_000020.png
69142eb4410888a7b66fa988,68e48f1a803e577b1177152e,6912a59f410888a7b66ed6cf,screenshot-424e58e1-0231-46e0-a10e-8ac3dae83f6a,,2025-11-12T07:15:04.567Z,562.1355006349513,192.11497375656987,0,0,,,screenshots/screen_000020.png
69142eb4410888a7b66fa988,68e48f1a803e577b1177152e,6912a59f410888a7b66ed6cf,screenshot-424e58e1-0231-46e0-a10e-8ac3dae83f6a,,2025-11-12T07:15:04.683Z,576.1984215407435,178.1441430307289,0,0,,,screenshots/screen_000020.png
69142eb4410888a7b66fa988,68e48f1a803e577b1177152e,6912a59f410888a7b66ed6cf,screenshot-424e58e1-0231-46e0-a10e-8ac3dae83f6a,,2025-11-12T07:15:04.801Z,574.4930548262926,140.2089865076304,0,0,,,screenshots/screen_000020.png
69142eb4410888a7b66fa988,68e48f1a803e577b1177152e,6912a59f410888a7b66ed6cf,screenshot-424e58e1-0231-46e0-a10e-8ac3dae83f6a,,2025-11-12T07:15:04.913Z,567.0444654671011,158.06207574775354,0,0,,,screenshots/screen_000020.png
69142eb4410888a7b66fa988,68e48f1a803e577b1177152e,6912a59f410888a7b66ed6cf,screenshot-424e58e1-0231-46e0-a10e-8ac3dae83f6a,,2025-11-12T07:15:05.061Z,602.9763879878881,151.98975123575687,0,0,,,screenshots/screen_000020.png
69142eb4410888a7b66fa988,68e48f1a803e577b1177152e,6912a59f410888a7b66ed6cf,screenshot-424e58e1-0231-46e0-a10e-8ac3dae83f6a,,2025-11-12T07:15:05.227Z,647.9663854345091,139.03690149880327,0,0,,,screenshots/screen_000020.png
69142eb4410888a7b66fa988,68e48f1a803e577b1177152e,6912a59f410888a7b66ed6cf,screenshot-424e58e1-0231-46e0-a10e-8ac3dae83f6a,,2025-11-12T07:15:05.411Z,710.8108668428059,128.14086838145965,0,0,,,screenshots/screen_000020.png
69142eb4410888a7b66fa988,68e48f1a803e577b1177152e,6912a59f410888a7b66ed6cf,screenshot-424e58e1-0231-46e0-a10e-8ac3dae83f6a,,2025-11-12T07:15:05.561Z,734.0131595660674,129.3628722934699,0,0,,,screenshots/screen_000020.png
69142eb4410888a7b66fa988,68e48f1a803e577b1177152e,6912a59f410888a7b66ed6cf,screenshot-424e58e1-0231-46e0-a10e-8ac3dae83f6a,,2025-11-12T07:15:05.727Z,735.4940291857096,139.68030172638572,0,0,,,screenshots/screen_000020.png
69142eb4410888a7b66fa988,68e48f1a803e577b1177152e,6912a59f410888a7b66ed6cf,screenshot-424e58e1-0231-46e0-a10e-8ac3dae83f6a,,2025-11-12T07:15:05.894Z,703.2820922398438,172.79176165780208,0,0,,,screenshots/screen_000020.png
69142eb4410888a7b66fa988,68e48f1a803e577b1177152e,6912a59f410888a7b66ed6cf,screenshot-424e58e1-0231-46e0-a10e-8ac3dae83f6a,,2025-11-12T07:15:06.077Z,657.9360886399788,189.1692381390977,0,0,,,screenshots/screen_000020.png
69142eb4410888a7b66fa988,68e48f1a803e577b1177152e,6912a59f410888a7b66ed6cf,screenshot-424e58e1-0231-46e0-a10e-8ac3dae83f6a,,2025-11-12T07:15:06.216Z,680.7910687745418,199.8806609269083,0,0,,,screenshots/screen_000020.png
69142eb4410888a7b66fa988,68e48f1a803e577b1177152e,6912a59f410888a7b66ed6cf,screenshot-424e58e1-0231-46e0-a10e-8ac3dae83f6a,,2025-11-12T07:15:06.334Z,686.1394364428784,198.2201511075422,0,0,,,screenshots/screen_000020.png
69142eb4410888a7b66fa988,68e48f1a803e577b1177152e,6912a59f410888a7b66ed6cf,screenshot-424e58e1-0231-46e0-a10e-8ac3dae83f6a,,2025-11-12T07:15:06.436Z,627.5694789979201,205.05191647906022,0,0,,,screenshots/screen_000020.png
69142eb4410888a7b66fa988,68e48f1a803e577b1177152e,6912a59f410888a7b66ed6cf,screenshot-424e58e1-0231-46e0-a10e-8ac3dae83f6a,,2025-11-12T07:15:06.538Z,674.3124210077627,205.0968409209307,0,0,,,screenshots/screen_000020.png
69142eb4410888a7b66fa988,68e48f1a803e577b1177152e,6912a59f410888a7b66ed6cf,screenshot-424e58e1-0231-46e0-a10e-8ac3dae83f6a,,2025-11-12T07:15:06.633Z,572.7001994033983,234.93157255543323,0,0,,,screenshots/screen_000020.png
69142eb4410888a7b66fa988,68e48f1a803e577b1177152e,6912a59f410888a7b66ed6cf,screenshot-424e58e1-0231-46e0-a10e-8ac3dae83f6a,,2025-11-12T07:15:06.733Z,570.2389419009507,242.01667295507906,0,0,,,screenshots/screen_000020.png
69142eb4410888a7b66fa988,68e48f1a803e577b1177152e,6912a59f410888a7b66ed6cf,screenshot-424e58e1-0231-46e0-a10e-8ac3dae83f6a,,2025-11-12T07:15:06.832Z,556.998885065229,245.8192223054894,0,0,,,screenshots/screen_000020.png
69142eb4410888a7b66fa988,68e48f1a803e577b1177152e,6912a59f410888a7b66ed6cf,screenshot-424e58e1-0231-46e0-a10e-8ac3dae83f6a,,2025-11-12T07:15:06.938Z,591.2181169261004,243.97048638224268,0,0,,,screenshots/screen_000020.png
69142eb4410888a7b66fa988,68e48f1a803e577b1177152e,6912a59f410888a7b66ed6cf,screenshot-424e58e1-0231-46e0-a10e-8ac3dae83f6a,,2025-11-12T07:15:07.039Z,641.9999790355554,235.29488377091468,0,0,,,screenshots/screen_000020.png
69142eb4410888a7b66fa988,68e48f1a803e577b1177152e,6912a59f410888a7b66ed6cf,screenshot-424e58e1-0231-46e0-a10e-8ac3dae83f6a,,2025-11-12T07:15:07.161Z,659.2393008112255,233.79642665648313,0,0,,,screenshots/screen_000020.png
69142eb4410888a7b66fa988,68e48f1a803e577b1177152e,6912a59f410888a7b66ed6cf,screenshot-424e58e1-0231-46e0-a10e-8ac3dae83f6a,,2025-11-12T07:15:07.272Z,659.5917132595246,222.41984604935922,0,0,,,screenshots/screen_000020.png
69142eb4410888a7b66fa988,68e48f1a803e577b1177152e,6912a59f410888a7b66ed6cf,screenshot-424e58e1-0231-46e0-a10e-8ac3dae83f6a,,2025-11-12T07:15:07.371Z,680.9572354864467,207.70777136309968,0,0,,,screenshots/screen_000020.png
69142eb4410888a7b66fa988,68e48f1a803e577b1177152e,6912a59f410888a7b66ed6cf,screenshot-424e58e1-0231-46e0-a10e-8ac3dae83f6a,,2025-11-12T07:15:07.475Z,672.6447408347793,197.46949274552705,0,0,,,screenshots/screen_000020.png
69142eb4410888a7b66fa988,68e48f1a803e577b1177152e,6912a59f410888a7b66ed6cf,screenshot-424e58e1-0231-46e0-a10e-8ac3dae83f6a,,2025-11-12T07:15:07.573Z,739.068742823509,183.4447813341418,0,0,,,screenshots/screen_000020.png
69142eb4410888a7b66fa988,68e48f1a803e577b1177152e,6912a59f410888a7b66ed6cf,screenshot-424e58e1-0231-46e0-a10e-8ac3dae83f6a,,2025-11-12T07:15:07.673Z,731.3621260299273,189.641847872803,0,0,,,screenshots/screen_000020.png
69142eb4410888a7b66fa988,68e48f1a803e577b1177152e,6912a59f410888a7b66ed6cf,screenshot-424e58e1-0231-46e0-a10e-8ac3dae83f6a,,2025-11-12T07:15:07.774Z,749.8970191914037,165.3216281705098,0,0,,,screenshots/screen_000020.png
69142eb4410888a7b66fa988,68e48f1a803e577b1177152e,6912a59f410888a7b66ed6cf,screenshot-424e58e1-0231-46e0-a10e-8ac3dae83f6a,,2025-11-12T07:15:07.879Z,674.3833197501477,186.59041731869524,0,0,,,screenshots/screen_000020.png
69142eb4410888a7b66fa988,68e48f1a803e577b1177152e,6912a59f410888a7b66ed6cf,screenshot-424e58e1-0231-46e0-a10e-8ac3dae83f6a,,2025-11-12T07:15:07.977Z,694.675224590748,173.69169423821623,0,0,,,screenshots/screen_000020.png
69142eb4410888a7b66fa988,68e48f1a803e577b1177152e,6912a59f410888a7b66ed6cf,screenshot-424e58e1-0231-46e0-a10e-8ac3dae83f6a,,2025-11-12T07:15:08.073Z,614.1613740664899,193.31276530374373,0,0,,,screenshots/screen_000020.png
69142eb4410888a7b66fa988,68e48f1a803e577b1177152e,6912a59f410888a7b66ed6cf,screenshot-424e58e1-0231-46e0-a10e-8ac3dae83f6a,,2025-11-12T07:15:08.180Z,636.5599907180929,189.46376541844774,0,0,,,screenshots/screen_000020.png
69142eb4410888a7b66fa988,68e48f1a803e577b1177152e,6912a59f410888a7b66ed6cf,screenshot-424e58e1-0231-46e0-a10e-8ac3dae83f6a,,2025-11-12T07:15:08.279Z,649.169927957288,187.7777962915436,0,0,,,screenshots/screen_000020.png
69142eb4410888a7b66fa988,68e48f1a803e577b1177152e,6912a59f410888a7b66ed6cf,screenshot-424e58e1-0231-46e0-a10e-8ac3dae83f6a,,2025-11-12T07:15:08.386Z,610.242592798455,225.9436914830723,0,0,,,screenshots/screen_000020.png
69142eb4410888a7b66fa988,68e48f1a803e577b1177152e,6912a59f410888a7b66ed6cf,screenshot-424e58e1-0231-46e0-a10e-8ac3dae83f6a,,2025-11-12T07:15:08.493Z,602.838830613158,224.1962861907187,0,0,,,screenshots/screen_000020.png
69142eb4410888a7b66fa988,68e48f1a803e577b1177152e,6912a59f410888a7b66ed6cf,screenshot-424e58e1-0231-46e0-a10e-8ac3dae83f6a,,2025-11-12T07:15:08.597Z,593.270859752557,251.72050122688674,0,0,,,screenshots/screen_000020.png
69142eb4410888a7b66fa988,68e48f1a803e577b1177152e,6912a59f410888a7b66ed6cf,screenshot-424e58e1-0231-46e0-a10e-8ac3dae83f6a,,2025-11-12T07:15:08.708Z,546.2553907646313,267.33943246824117,0,0,,,screenshots/screen_000020.png
69142eb4410888a7b66fa988,68e48f1a803e577b1177152e,6912a59f410888a7b66ed6cf,screenshot-424e58e1-0231-46e0-a10e-8ac3dae83f6a,,2025-11-12T07:15:08.811Z,550.9232851933509,267.7291712925632,0,0,,,screenshots/screen_000020.png
69142eb4410888a7b66fa988,68e48f1a803e577b1177152e,6912a59f410888a7b66ed6cf,screenshot-424e58e1-0231-46e0-a10e-8ac3dae83f6a,,2025-11-12T07:15:08.909Z,539.1991250218913,284.8738398345089,0,0,,,screenshots/screen_000020.png
69142eb4410888a7b66fa988,68e48f1a803e577b1177152e,6912a59f410888a7b66ed6cf,screenshot-424e58e1-0231-46e0-a10e-8ac3dae83f6a,,2025-11-12T07:15:09.014Z,507.9874873765265,279.5003618249387,0,0,,,screenshots/screen_000020.png
69142eb4410888a7b66fa988,68e48f1a803e577b1177152e,6912a59f410888a7b66ed6cf,screenshot-424e58e1-0231-46e0-a10e-8ac3dae83f6a,,2025-11-12T07:15:09.110Z,508.11326086206185,279.6860860711185,0,0,,,screenshots/screen_000020.png
69142eb4410888a7b66fa988,68e48f1a803e577b1177152e,6912a59f410888a7b66ed6cf,screenshot-424e58e1-0231-46e0-a10e-8ac3dae83f6a,,2025-11-12T07:15:09.214Z,444.3949768510943,292.43066018738045,0,0,,,screenshots/screen_000020.png
69142eb4410888a7b66fa988,68e48f1a803e577b1177152e,6912a59f410888a7b66ed6cf,screenshot-424e58e1-0231-46e0-a10e-8ac3dae83f6a,,2025-11-12T07:15:09.311Z,444.98317428064433,293.97826569027063,0,0,,,screenshots/screen_000020.png
69142eb4410888a7b66fa988,68e48f1a803e577b1177152e,6912a59f410888a7b66ed6cf,screenshot-424e58e1-0231-46e0-a10e-8ac3dae83f6a,,2025-11-12T07:15:09.412Z,410.0282109232387,313.63321570390536,0,0,,,screenshots/screen_000020.png
69142eb4410888a7b66fa988,68e48f1a803e577b1177152e,6912a59f410888a7b66ed6cf,screenshot-424e58e1-0231-46e0-a10e-8ac3dae83f6a,,2025-11-12T07:15:09.509Z,389.52781293285483,319.45721406912054,0,0,,,screenshots/screen_000020.png
69142eb4410888a7b66fa988,68e48f1a803e577b1177152e,6912a59f410888a7b66ed6cf,screenshot-424e58e1-0231-46e0-a10e-8ac3dae83f6a,,2025-11-12T07:15:09.612Z,413.02824131847797,291.3086436259272,0,0,,,screenshots/screen_000020.png
69142eb4410888a7b66fa988,68e48f1a803e577b1177152e,6912a59f410888a7b66ed6cf,screenshot-424e58e1-0231-46e0-a10e-8ac3dae83f6a,,2025-11-12T07:15:09.710Z,416.36781875681567,274.10217478479217,0,0,,,screenshots/screen_000020.png
69142eb4410888a7b66fa988,68e48f1a803e577b1177152e,6912a59f410888a7b66ed6cf,screenshot-424e58e1-0231-46e0-a10e-8ac3dae83f6a,,2025-11-12T07:15:09.821Z,445.02208579981743,267.59046213765095,0,0,,,screenshots/screen_000020.png
69142eb4410888a7b66fa988,68e48f1a803e577b1177152e,6912a59f410888a7b66ed6cf,screenshot-424e58e1-0231-46e0-a10e-8ac3dae83f6a,,2025-11-12T07:15:09.933Z,449.898798965105,269.7155701611985,0,0,,,screenshots/screen_000020.png
69142eb4410888a7b66fa988,68e48f1a803e577b1177152e,6912a59f410888a7b66ed6cf,screenshot-424e58e1-0231-46e0-a10e-8ac3dae83f6a,,2025-11-12T07:15:10.043Z,462.68677615433774,266.7192839650283,0,0,,,screenshots/screen_000020.png
69142eb4410888a7b66fa988,68e48f1a803e577b1177152e,6912a59f410888a7b66ed6cf,screenshot-424e58e1-0231-46e0-a10e-8ac3dae83f6a,,2025-11-12T07:15:10.150Z,482.8224113604735,263.49535193737944,0,0,,,screenshots/screen_000020.png
69142eb4410888a7b66fa988,68e48f1a803e577b1177152e,6912a59f410888a7b66ed6cf,screenshot-424e58e1-0231-46e0-a10e-8ac3dae83f6a,,2025-11-12T07:15:10.245Z,501.6037772427424,265.34675926885626,0,0,,,screenshots/screen_000020.png
69142eb4410888a7b66fa988,68e48f1a803e577b1177152e,6912a59f410888a7b66ed6cf,screenshot-424e58e1-0231-46e0-a10e-8ac3dae83f6a,,2025-11-12T07:15:10.344Z,517.8318489774148,264.2172026543502,0,0,,,screenshots/screen_000020.png
69142eb4410888a7b66fa988,68e48f1a803e577b1177152e,6912a59f410888a7b66ed6cf,screenshot-424e58e1-0231-46e0-a10e-8ac3dae83f6a,,2025-11-12T07:15:10.445Z,525.0678250433108,249.7648967821094,0,0,,,screenshots/screen_000020.png
69142eb4410888a7b66fa988,68e48f1a803e577b1177152e,6912a59f410888a7b66ed6cf,screenshot-424e58e1-0231-46e0-a10e-8ac3dae83f6a,,2025-11-12T07:15:10.545Z,593.0391558621072,243.09465152166942,0,0,,,screenshots/screen_000020.png
69142eb4410888a7b66fa988,68e48f1a803e577b1177152e,6912a59f410888a7b66ed6cf,screenshot-424e58e1-0231-46e0-a10e-8ac3dae83f6a,,2025-11-12T07:15:10.650Z,655.5718477480916,204.79256869920104,0,0,,,screenshots/screen_000020.png
69142eb4410888a7b66fa988,68e48f1a803e577b1177152e,6912a59f410888a7b66ed6cf,screenshot-424e58e1-0231-46e0-a10e-8ac3dae83f6a,,2025-11-12T07:15:10.747Z,693.3372294736566,177.87384567319458,0,0,,,screenshots/screen_000020.png
69142eb4410888a7b66fa988,68e48f1a803e577b1177152e,6912a59f410888a7b66ed6cf,screenshot-424e58e1-0231-46e0-a10e-8ac3dae83f6a,,2025-11-12T07:15:10.854Z,641.9961682773223,182.4185405306836,0,0,,,screenshots/screen_000020.png
69142eb4410888a7b66fa988,68e48f1a803e577b1177152e,6912a59f410888a7b66ed6cf,screenshot-424e58e1-0231-46e0-a10e-8ac3dae83f6a,,2025-11-12T07:15:10.951Z,656.2523276994128,206.4246148062556,0,0,,,screenshots/screen_000020.png
69142eb4410888a7b66fa988,68e48f1a803e577b1177152e,6912a59f410888a7b66ed6cf,screenshot-424e58e1-0231-46e0-a10e-8ac3dae83f6a,,2025-11-12T07:15:11.058Z,674.4366061877446,207.70342428680726,0,0,,,screenshots/screen_000020.png
69142eb4410888a7b66fa988,68e48f1a803e577b1177152e,6912a59f410888a7b66ed6cf,screenshot-424e58e1-0231-46e0-a10e-8ac3dae83f6a,,2025-11-12T07:15:11.161Z,743.3220616450656,176.27625523127898,0,0,,,screenshots/screen_000020.png
69142eb4410888a7b66fa988,68e48f1a803e577b1177152e,6912a59f410888a7b66ed6cf,screenshot-424e58e1-0231-46e0-a10e-8ac3dae83f6a,,2025-11-12T07:15:11.295Z,735.6226933457721,183.95687095425194,0,0,,,screenshots/screen_000020.png
69142eb4410888a7b66fa988,68e48f1a803e577b1177152e,6912a59f410888a7b66ed6cf,screenshot-424e58e1-0231-46e0-a10e-8ac3dae83f6a,,2025-11-12T07:15:11.391Z,683.8835353534083,201.27881088230356,0,0,,,screenshots/screen_000020.png
69142eb4410888a7b66fa988,68e48f1a803e577b1177152e,6912a59f410888a7b66ed6cf,screenshot-424e58e1-0231-46e0-a10e-8ac3dae83f6a,,2025-11-12T07:15:11.498Z,742.5733307013054,197.22486124879995,0,0,,,screenshots/screen_000020.png
69142eb4410888a7b66fa988,68e48f1a803e577b1177152e,6912a59f410888a7b66ed6cf,screenshot-424e58e1-0231-46e0-a10e-8ac3dae83f6a,,2025-11-12T07:15:11.597Z,694.5260379621893,194.770405343011,0,0,,,screenshots/screen_000020.png
69142eb4410888a7b66fa988,68e48f1a803e577b1177152e,6912a59f410888a7b66ed6cf,screenshot-424e58e1-0231-46e0-a10e-8ac3dae83f6a,,2025-11-12T07:15:11.696Z,708.7730658456666,193.7129911750229,0,0,,,screenshots/screen_000020.png
69142eb4410888a7b66fa988,68e48f1a803e577b1177152e,6912a59f410888a7b66ed6cf,screenshot-424e58e1-0231-46e0-a10e-8ac3dae83f6a,,2025-11-12T07:15:11.801Z,701.6688835456492,206.93410723566674,0,0,,,screenshots/screen_000020.png
69142eb4410888a7b66fa988,68e48f1a803e577b1177152e,6912a59f410888a7b66ed6cf,screenshot-424e58e1-0231-46e0-a10e-8ac3dae83f6a,,2025-11-12T07:15:11.904Z,700.0863758793391,214.47585207623612,0,0,,,screenshots/screen_000020.png
69142eb4410888a7b66fa988,68e48f1a803e577b1177152e,6912a59f410888a7b66ed6cf,screenshot-424e58e1-0231-46e0-a10e-8ac3dae83f6a,,2025-11-12T07:15:12.013Z,754.9958711436798,202.27458322864564,0,0,,,screenshots/screen_000020.png
69142eb4410888a7b66fa988,68e48f1a803e577b1177152e,6912a59f410888a7b66ed6cf,screenshot-424e58e1-0231-46e0-a10e-8ac3dae83f6a,,2025-11-12T07:15:12.129Z,748.6344335525675,195.4139333355242,0,0,,,screenshots/screen_000020.png
69142eb4410888a7b66fa988,68e48f1a803e577b1177152e,6912a59f410888a7b66ed6cf,screenshot-424e58e1-0231-46e0-a10e-8ac3dae83f6a,,2025-11-12T07:15:12.238Z,756.3261001570892,192.53771718941007,0,0,,,screenshots/screen_000020.png
69142eb4410888a7b66fa988,68e48f1a803e577b1177152e,6912a59f410888a7b66ed6cf,screenshot-424e58e1-0231-46e0-a10e-8ac3dae83f6a,,2025-11-12T07:15:12.348Z,742.7667987453933,204.93075313520015,0,0,,,screenshots/screen_000020.png
69142eb4410888a7b66fa988,68e48f1a803e577b1177152e,6912a59f410888a7b66ed6cf,screenshot-424e58e1-0231-46e0-a10e-8ac3dae83f6a,,2025-11-12T07:15:12.455Z,737.5970135220433,206.24612595314883,0,0,,,screenshots/screen_000020.png
69142eb4410888a7b66fa988,68e48f1a803e577b1177152e,6912a59f410888a7b66ed6cf,screenshot-424e58e1-0231-46e0-a10e-8ac3dae83f6a,,2025-11-12T07:15:12.558Z,753.8071147730809,206.01774361964604,0,0,,,screenshots/screen_000020.png
69142eb4410888a7b66fa988,68e48f1a803e577b1177152e,6912a59f410888a7b66ed6cf,screenshot-424e58e1-0231-46e0-a10e-8ac3dae83f6a,,2025-11-12T07:15:12.670Z,738.6412286363939,211.78887370469772,0,0,,,screenshots/screen_000020.png
69142eb4410888a7b66fa988,68e48f1a803e577b1177152e,6912a59f410888a7b66ed6cf,screenshot-424e58e1-0231-46e0-a10e-8ac3dae83f6a,,2025-11-12T07:15:12.791Z,758.8832261300416,211.67961015032682,0,0,,,screenshots/screen_000020.png
69142eb4410888a7b66fa988,68e48f1a803e577b1177152e,6912a59f410888a7b66ed6cf,screenshot-424e58e1-0231-46e0-a10e-8ac3dae83f6a,,2025-11-12T07:15:12.897Z,709.5968550709282,222.70734640070984,0,0,,,screenshots/screen_000020.png
69142eb4410888a7b66fa988,68e48f1a803e577b1177152e,6912a59f410888a7b66ed6cf,screenshot-424e58e1-0231-46e0-a10e-8ac3dae83f6a,,2025-11-12T07:15:13.004Z,697.482756881934,222.54800986718007,0,0,,,screenshots/screen_000020.png
69142eb4410888a7b66fa988,68e48f1a803e577b1177152e,6912a59f410888a7b66ed6cf,screenshot-424e58e1-0231-46e0-a10e-8ac3dae83f6a,,2025-11-12T07:15:13.106Z,639.8950593017059,252.2297660530539,0,0,,,screenshots/screen_000020.png
69142eb4410888a7b66fa988,68e48f1a803e577b1177152e,6912a59f410888a7b66ed6cf,screenshot-424e58e1-0231-46e0-a10e-8ac3dae83f6a,,2025-11-12T07:15:13.219Z,673.882590101783,234.56389664612186,0,0,,,screenshots/screen_000020.png
69142eb4410888a7b66fa988,68e48f1a803e577b1177152e,6912a59f410888a7b66ed6cf,screenshot-424e58e1-0231-46e0-a10e-8ac3dae83f6a,,2025-11-12T07:15:13.316Z,607.8559590588558,260.1966554599563,0,0,,,screenshots/screen_000020.png
69142eb4410888a7b66fa988,68e48f1a803e577b1177152e,6912a59f410888a7b66ed6cf,screenshot-424e58e1-0231-46e0-a10e-8ac3dae83f6a,,2025-11-12T07:15:13.426Z,506.27481049427973,262.3212528874796,0,0,,,screenshots/screen_000020.png
69142eb4410888a7b66fa988,68e48f1a803e577b1177152e,6912a59f410888a7b66ed6cf,screenshot-424e58e1-0231-46e0-a10e-8ac3dae83f6a,,2025-11-12T07:15:13.529Z,469.71676482705254,268.15216506675023,0,0,,,screenshots/screen_000020.png
69142eb4410888a7b66fa988,68e48f1a803e577b1177152e,6912a59f410888a7b66ed6cf,screenshot-424e58e1-0231-46e0-a10e-8ac3dae83f6a,,2025-11-12T07:15:13.630Z,439.13005649904704,277.7251048282262,0,0,,,screenshots/screen_000020.png
69142eb4410888a7b66fa988,68e48f1a803e577b1177152e,6912a59f410888a7b66ed6cf,screenshot-424e58e1-0231-46e0-a10e-8ac3dae83f6a,,2025-11-12T07:15:13.730Z,354.09411505280104,308.27134181705304,0,0,,,screenshots/screen_000020.png
69142eb4410888a7b66fa988,68e48f1a803e577b1177152e,6912a59f410888a7b66ed6cf,screenshot-424e58e1-0231-46e0-a10e-8ac3dae83f6a,,2025-11-12T07:15:13.826Z,332.7223930373893,307.11238886151995,0,0,,,screenshots/screen_000020.png
69142eb4410888a7b66fa988,68e48f1a803e577b1177152e,6912a59f410888a7b66ed6cf,screenshot-424e58e1-0231-46e0-a10e-8ac3dae83f6a,,2025-11-12T07:15:13.936Z,331.6029444794307,329.8876925841346,0,0,,,screenshots/screen_000020.png
69142eb4410888a7b66fa988,68e48f1a803e577b1177152e,6912a59f410888a7b66ed6cf,screenshot-424e58e1-0231-46e0-a10e-8ac3dae83f6a,,2025-11-12T07:15:14.027Z,416.2556681042117,282.6381711043803,0,0,,,screenshots/screen_000020.png
69142eb4410888a7b66fa988,68e48f1a803e577b1177152e,6912a59f410888a7b66ed6cf,screenshot-424e58e1-0231-46e0-a10e-8ac3dae83f6a,,2025-11-12T07:15:14.136Z,524.8228354015544,256.2276274623724,0,0,,,screenshots/screen_000020.png
69142eb4410888a7b66fa988,68e48f1a803e577b1177152e,6912a59f410888a7b66ed6cf,screenshot-424e58e1-0231-46e0-a10e-8ac3dae83f6a,,2025-11-12T07:15:14.265Z,535.3076844759112,271.5397091146823,0,0,,,screenshots/screen_000020.png
69142eb4410888a7b66fa988,68e48f1a803e577b1177152e,6912a59f410888a7b66ed6cf,screenshot-424e58e1-0231-46e0-a10e-8ac3dae83f6a,,2025-11-12T07:15:14.424Z,542.2824099074104,316.51302046530066,0,0,,,screenshots/screen_000020.png
69142eb4410888a7b66fa988,68e48f1a803e577b1177152e,6912a59f410888a7b66ed6cf,screenshot-424e58e1-0231-46e0-a10e-8ac3dae83f6a,,2025-11-12T07:15:14.573Z,557.7070706044839,300.28961434907376,0,0,,,screenshots/screen_000020.png
69142eb4410888a7b66fa988,68e48f1a803e577b1177152e,6912a59f410888a7b66ed6cf,screenshot-424e58e1-0231-46e0-a10e-8ac3dae83f6a,,2025-11-12T07:15:14.669Z,610.1412782286826,262.43100847986386,0,0,,,screenshots/screen_000020.png
69142eb4410888a7b66fa988,68e48f1a803e577b1177152e,6912a59f410888a7b66ed6cf,screenshot-424e58e1-0231-46e0-a10e-8ac3dae83f6a,,2025-11-12T07:15:14.774Z,588.1469169907385,269.1254298948235,0,0,,,screenshots/screen_000020.png
69142eb4410888a7b66fa988,68e48f1a803e577b1177152e,6912a59f410888a7b66ed6cf,screenshot-424e58e1-0231-46e0-a10e-8ac3dae83f6a,,2025-11-12T07:15:14.877Z,649.4796679980113,250.00713109548138,0,0,,,screenshots/screen_000020.png
69142eb4410888a7b66fa988,68e48f1a803e577b1177152e,6912a59f410888a7b66ed6cf,screenshot-424e58e1-0231-46e0-a10e-8ac3dae83f6a,,2025-11-12T07:15:14.977Z,654.2811436844464,238.62172775577992,0,0,,,screenshots/screen_000020.png
69142eb4410888a7b66fa988,68e48f1a803e577b1177152e,6912a59f410888a7b66ed6cf,screenshot-424e58e1-0231-46e0-a10e-8ac3dae83f6a,,2025-11-12T07:15:15.068Z,647.0451205268652,260.2826011945645,0,0,,,screenshots/screen_000020.png
69142eb4410888a7b66fa988,68e48f1a803e577b1177152e,6912a59f410888a7b66ed6cf,screenshot-424e58e1-0231-46e0-a10e-8ac3dae83f6a,,2025-11-12T07:15:15.196Z,596.5428606599907,269.85302549307795,0,0,,,screenshots/screen_000020.png
69142eb4410888a7b66fa988,68e48f1a803e577b1177152e,6912a59f410888a7b66ed6cf,screenshot-424e58e1-0231-46e0-a10e-8ac3dae83f6a,,2025-11-12T07:15:15.308Z,584.7551239691908,256.6518699405892,0,0,,,screenshots/screen_000020.png
69142eb4410888a7b66fa988,68e48f1a803e577b1177152e,6912a59f410888a7b66ed6cf,screenshot-424e58e1-0231-46e0-a10e-8ac3dae83f6a,,2025-11-12T07:15:15.429Z,683.8785830877994,252.17879450495036,0,0,,,screenshots/screen_000020.png
69142eb4410888a7b66fa988,68e48f1a803e577b1177152e,6912a59f410888a7b66ed6cf,screenshot-424e58e1-0231-46e0-a10e-8ac3dae83f6a,,2025-11-12T07:15:15.553Z,609.7767952435745,292.52233344507346,0,0,,,screenshots/screen_000020.png
69142eb4410888a7b66fa988,68e48f1a803e577b1177152e,6912a59f410888a7b66ed6cf,screenshot-424e58e1-0231-46e0-a10e-8ac3dae83f6a,,2025-11-12T07:15:15.696Z,613.9247297636986,360.5431758299817,0,0,,,screenshots/screen_000020.png
69142eb4410888a7b66fa988,68e48f1a803e577b1177152e,6912a59f410888a7b66ed6cf,screenshot-424e58e1-0231-46e0-a10e-8ac3dae83f6a,,2025-11-12T07:15:15.817Z,547.1247661335354,399.81449667118346,0,0,,,screenshots/screen_000020.png
69142eb4410888a7b66fa988,68e48f1a803e577b1177152e,6912a59f410888a7b66ed6cf,screenshot-424e58e1-0231-46e0-a10e-8ac3dae83f6a,,2025-11-12T07:15:15.961Z,614.9578431442512,389.7525542252719,0,0,,,screenshots/screen_000020.png
69142eb4410888a7b66fa988,68e48f1a803e577b1177152e,6912a59f410888a7b66ed6cf,screenshot-424e58e1-0231-46e0-a10e-8ac3dae83f6a,,2025-11-12T07:15:16.083Z,609.4370482111726,390.19537947533735,0,0,,,screenshots/screen_000020.png
69142eb4410888a7b66fa988,68e48f1a803e577b1177152e,6912a59f410888a7b66ed6cf,screenshot-424e58e1-0231-46e0-a10e-8ac3dae83f6a,,2025-11-12T07:15:16.192Z,553.8794658312795,409.20106877419755,0,0,,,screenshots/screen_000020.png
69142eb4410888a7b66fa988,68e48f1a803e577b1177152e,6912a59f410888a7b66ed6cf,screenshot-424e58e1-0231-46e0-a10e-8ac3dae83f6a,,2025-11-12T07:15:16.332Z,547.0145631613158,424.0567957008008,0,0,,,screenshots/screen_000020.png
69142eb4410888a7b66fa988,68e48f1a803e577b1177152e,6912a59f410888a7b66ed6cf,screenshot-424e58e1-0231-46e0-a10e-8ac3dae83f6a,,2025-11-12T07:15:16.460Z,543.7778951301628,429.5019523957855,0,0,,,screenshots/screen_000020.png
69142eb4410888a7b66fa988,68e48f1a803e577b1177152e,6912a59f410888a7b66ed6cf,screenshot-424e58e1-0231-46e0-a10e-8ac3dae83f6a,,2025-11-12T07:15:16.611Z,498.8703454068935,439.7363894880337,0,0,,,screenshots/screen_000020.png
69142eb4410888a7b66fa988,68e48f1a803e577b1177152e,6912a59f410888a7b66ed6cf,screenshot-424e58e1-0231-46e0-a10e-8ac3dae83f6a,,2025-11-12T07:15:16.777Z,390.21180773344594,454.1710994007804,0,0,,,screenshots/screen_000020.png
69142eb4410888a7b66fa988,68e48f1a803e577b1177152e,6912a59f410888a7b66ed6cf,screenshot-424e58e1-0231-46e0-a10e-8ac3dae83f6a,,2025-11-12T07:15:16.884Z,408.60510254358564,503.611937541203,0,0,,,screenshots/screen_000020.png
69142eb4410888a7b66fa988,68e48f1a803e577b1177152e,6912a59f410888a7b66ed6cf,screenshot-424e58e1-0231-46e0-a10e-8ac3dae83f6a,,2025-11-12T07:15:16.979Z,425.40137457845617,581.7165552317165,0,0,,,screenshots/screen_000020.png
69142eb4410888a7b66fa988,68e48f1a803e577b1177152e,6912a59f410888a7b66ed6cf,screenshot-424e58e1-0231-46e0-a10e-8ac3dae83f6a,,2025-11-12T07:15:17.075Z,507.6009086490369,575.2001458411942,0,0,,,screenshots/screen_000020.png
69142eb4410888a7b66fa988,68e48f1a803e577b1177152e,6912a59f410888a7b66ed6cf,screenshot-424e58e1-0231-46e0-a10e-8ac3dae83f6a,,2025-11-12T07:15:17.176Z,579.3444387412727,510.6463335642633,0,0,,,screenshots/screen_000020.png
69142eb4410888a7b66fa988,68e48f1a803e577b1177152e,6912a59f410888a7b66ed6cf,screenshot-424e58e1-0231-46e0-a10e-8ac3dae83f6a,,2025-11-12T07:15:17.270Z,730.8604084172161,513.0050965786501,0,0,,,screenshots/screen_000020.png
69142eb4410888a7b66fa988,68e48f1a803e577b1177152e,6912a59f410888a7b66ed6cf,screenshot-424e58e1-0231-46e0-a10e-8ac3dae83f6a,,2025-11-12T07:15:17.372Z,923.3291021337702,469.01595810127174,0,0,,,screenshots/screen_000020.png
69142eb4410888a7b66fa988,68e48f1a803e577b1177152e,6912a59f410888a7b66ed6cf,screenshot-424e58e1-0231-46e0-a10e-8ac3dae83f6a,,2025-11-12T07:15:17.475Z,962.9306648244954,486.23886187685366,0,0,,,screenshots/screen_000020.png
69142eb4410888a7b66fa988,68e48f1a803e577b1177152e,6912a59f410888a7b66ed6cf,screenshot-424e58e1-0231-46e0-a10e-8ac3dae83f6a,,2025-11-12T07:15:17.582Z,1055.9611429121824,498.792827007565,0,0,,,screenshots/screen_000020.png
69142eb4410888a7b66fa988,68e48f1a803e577b1177152e,6912a59f410888a7b66ed6cf,screenshot-424e58e1-0231-46e0-a10e-8ac3dae83f6a,,2025-11-12T07:15:17.680Z,1079.7997081412866,476.4632225134184,0,0,,,screenshots/screen_000020.png
69142eb4410888a7b66fa988,68e48f1a803e577b1177152e,6912a59f410888a7b66ed6cf,screenshot-424e58e1-0231-46e0-a10e-8ac3dae83f6a,,2025-11-12T07:15:17.780Z,1132.099951905749,502.567049640268,0,0,,,screenshots/screen_000020.png
69142eb4410888a7b66fa988,68e48f1a803e577b1177152e,6912a59f410888a7b66ed6cf,screenshot-424e58e1-0231-46e0-a10e-8ac3dae83f6a,,2025-11-12T07:15:17.879Z,1156.8603016778002,478.6853452889143,0,0,,,screenshots/screen_000020.png
69142eb4410888a7b66fa988,68e48f1a803e577b1177152e,6912a59f410888a7b66ed6cf,screenshot-424e58e1-0231-46e0-a10e-8ac3dae83f6a,,2025-11-12T07:15:17.978Z,1186.5128710235592,502.9525087800722,0,0,,,screenshots/screen_000020.png
69142eb4410888a7b66fa988,68e48f1a803e577b1177152e,6912a59f410888a7b66ed6cf,screenshot-424e58e1-0231-46e0-a10e-8ac3dae83f6a,,2025-11-12T07:15:18.076Z,1188.6291170922113,515.2296437571783,0,0,,,screenshots/screen_000020.png
69142eb4410888a7b66fa988,68e48f1a803e577b1177152e,6912a59f410888a7b66ed6cf,screenshot-424e58e1-0231-46e0-a10e-8ac3dae83f6a,,2025-11-12T07:15:18.182Z,1192.2790092289242,532.080145354998,0,0,,,screenshots/screen_000020.png
69142eb4410888a7b66fa988,68e48f1a803e577b1177152e,6912a59f410888a7b66ed6cf,screenshot-424e58e1-0231-46e0-a10e-8ac3dae83f6a,,2025-11-12T07:15:18.269Z,1155.5869067227889,538.0129854513084,0,0,,,screenshots/screen_000020.png
69142eb4410888a7b66fa988,68e48f1a803e577b1177152e,6912a59f410888a7b66ed6cf,screenshot-424e58e1-0231-46e0-a10e-8ac3dae83f6a,,2025-11-12T07:15:18.376Z,1110.8643075901832,550.4267832827829,0,0,,,screenshots/screen_000020.png
69142eb4410888a7b66fa988,68e48f1a803e577b1177152e,6912a59f410888a7b66ed6cf,screenshot-424e58e1-0231-46e0-a10e-8ac3dae83f6a,,2025-11-12T07:15:18.474Z,1084.3361843752723,559.201506493419,0,0,,,screenshots/screen_000020.png
69142eb4410888a7b66fa988,68e48f1a803e577b1177152e,6912a59f410888a7b66ed6cf,screenshot-424e58e1-0231-46e0-a10e-8ac3dae83f6a,,2025-11-12T07:15:18.579Z,1009.5239920791105,565.3067462506443,0,0,,,screenshots/screen_000020.png
69142eb4410888a7b66fa988,68e48f1a803e577b1177152e,6912a59f410888a7b66ed6cf,screenshot-424e58e1-0231-46e0-a10e-8ac3dae83f6a,,2025-11-12T07:15:18.675Z,887.5362605172581,561.7915992349048,0,0,,,screenshots/screen_000020.png
69142eb4410888a7b66fa988,68e48f1a803e577b1177152e,6912a59f410888a7b66ed6cf,screenshot-424e58e1-0231-46e0-a10e-8ac3dae83f6a,,2025-11-12T07:15:18.780Z,885.4417629796745,568.4451461292795,0,0,,,screenshots/screen_000020.png
69142eb4410888a7b66fa988,68e48f1a803e577b1177152e,6912a59f410888a7b66ed6cf,screenshot-424e58e1-0231-46e0-a10e-8ac3dae83f6a,,2025-11-12T07:15:18.887Z,852.191865159477,568.2240118535991,0,0,,,screenshots/screen_000020.png
69142eb4410888a7b66fa988,68e48f1a803e577b1177152e,6912a59f410888a7b66ed6cf,screenshot-424e58e1-0231-46e0-a10e-8ac3dae83f6a,,2025-11-12T07:15:18.991Z,822.9899598937197,572.0891868306672,0,0,,,screenshots/screen_000020.png
69142eb4410888a7b66fa988,68e48f1a803e577b1177152e,6912a59f410888a7b66ed6cf,screenshot-424e58e1-0231-46e0-a10e-8ac3dae83f6a,,2025-11-12T07:15:19.085Z,790.1300071730234,571.6795912790321,0,0,,,screenshots/screen_000020.png
69142eb4410888a7b66fa988,68e48f1a803e577b1177152e,6912a59f410888a7b66ed6cf,screenshot-424e58e1-0231-46e0-a10e-8ac3dae83f6a,,2025-11-12T07:15:19.185Z,800.6120140158,556.1387162796715,0,0,,,screenshots/screen_000020.png
69142eb4410888a7b66fa988,68e48f1a803e577b1177152e,6912a59f410888a7b66ed6cf,screenshot-424e58e1-0231-46e0-a10e-8ac3dae83f6a,,2025-11-12T07:15:19.283Z,740.536989687692,554.5193896138949,0,0,,,screenshots/screen_000020.png
69142eb4410888a7b66fa988,68e48f1a803e577b1177152e,6912a59f410888a7b66ed6cf,screenshot-424e58e1-0231-46e0-a10e-8ac3dae83f6a,,2025-11-12T07:15:19.388Z,790.0152287849908,553.0258657016534,0,0,,,screenshots/screen_000020.png
69142eb4410888a7b66fa988,68e48f1a803e577b1177152e,6912a59f410888a7b66ed6cf,screenshot-424e58e1-0231-46e0-a10e-8ac3dae83f6a,,2025-11-12T07:15:19.485Z,746.9656278017387,558.2275732201203,0,0,,,screenshots/screen_000020.png
69142eb4410888a7b66fa988,68e48f1a803e577b1177152e,6912a59f410888a7b66ed6cf,screenshot-424e58e1-0231-46e0-a10e-8ac3dae83f6a,,2025-11-12T07:15:19.582Z,703.2977087592595,550.5742854222925,0,0,,,screenshots/screen_000020.png
69142eb4410888a7b66fa988,68e48f1a803e577b1177152e,6912a59f410888a7b66ed6cf,screenshot-424e58e1-0231-46e0-a10e-8ac3dae83f6a,,2025-11-12T07:15:19.683Z,757.2200738928522,534.2662277930889,0,0,,,screenshots/screen_000020.png
69142eb4410888a7b66fa988,68e48f1a803e577b1177152e,6912a59f410888a7b66ed6cf,screenshot-424e58e1-0231-46e0-a10e-8ac3dae83f6a,,2025-11-12T07:15:19.783Z,698.7575631709632,543.464300434186,0,0,,,screenshots/screen_000020.png
69142eb4410888a7b66fa988,68e48f1a803e577b1177152e,6912a59f410888a7b66ed6cf,screenshot-424e58e1-0231-46e0-a10e-8ac3dae83f6a,,2025-11-12T07:15:19.888Z,684.8032495330166,541.9002441761288,0,0,,,screenshots/screen_000020.png
69142eb4410888a7b66fa988,68e48f1a803e577b1177152e,6912a59f410888a7b66ed6cf,screenshot-424e58e1-0231-46e0-a10e-8ac3dae83f6a,,2025-11-12T07:15:19.986Z,667.0931189347555,533.0801627648226,0,0,,,screenshots/screen_000020.png
69142eb4410888a7b66fa988,68e48f1a803e577b1177152e,6912a59f410888a7b66ed6cf,screenshot-424e58e1-0231-46e0-a10e-8ac3dae83f6a,,2025-11-12T07:15:20.087Z,665.4908381937763,531.4514033166795,0,0,,,screenshots/screen_000020.png
69142eb4410888a7b66fa988,68e48f1a803e577b1177152e,6912a59f410888a7b66ed6cf,screenshot-424e58e1-0231-46e0-a10e-8ac3dae83f6a,,2025-11-12T07:15:20.187Z,668.9509506050185,535.8065647839985,0,0,,,screenshots/screen_000020.png
69142eb4410888a7b66fa988,68e48f1a803e577b1177152e,6912a59f410888a7b66ed6cf,screenshot-424e58e1-0231-46e0-a10e-8ac3dae83f6a,,2025-11-12T07:15:20.287Z,703.6668755472475,516.1875493611238,0,0,,,screenshots/screen_000020.png
69142eb4410888a7b66fa988,68e48f1a803e577b1177152e,6912a59f410888a7b66ed6cf,screenshot-424e58e1-0231-46e0-a10e-8ac3dae83f6a,,2025-11-12T07:15:20.416Z,679.5789612376608,507.4867805746316,0,0,,,screenshots/screen_000020.png
69142eb4410888a7b66fa988,68e48f1a803e577b1177152e,6912a59f410888a7b66ed6cf,screenshot-424e58e1-0231-46e0-a10e-8ac3dae83f6a,,2025-11-12T07:15:20.525Z,641.8745838613889,481.68440340814703,0,0,,,screenshots/screen_000020.png
69142eb4410888a7b66fa988,68e48f1a803e577b1177152e,6912a59f410888a7b66ed6cf,screenshot-424e58e1-0231-46e0-a10e-8ac3dae83f6a,,2025-11-12T07:15:20.620Z,570.4083428099258,453.72654248748756,0,0,,,screenshots/screen_000020.png
69142eb4410888a7b66fa988,68e48f1a803e577b1177152e,6912a59f410888a7b66ed6cf,screenshot-424e58e1-0231-46e0-a10e-8ac3dae83f6a,,2025-11-12T07:15:20.725Z,460.0147449382856,469.573251295136,0,0,,,screenshots/screen_000020.png
69142eb4410888a7b66fa988,68e48f1a803e577b1177152e,6912a59f410888a7b66ed6cf,screenshot-424e58e1-0231-46e0-a10e-8ac3dae83f6a,,2025-11-12T07:15:20.827Z,352.86195379229594,439.2449143753938,0,0,,,screenshots/screen_000020.png
69142eb4410888a7b66fa988,68e48f1a803e577b1177152e,6912a59f410888a7b66ed6cf,screenshot-424e58e1-0231-46e0-a10e-8ac3dae83f6a,,2025-11-12T07:15:20.921Z,292.10854228708274,452.17914005370216,0,0,,,screenshots/screen_000020.png
69142eb4410888a7b66fa988,68e48f1a803e577b1177152e,6912a59f410888a7b66ed6cf,screenshot-424e58e1-0231-46e0-a10e-8ac3dae83f6a,,2025-11-12T07:15:21.023Z,281.9669845151021,424.55441036506215,0,0,,,screenshots/screen_000020.png
69142eb4410888a7b66fa988,68e48f1a803e577b1177152e,6912a59f410888a7b66ed6cf,screenshot-424e58e1-0231-46e0-a10e-8ac3dae83f6a,,2025-11-12T07:15:21.121Z,266.42066395020686,441.88324907235994,0,0,,,screenshots/screen_000020.png
69142eb4410888a7b66fa988,68e48f1a803e577b1177152e,6912a59f410888a7b66ed6cf,screenshot-424e58e1-0231-46e0-a10e-8ac3dae83f6a,,2025-11-12T07:15:21.222Z,337.50352404353936,398.32115471101486,0,0,,,screenshots/screen_000020.png
69142eb4410888a7b66fa988,68e48f1a803e577b1177152e,6912a59f410888a7b66ed6cf,screenshot-424e58e1-0231-46e0-a10e-8ac3dae83f6a,,2025-11-12T07:15:21.322Z,404.82610271619586,388.11920510593666,0,0,,,screenshots/screen_000020.png
69142eb4410888a7b66fa988,68e48f1a803e577b1177152e,6912a59f410888a7b66ed6cf,screenshot-424e58e1-0231-46e0-a10e-8ac3dae83f6a,,2025-11-12T07:15:21.446Z,426.7948107419211,367.6548613839004,0,0,,,screenshots/screen_000020.png
69142eb4410888a7b66fa988,68e48f1a803e577b1177152e,6912a59f410888a7b66ed6cf,screenshot-424e58e1-0231-46e0-a10e-8ac3dae83f6a,,2025-11-12T07:15:21.554Z,545.3232855320172,337.1348371515826,0,0,,,screenshots/screen_000020.png
69142eb4410888a7b66fa988,68e48f1a803e577b1177152e,6912a59f410888a7b66ed6cf,screenshot-424e58e1-0231-46e0-a10e-8ac3dae83f6a,,2025-11-12T07:15:21.660Z,522.4320427207551,325.7020267094501,0,0,,,screenshots/screen_000020.png
69142eb4410888a7b66fa988,68e48f1a803e577b1177152e,6912a59f410888a7b66ed6cf,screenshot-424e58e1-0231-46e0-a10e-8ac3dae83f6a,,2025-11-12T07:15:21.759Z,606.0043776059524,333.6745744062014,0,0,,,screenshots/screen_000020.png
69142eb4410888a7b66fa988,68e48f1a803e577b1177152e,6912a59f410888a7b66ed6cf,screenshot-424e58e1-0231-46e0-a10e-8ac3dae83f6a,,2025-11-12T07:15:21.856Z,662.4166556094956,309.13238802528525,0,0,,,screenshots/screen_000020.png
69142eb4410888a7b66fa988,68e48f1a803e577b1177152e,6912a59f410888a7b66ed6cf,screenshot-424e58e1-0231-46e0-a10e-8ac3dae83f6a,,2025-11-12T07:15:21.959Z,623.5527815516637,328.5391055283897,0,0,,,screenshots/screen_000020.png
69142eb4410888a7b66fa988,68e48f1a803e577b1177152e,6912a59f410888a7b66ed6cf,screenshot-424e58e1-0231-46e0-a10e-8ac3dae83f6a,,2025-11-12T07:15:22.059Z,608.8252936758245,329.51887814604163,0,0,,,screenshots/screen_000020.png
69142eb4410888a7b66fa988,68e48f1a803e577b1177152e,6912a59f410888a7b66ed6cf,screenshot-424e58e1-0231-46e0-a10e-8ac3dae83f6a,,2025-11-12T07:15:22.158Z,661.7749090513194,308.25982332598204,0,0,,,screenshots/screen_000020.png
69142eb4410888a7b66fa988,68e48f1a803e577b1177152e,6912a59f410888a7b66ed6cf,screenshot-424e58e1-0231-46e0-a10e-8ac3dae83f6a,,2025-11-12T07:15:22.257Z,774.608005150804,313.2159464516054,0,0,,,screenshots/screen_000020.png
69142eb4410888a7b66fa988,68e48f1a803e577b1177152e,6912a59f410888a7b66ed6cf,screenshot-424e58e1-0231-46e0-a10e-8ac3dae83f6a,,2025-11-12T07:15:22.358Z,853.366808564909,356.1403020328096,0,0,,,screenshots/screen_000020.png
69142eb4410888a7b66fa988,68e48f1a803e577b1177152e,6912a59f410888a7b66ed6cf,screenshot-424e58e1-0231-46e0-a10e-8ac3dae83f6a,,2025-11-12T07:15:23.005Z,863.8606572952771,411.7337981499149,0,0,,,screenshots/screen_000020.png
69142eb4410888a7b66fa988,68e48f1a803e577b1177152e,6912a59f410888a7b66ed6cf,screenshot-424e58e1-0231-46e0-a10e-8ac3dae83f6a,,2025-11-12T07:15:23.129Z,858.4576119874303,445.05920822131185,0,0,,,screenshots/screen_000020.png
69142eb4410888a7b66fa988,68e48f1a803e577b1177152e,6912a59f410888a7b66ed6cf,screenshot-424e58e1-0231-46e0-a10e-8ac3dae83f6a,,2025-11-12T07:15:23.817Z,971.9365203003724,471.3479189060781,0,0,,,screenshots/screen_000020.png
69142eb4410888a7b66fa988,68e48f1a803e577b1177152e,6912a59f410888a7b66ed6cf,screenshot-424e58e1-0231-46e0-a10e-8ac3dae83f6a,,2025-11-12T07:15:24.015Z,991.1212729457686,494.1201714476455,0,0,,,screenshots/screen_000020.png
69142eb4410888a7b66fa988,68e48f1a803e577b1177152e,6912a59f410888a7b66ed6cf,screenshot-424e58e1-0231-46e0-a10e-8ac3dae83f6a,,2025-11-12T07:15:24.161Z,981.5833240326646,497.44417007992513,0,0,,,screenshots/screen_000020.png
69142eb4410888a7b66fa988,68e48f1a803e577b1177152e,6912a59f410888a7b66ed6cf,screenshot-424e58e1-0231-46e0-a10e-8ac3dae83f6a,,2025-11-12T07:15:24.343Z,948.5313437463292,506.8686691177663,0,0,,,screenshots/screen_000020.png
69142eb4410888a7b66fa988,68e48f1a803e577b1177152e,6912a59f410888a7b66ed6cf,screenshot-b3bce6f4-bd97-45f8-8a2e-1a9b0e2b7b73,,2025-11-12T07:15:25.165Z,885.6234491279096,558.3044713097589,0,0,,,screenshots/screen_000021.png
69142eb4410888a7b66fa988,68e48f1a803e577b1177152e,6912a59f410888a7b66ed6cf,screenshot-b3bce6f4-bd97-45f8-8a2e-1a9b0e2b7b73,,2025-11-12T07:15:25.295Z,970.4475446058376,561.7962796047358,0,0,,,screenshots/screen_000021.png
69142eb4410888a7b66fa988,68e48f1a803e577b1177152e,6912a59f410888a7b66ed6cf,screenshot-b3bce6f4-bd97-45f8-8a2e-1a9b0e2b7b73,,2025-11-12T07:15:25.409Z,997.8017290357384,553.2551462074421,0,0,,,screenshots/screen_000021.png
69142eb4410888a7b66fa988,68e48f1a803e577b1177152e,6912a59f410888a7b66ed6cf,screenshot-b3bce6f4-bd97-45f8-8a2e-1a9b0e2b7b73,,2025-11-12T07:15:25.535Z,973.4780780633554,456.2877497688546,0,0,,,screenshots/screen_000021.png
69142eb4410888a7b66fa988,68e48f1a803e577b1177152e,6912a59f410888a7b66ed6cf,screenshot-b3bce6f4-bd97-45f8-8a2e-1a9b0e2b7b73,,2025-11-12T07:15:25.645Z,959.0887308414042,381.76765112222614,0,0,,,screenshots/screen_000021.png
69142eb4410888a7b66fa988,68e48f1a803e577b1177152e,6912a59f410888a7b66ed6cf,screenshot-b3bce6f4-bd97-45f8-8a2e-1a9b0e2b7b73,,2025-11-12T07:15:25.741Z,857.4379428329966,348.1944736893457,0,0,,,screenshots/screen_000021.png
69142eb4410888a7b66fa988,68e48f1a803e577b1177152e,6912a59f410888a7b66ed6cf,screenshot-b3bce6f4-bd97-45f8-8a2e-1a9b0e2b7b73,,2025-11-12T07:15:25.841Z,879.82262007771,323.2824124946525,0,0,,,screenshots/screen_000021.png
69142eb4410888a7b66fa988,68e48f1a803e577b1177152e,6912a59f410888a7b66ed6cf,screenshot-b3bce6f4-bd97-45f8-8a2e-1a9b0e2b7b73,,2025-11-12T07:15:25.940Z,811.554089099731,308.04394823045266,0,0,,,screenshots/screen_000021.png
69142eb4410888a7b66fa988,68e48f1a803e577b1177152e,6912a59f410888a7b66ed6cf,screenshot-b3bce6f4-bd97-45f8-8a2e-1a9b0e2b7b73,,2025-11-12T07:15:26.040Z,772.1513909696445,305.2540501552002,0,0,,,screenshots/screen_000021.png
69142eb4410888a7b66fa988,68e48f1a803e577b1177152e,6912a59f410888a7b66ed6cf,screenshot-b3bce6f4-bd97-45f8-8a2e-1a9b0e2b7b73,,2025-11-12T07:15:26.141Z,781.6099464315697,297.21094895942775,0,0,,,screenshots/screen_000021.png
69142eb4410888a7b66fa988,68e48f1a803e577b1177152e,6912a59f410888a7b66ed6cf,screenshot-b3bce6f4-bd97-45f8-8a2e-1a9b0e2b7b73,,2025-11-12T07:15:26.238Z,844.5049842775255,248.5231659545459,0,0,,,screenshots/screen_000021.png
69142eb4410888a7b66fa988,68e48f1a803e577b1177152e,6912a59f410888a7b66ed6cf,screenshot-b3bce6f4-bd97-45f8-8a2e-1a9b0e2b7b73,,2025-11-12T07:15:26.342Z,874.329828790653,220.06231383452968,0,0,,,screenshots/screen_000021.png
69142eb4410888a7b66fa988,68e48f1a803e577b1177152e,6912a59f410888a7b66ed6cf,screenshot-b3bce6f4-bd97-45f8-8a2e-1a9b0e2b7b73,,2025-11-12T07:15:26.438Z,845.9234331880868,219.5343942360083,0,0,,,screenshots/screen_000021.png
69142eb4410888a7b66fa988,68e48f1a803e577b1177152e,6912a59f410888a7b66ed6cf,screenshot-b3bce6f4-bd97-45f8-8a2e-1a9b0e2b7b73,,2025-11-12T07:15:27.074Z,866.1190814539538,233.699410527711,0,0,,,screenshots/screen_000021.png
69142eb4410888a7b66fa988,68e48f1a803e577b1177152e,6912a59f410888a7b66ed6cf,screenshot-b3bce6f4-bd97-45f8-8a2e-1a9b0e2b7b73,,2025-11-12T07:15:27.185Z,836.0058546297024,262.5908212126387,0,0,,,screenshots/screen_000021.png
69142eb4410888a7b66fa988,68e48f1a803e577b1177152e,6912a59f410888a7b66ed6cf,screenshot-b3bce6f4-bd97-45f8-8a2e-1a9b0e2b7b73,,2025-11-12T07:15:27.858Z,940.4434121962911,242.96992978458493,0,0,,,screenshots/screen_000021.png
69142eb4410888a7b66fa988,68e48f1a803e577b1177152e,6912a59f410888a7b66ed6cf,screenshot-b3bce6f4-bd97-45f8-8a2e-1a9b0e2b7b73,,2025-11-12T07:15:27.978Z,921.6037070861672,246.54539679846124,0,0,,,screenshots/screen_000021.png
69142eb4410888a7b66fa988,68e48f1a803e577b1177152e,6912a59f410888a7b66ed6cf,screenshot-b3bce6f4-bd97-45f8-8a2e-1a9b0e2b7b73,,2025-11-12T07:15:28.148Z,948.4546021730964,266.6348310393763,0,0,,,screenshots/screen_000021.png
69142eb4410888a7b66fa988,68e48f1a803e577b1177152e,6912a59f410888a7b66ed6cf,screenshot-b3bce6f4-bd97-45f8-8a2e-1a9b0e2b7b73,,2025-11-12T07:15:28.256Z,833.5567833033974,282.21665738014644,0,0,,,screenshots/screen_000021.png
69142eb4410888a7b66fa988,68e48f1a803e577b1177152e,6912a59f410888a7b66ed6cf,screenshot-b3bce6f4-bd97-45f8-8a2e-1a9b0e2b7b73,,2025-11-12T07:15:28.356Z,758.0118121509184,335.89606400863937,0,0,,,screenshots/screen_000021.png
69142eb4410888a7b66fa988,68e48f1a803e577b1177152e,6912a59f410888a7b66ed6cf,screenshot-b3bce6f4-bd97-45f8-8a2e-1a9b0e2b7b73,,2025-11-12T07:15:28.485Z,830.8455620213001,320.87361937791167,0,0,,,screenshots/screen_000021.png
69142eb4410888a7b66fa988,68e48f1a803e577b1177152e,6912a59f410888a7b66ed6cf,screenshot-b3bce6f4-bd97-45f8-8a2e-1a9b0e2b7b73,,2025-11-12T07:15:28.673Z,839.1005580900915,347.2955741916282,0,0,,,screenshots/screen_000021.png
69142eb4410888a7b66fa988,68e48f1a803e577b1177152e,6912a59f410888a7b66ed6cf,screenshot-b3bce6f4-bd97-45f8-8a2e-1a9b0e2b7b73,,2025-11-12T07:15:28.851Z,797.4528747004877,340.4974747908929,0,0,,,screenshots/screen_000021.png
69142eb4410888a7b66fa988,68e48f1a803e577b1177152e,6912a59f410888a7b66ed6cf,screenshot-b3bce6f4-bd97-45f8-8a2e-1a9b0e2b7b73,,2025-11-12T07:15:29.029Z,797.4388632870654,353.7647817430645,0,0,,,screenshots/screen_000021.png
69142eb4410888a7b66fa988,68e48f1a803e577b1177152e,6912a59f410888a7b66ed6cf,screenshot-b3bce6f4-bd97-45f8-8a2e-1a9b0e2b7b73,,2025-11-12T07:15:29.198Z,858.0755885193432,337.2213862031315,0,0,,,screenshots/screen_000021.png
69142eb4410888a7b66fa988,68e48f1a803e577b1177152e,6912a59f410888a7b66ed6cf,screenshot-cf530e8e-038e-4f85-9bec-162acd96c1a9,,2025-11-12T07:15:29.536Z,913.5334431149254,314.99724617421066,0,0,,,screenshots/screen_000022.png
69142eb4410888a7b66fa988,68e48f1a803e577b1177152e,6912a59f410888a7b66ed6cf,screenshot-cf530e8e-038e-4f85-9bec-162acd96c1a9,,2025-11-12T07:15:29.632Z,935.413754794372,331.95071472875003,0,0,,,screenshots/screen_000022.png
69142eb4410888a7b66fa988,68e48f1a803e577b1177152e,6912a59f410888a7b66ed6cf,screenshot-cf530e8e-038e-4f85-9bec-162acd96c1a9,,2025-11-12T07:15:29.722Z,911.7439286143415,337.8532883052707,0,0,,,screenshots/screen_000022.png
69142eb4410888a7b66fa988,68e48f1a803e577b1177152e,6912a59f410888a7b66ed6cf,screenshot-cf530e8e-038e-4f85-9bec-162acd96c1a9,,2025-11-12T07:15:29.821Z,925.5458237094809,338.2430661928035,0,0,,,screenshots/screen_000022.png
69142eb4410888a7b66fa988,68e48f1a803e577b1177152e,6912a59f410888a7b66ed6cf,screenshot-cf530e8e-038e-4f85-9bec-162acd96c1a9,,2025-11-12T07:15:29.923Z,687.5410111669378,435.6852703722617,0,0,,,screenshots/screen_000022.png
69142eb4410888a7b66fa988,68e48f1a803e577b1177152e,6912a59f410888a7b66ed6cf,screenshot-cf530e8e-038e-4f85-9bec-162acd96c1a9,,2025-11-12T07:15:30.025Z,608.296214036558,486.6291897657394,0,0,,,screenshots/screen_000022.png
69142eb4410888a7b66fa988,68e48f1a803e577b1177152e,6912a59f410888a7b66ed6cf,screenshot-cf530e8e-038e-4f85-9bec-162acd96c1a9,,2025-11-12T07:15:30.118Z,596.957398537557,506.3755639696989,0,0,,,screenshots/screen_000022.png
69142eb4410888a7b66fa988,68e48f1a803e577b1177152e,6912a59f410888a7b66ed6cf,screenshot-cf530e8e-038e-4f85-9bec-162acd96c1a9,,2025-11-12T07:15:30.225Z,583.446913359723,525.1900883001556,0,0,,,screenshots/screen_000022.png
69142eb4410888a7b66fa988,68e48f1a803e577b1177152e,6912a59f410888a7b66ed6cf,screenshot-cf530e8e-038e-4f85-9bec-162acd96c1a9,,2025-11-12T07:15:30.321Z,536.2328009402588,535.131216914456,0,0,,,screenshots/screen_000022.png
69142eb4410888a7b66fa988,68e48f1a803e577b1177152e,6912a59f410888a7b66ed6cf,screenshot-cf530e8e-038e-4f85-9bec-162acd96c1a9,,2025-11-12T07:15:30.424Z,532.259321343663,571.3352000901349,0,0,,,screenshots/screen_000022.png
69142eb4410888a7b66fa988,68e48f1a803e577b1177152e,6912a59f410888a7b66ed6cf,screenshot-cf530e8e-038e-4f85-9bec-162acd96c1a9,,2025-11-12T07:15:30.526Z,576.3134067406207,575.0887409657248,0,0,,,screenshots/screen_000022.png
69142eb4410888a7b66fa988,68e48f1a803e577b1177152e,6912a59f410888a7b66ed6cf,screenshot-cf530e8e-038e-4f85-9bec-162acd96c1a9,,2025-11-12T07:15:30.625Z,641.5916881824995,538.1464583614949,0,0,,,screenshots/screen_000022.png
69142eb4410888a7b66fa988,68e48f1a803e577b1177152e,6912a59f410888a7b66ed6cf,screenshot-cf530e8e-038e-4f85-9bec-162acd96c1a9,,2025-11-12T07:15:30.732Z,715.3023206702629,492.04221992150167,0,0,,,screenshots/screen_000022.png
69142eb4410888a7b66fa988,68e48f1a803e577b1177152e,6912a59f410888a7b66ed6cf,screenshot-cf530e8e-038e-4f85-9bec-162acd96c1a9,,2025-11-12T07:15:30.820Z,726.7253261010819,473.90843517950117,0,0,,,screenshots/screen_000022.png
69142eb4410888a7b66fa988,68e48f1a803e577b1177152e,6912a59f410888a7b66ed6cf,screenshot-cf530e8e-038e-4f85-9bec-162acd96c1a9,,2025-11-12T07:15:30.926Z,792.2176616030279,495.43043180528053,0,0,,,screenshots/screen_000022.png
69142eb4410888a7b66fa988,68e48f1a803e577b1177152e,6912a59f410888a7b66ed6cf,screenshot-cf530e8e-038e-4f85-9bec-162acd96c1a9,,2025-11-12T07:15:31.033Z,881.0845863756902,493.68608432398196,0,0,,,screenshots/screen_000022.png
69142eb4410888a7b66fa988,68e48f1a803e577b1177152e,6912a59f410888a7b66ed6cf,screenshot-cf530e8e-038e-4f85-9bec-162acd96c1a9,,2025-11-12T07:15:31.132Z,972.6115494194045,497.1696502830355,0,0,,,screenshots/screen_000022.png
69142eb4410888a7b66fa988,68e48f1a803e577b1177152e,6912a59f410888a7b66ed6cf,screenshot-cf530e8e-038e-4f85-9bec-162acd96c1a9,,2025-11-12T07:15:31.256Z,993.4568495979003,464.8615723818269,0,0,,,screenshots/screen_000022.png
69142eb4410888a7b66fa988,68e48f1a803e577b1177152e,6912a59f410888a7b66ed6cf,screenshot-cf530e8e-038e-4f85-9bec-162acd96c1a9,,2025-11-12T07:15:31.366Z,1004.9509687784206,445.0222275806343,0,0,,,screenshots/screen_000022.png
69142eb4410888a7b66fa988,68e48f1a803e577b1177152e,6912a59f410888a7b66ed6cf,screenshot-cf530e8e-038e-4f85-9bec-162acd96c1a9,,2025-11-12T07:15:31.462Z,1000.9169493986235,418.0426621023601,0,0,,,screenshots/screen_000022.png
69142eb4410888a7b66fa988,68e48f1a803e577b1177152e,6912a59f410888a7b66ed6cf,screenshot-cf530e8e-038e-4f85-9bec-162acd96c1a9,,2025-11-12T07:15:31.564Z,1024.1168814085256,379.25590994721586,0,0,,,screenshots/screen_000022.png
69142eb4410888a7b66fa988,68e48f1a803e577b1177152e,6912a59f410888a7b66ed6cf,screenshot-cf530e8e-038e-4f85-9bec-162acd96c1a9,,2025-11-12T07:15:31.666Z,890.7317271424403,360.1059373956323,0,0,,,screenshots/screen_000022.png
69142eb4410888a7b66fa988,68e48f1a803e577b1177152e,6912a59f410888a7b66ed6cf,screenshot-cf530e8e-038e-4f85-9bec-162acd96c1a9,,2025-11-12T07:15:31.762Z,916.6293964887352,330.9347335511303,0,0,,,screenshots/screen_000022.png
69142eb4410888a7b66fa988,68e48f1a803e577b1177152e,6912a59f410888a7b66ed6cf,screenshot-cf530e8e-038e-4f85-9bec-162acd96c1a9,,2025-11-12T07:15:31.865Z,864.6914830532537,344.63982570440015,0,0,,,screenshots/screen_000022.png
69142eb4410888a7b66fa988,68e48f1a803e577b1177152e,6912a59f410888a7b66ed6cf,screenshot-cf530e8e-038e-4f85-9bec-162acd96c1a9,,2025-11-12T07:15:31.966Z,808.2006788358005,384.5754060449224,0,0,,,screenshots/screen_000022.png
69142eb4410888a7b66fa988,68e48f1a803e577b1177152e,6912a59f410888a7b66ed6cf,screenshot-cf530e8e-038e-4f85-9bec-162acd96c1a9,,2025-11-12T07:15:32.065Z,783.0901793568391,388.9783498689074,0,0,,,screenshots/screen_000022.png
69142eb4410888a7b66fa988,68e48f1a803e577b1177152e,6912a59f410888a7b66ed6cf,screenshot-cf530e8e-038e-4f85-9bec-162acd96c1a9,,2025-11-12T07:15:32.157Z,709.1264744344631,419.6153549133172,0,0,,,screenshots/screen_000022.png
69142eb4410888a7b66fa988,68e48f1a803e577b1177152e,6912a59f410888a7b66ed6cf,screenshot-cf530e8e-038e-4f85-9bec-162acd96c1a9,,2025-11-12T07:15:32.272Z,733.101186442202,431.3179343161756,0,0,,,screenshots/screen_000022.png
69142eb4410888a7b66fa988,68e48f1a803e577b1177152e,6912a59f410888a7b66ed6cf,screenshot-cf530e8e-038e-4f85-9bec-162acd96c1a9,,2025-11-12T07:15:32.368Z,820.1516426377973,431.06953088022163,0,0,,,screenshots/screen_000022.png
69142eb4410888a7b66fa988,68e48f1a803e577b1177152e,6912a59f410888a7b66ed6cf,screenshot-cf530e8e-038e-4f85-9bec-162acd96c1a9,,2025-11-12T07:15:32.464Z,841.7289487526022,467.61257627767594,0,0,,,screenshots/screen_000022.png
69142eb4410888a7b66fa988,68e48f1a803e577b1177152e,6912a59f410888a7b66ed6cf,screenshot-cf530e8e-038e-4f85-9bec-162acd96c1a9,,2025-11-12T07:15:32.567Z,877.099493704509,468.23367831239364,0,0,,,screenshots/screen_000022.png
69142eb4410888a7b66fa988,68e48f1a803e577b1177152e,6912a59f410888a7b66ed6cf,screenshot-cf530e8e-038e-4f85-9bec-162acd96c1a9,,2025-11-12T07:15:32.666Z,899.7486998338143,537.469898781051,0,0,,,screenshots/screen_000022.png
69142eb4410888a7b66fa988,68e48f1a803e577b1177152e,6912a59f410888a7b66ed6cf,screenshot-cf530e8e-038e-4f85-9bec-162acd96c1a9,,2025-11-12T07:15:32.766Z,947.156569269825,548.1695093465487,0,0,,,screenshots/screen_000022.png
69142eb4410888a7b66fa988,68e48f1a803e577b1177152e,6912a59f410888a7b66ed6cf,screenshot-cf530e8e-038e-4f85-9bec-162acd96c1a9,,2025-11-12T07:15:32.867Z,940.2479752861562,493.6604551353562,0,0,,,screenshots/screen_000022.png
69142eb4410888a7b66fa988,68e48f1a803e577b1177152e,6912a59f410888a7b66ed6cf,screenshot-cf530e8e-038e-4f85-9bec-162acd96c1a9,,2025-11-12T07:15:32.989Z,976.3095048079033,418.6261106753345,0,0,,,screenshots/screen_000022.png
69142eb4410888a7b66fa988,68e48f1a803e577b1177152e,6912a59f410888a7b66ed6cf,screenshot-cf530e8e-038e-4f85-9bec-162acd96c1a9,,2025-11-12T07:15:33.105Z,972.074953108102,388.05065505977836,0,0,,,screenshots/screen_000022.png
69142eb4410888a7b66fa988,68e48f1a803e577b1177152e,6912a59f410888a7b66ed6cf,screenshot-cf530e8e-038e-4f85-9bec-162acd96c1a9,,2025-11-12T07:15:33.234Z,951.2447686895277,353.17592386715177,0,0,,,screenshots/screen_000022.png
69142eb4410888a7b66fa988,68e48f1a803e577b1177152e,6912a59f410888a7b66ed6cf,screenshot-cf530e8e-038e-4f85-9bec-162acd96c1a9,,2025-11-12T07:15:33.333Z,1036.7821165275745,319.23054321541366,0,0,,,screenshots/screen_000022.png
69142eb4410888a7b66fa988,68e48f1a803e577b1177152e,6912a59f410888a7b66ed6cf,screenshot-cf530e8e-038e-4f85-9bec-162acd96c1a9,,2025-11-12T07:15:33.435Z,1040.0480642771824,281.77326884465776,0,0,,,screenshots/screen_000022.png
69142eb4410888a7b66fa988,68e48f1a803e577b1177152e,6912a59f410888a7b66ed6cf,screenshot-cf530e8e-038e-4f85-9bec-162acd96c1a9,,2025-11-12T07:15:33.531Z,998.2345067944979,268.88166432894377,0,0,,,screenshots/screen_000022.png
69142eb4410888a7b66fa988,68e48f1a803e577b1177152e,6912a59f410888a7b66ed6cf,screenshot-cf530e8e-038e-4f85-9bec-162acd96c1a9,,2025-11-12T07:15:33.639Z,1061.8026607636727,262.03320729619844,0,0,,,screenshots/screen_000022.png
69142eb4410888a7b66fa988,68e48f1a803e577b1177152e,6912a59f410888a7b66ed6cf,screenshot-cf530e8e-038e-4f85-9bec-162acd96c1a9,,2025-11-12T07:15:33.736Z,1111.5215119606244,225.90893998522384,0,0,,,screenshots/screen_000022.png
69142eb4410888a7b66fa988,68e48f1a803e577b1177152e,6912a59f410888a7b66ed6cf,screenshot-cf530e8e-038e-4f85-9bec-162acd96c1a9,,2025-11-12T07:15:33.836Z,1126.545014962745,195.04858402947275,0,0,,,screenshots/screen_000022.png
69142eb4410888a7b66fa988,68e48f1a803e577b1177152e,6912a59f410888a7b66ed6cf,screenshot-cf530e8e-038e-4f85-9bec-162acd96c1a9,,2025-11-12T07:15:33.938Z,1042.4182202621,212.6887828310609,0,0,,,screenshots/screen_000022.png
69142eb4410888a7b66fa988,68e48f1a803e577b1177152e,6912a59f410888a7b66ed6cf,screenshot-cf530e8e-038e-4f85-9bec-162acd96c1a9,,2025-11-12T07:15:34.036Z,1026.442794665361,220.4398217801719,0,0,,,screenshots/screen_000022.png
69142eb4410888a7b66fa988,68e48f1a803e577b1177152e,6912a59f410888a7b66ed6cf,screenshot-cf530e8e-038e-4f85-9bec-162acd96c1a9,,2025-11-12T07:15:34.138Z,1051.85297718513,235.86681947800912,0,0,,,screenshots/screen_000022.png
69142eb4410888a7b66fa988,68e48f1a803e577b1177152e,6912a59f410888a7b66ed6cf,screenshot-cf530e8e-038e-4f85-9bec-162acd96c1a9,,2025-11-12T07:15:34.766Z,1066.9924627663513,238.0516925183005,0,0,,,screenshots/screen_000022.png
69142eb4410888a7b66fa988,68e48f1a803e577b1177152e,6912a59f410888a7b66ed6cf,screenshot-cf530e8e-038e-4f85-9bec-162acd96c1a9,,2025-11-12T07:15:35.406Z,1135.5507620951616,326.9200457738952,0,0,,,screenshots/screen_000022.png
69142eb4410888a7b66fa988,68e48f1a803e577b1177152e,6912a59f410888a7b66ed6cf,screenshot-929be879-d1fa-400d-9b3d-a533a447f77c,,2025-11-12T07:15:36.911Z,943.4897110962814,315.005732654571,0,0,,,screenshots/screen_000023.png
69142eb4410888a7b66fa988,68e48f1a803e577b1177152e,6912a59f410888a7b66ed6cf,screenshot-929be879-d1fa-400d-9b3d-a533a447f77c,,2025-11-12T07:15:37.016Z,924.3303208061744,315.3467721589447,0,0,,,screenshots/screen_000023.png
69142eb4410888a7b66fa988,68e48f1a803e577b1177152e,6912a59f410888a7b66ed6cf,screenshot-929be879-d1fa-400d-9b3d-a533a447f77c,,2025-11-12T07:15:37.116Z,867.1385403684104,343.6134665099095,0,0,,,screenshots/screen_000023.png
69142eb4410888a7b66fa988,68e48f1a803e577b1177152e,6912a59f410888a7b66ed6cf,screenshot-929be879-d1fa-400d-9b3d-a533a447f77c,,2025-11-12T07:15:37.215Z,799.4378574661096,351.4252524812009,0,0,,,screenshots/screen_000023.png
69142eb4410888a7b66fa988,68e48f1a803e577b1177152e,6912a59f410888a7b66ed6cf,screenshot-929be879-d1fa-400d-9b3d-a533a447f77c,,2025-11-12T07:15:37.316Z,780.8489948267039,356.5886201661087,0,0,,,screenshots/screen_000023.png
69142eb4410888a7b66fa988,68e48f1a803e577b1177152e,6912a59f410888a7b66ed6cf,screenshot-929be879-d1fa-400d-9b3d-a533a447f77c,,2025-11-12T07:15:37.416Z,602.7506591837803,437.99112636391897,0,0,,,screenshots/screen_000023.png
69142eb4410888a7b66fa988,68e48f1a803e577b1177152e,6912a59f410888a7b66ed6cf,screenshot-929be879-d1fa-400d-9b3d-a533a447f77c,,2025-11-12T07:15:37.519Z,427.0926679715772,504.1355065105714,0,0,,,screenshots/screen_000023.png
69142eb4410888a7b66fa988,68e48f1a803e577b1177152e,6912a59f410888a7b66ed6cf,screenshot-929be879-d1fa-400d-9b3d-a533a447f77c,,2025-11-12T07:15:37.614Z,469.9068715267799,541.3803181072658,0,0,,,screenshots/screen_000023.png
69142eb4410888a7b66fa988,68e48f1a803e577b1177152e,6912a59f410888a7b66ed6cf,screenshot-929be879-d1fa-400d-9b3d-a533a447f77c,,2025-11-12T07:15:37.715Z,574.9462619288856,570.5109942795855,0,0,,,screenshots/screen_000023.png
69142eb4410888a7b66fa988,68e48f1a803e577b1177152e,6912a59f410888a7b66ed6cf,screenshot-929be879-d1fa-400d-9b3d-a533a447f77c,,2025-11-12T07:15:37.819Z,662.9474785913238,568.1957483977146,0,0,,,screenshots/screen_000023.png
69142eb4410888a7b66fa988,68e48f1a803e577b1177152e,6912a59f410888a7b66ed6cf,screenshot-929be879-d1fa-400d-9b3d-a533a447f77c,,2025-11-12T07:15:37.923Z,781.7079312214684,563.974324798059,0,0,,,screenshots/screen_000023.png
69142eb4410888a7b66fa988,68e48f1a803e577b1177152e,6912a59f410888a7b66ed6cf,screenshot-929be879-d1fa-400d-9b3d-a533a447f77c,,2025-11-12T07:15:38.021Z,835.4043173063643,582.1872100758527,0,0,,,screenshots/screen_000023.png
69142eb4410888a7b66fa988,68e48f1a803e577b1177152e,6912a59f410888a7b66ed6cf,screenshot-929be879-d1fa-400d-9b3d-a533a447f77c,,2025-11-12T07:15:38.124Z,867.2001078439982,575.4333114248982,0,0,,,screenshots/screen_000023.png
69142eb4410888a7b66fa988,68e48f1a803e577b1177152e,6912a59f410888a7b66ed6cf,screenshot-929be879-d1fa-400d-9b3d-a533a447f77c,,2025-11-12T07:15:38.219Z,874.1288124726549,569.1863109205248,0,0,,,screenshots/screen_000023.png
69142eb4410888a7b66fa988,68e48f1a803e577b1177152e,6912a59f410888a7b66ed6cf,screenshot-929be879-d1fa-400d-9b3d-a533a447f77c,,2025-11-12T07:15:38.320Z,853.1067092126445,558.8261257380493,0,0,,,screenshots/screen_000023.png
69142eb4410888a7b66fa988,68e48f1a803e577b1177152e,6912a59f410888a7b66ed6cf,screenshot-929be879-d1fa-400d-9b3d-a533a447f77c,,2025-11-12T07:15:38.416Z,895.6721887012036,538.258046388139,0,0,,,screenshots/screen_000023.png
69142eb4410888a7b66fa988,68e48f1a803e577b1177152e,6912a59f410888a7b66ed6cf,screenshot-929be879-d1fa-400d-9b3d-a533a447f77c,,2025-11-12T07:15:38.521Z,994.2370364789307,529.5365356208197,0,0,,,screenshots/screen_000023.png
69142eb4410888a7b66fa988,68e48f1a803e577b1177152e,6912a59f410888a7b66ed6cf,screenshot-929be879-d1fa-400d-9b3d-a533a447f77c,,2025-11-12T07:15:38.617Z,1019.475002109027,531.3731252604383,0,0,,,screenshots/screen_000023.png
69142eb4410888a7b66fa988,68e48f1a803e577b1177152e,6912a59f410888a7b66ed6cf,screenshot-929be879-d1fa-400d-9b3d-a533a447f77c,,2025-11-12T07:15:38.720Z,1118.3833806877283,514.6551172437139,0,0,,,screenshots/screen_000023.png
69142eb4410888a7b66fa988,68e48f1a803e577b1177152e,6912a59f410888a7b66ed6cf,screenshot-929be879-d1fa-400d-9b3d-a533a447f77c,,2025-11-12T07:15:38.819Z,1128.166313536917,540.531634658669,0,0,,,screenshots/screen_000023.png
69142eb4410888a7b66fa988,68e48f1a803e577b1177152e,6912a59f410888a7b66ed6cf,screenshot-929be879-d1fa-400d-9b3d-a533a447f77c,,2025-11-12T07:15:38.945Z,1187.1344645218153,561.3180074776543,0,0,,,screenshots/screen_000023.png
69142eb4410888a7b66fa988,68e48f1a803e577b1177152e,6912a59f410888a7b66ed6cf,screenshot-929be879-d1fa-400d-9b3d-a533a447f77c,,2025-11-12T07:15:39.058Z,1062.0072608629416,583.3441718165658,0,0,,,screenshots/screen_000023.png
69142eb4410888a7b66fa988,68e48f1a803e577b1177152e,6912a59f410888a7b66ed6cf,screenshot-929be879-d1fa-400d-9b3d-a533a447f77c,,2025-11-12T07:15:39.184Z,1111.5741627326486,537.2920137880848,0,0,,,screenshots/screen_000023.png
69142eb4410888a7b66fa988,68e48f1a803e577b1177152e,6912a59f410888a7b66ed6cf,screenshot-929be879-d1fa-400d-9b3d-a533a447f77c,,2025-11-12T07:15:39.291Z,1156.1534610819883,551.9182916823661,0,0,,,screenshots/screen_000023.png
69142eb4410888a7b66fa988,68e48f1a803e577b1177152e,6912a59f410888a7b66ed6cf,screenshot-929be879-d1fa-400d-9b3d-a533a447f77c,,2025-11-12T07:15:39.385Z,1153.4785341669838,504.6710557381931,0,0,,,screenshots/screen_000023.png
69142eb4410888a7b66fa988,68e48f1a803e577b1177152e,6912a59f410888a7b66ed6cf,screenshot-929be879-d1fa-400d-9b3d-a533a447f77c,,2025-11-12T07:15:39.485Z,1071.9849282266298,511.88826782117,0,0,,,screenshots/screen_000023.png
69142eb4410888a7b66fa988,68e48f1a803e577b1177152e,6912a59f410888a7b66ed6cf,screenshot-929be879-d1fa-400d-9b3d-a533a447f77c,,2025-11-12T07:15:39.614Z,1161.828237756796,519.9167690252231,0,0,,,screenshots/screen_000023.png
69142eb4410888a7b66fa988,68e48f1a803e577b1177152e,6912a59f410888a7b66ed6cf,screenshot-929be879-d1fa-400d-9b3d-a533a447f77c,,2025-11-12T07:15:39.729Z,1109.548901524833,528.162467714069,0,0,,,screenshots/screen_000023.png
69142eb4410888a7b66fa988,68e48f1a803e577b1177152e,6912a59f410888a7b66ed6cf,screenshot-929be879-d1fa-400d-9b3d-a533a447f77c,,2025-11-12T07:15:39.826Z,1033.9284817598327,549.7482959112281,0,0,,,screenshots/screen_000023.png
69142eb4410888a7b66fa988,68e48f1a803e577b1177152e,6912a59f410888a7b66ed6cf,screenshot-929be879-d1fa-400d-9b3d-a533a447f77c,,2025-11-12T07:15:39.950Z,1021.0310438819932,560.7838053883019,0,0,,,screenshots/screen_000023.png
69142eb4410888a7b66fa988,68e48f1a803e577b1177152e,6912a59f410888a7b66ed6cf,screenshot-929be879-d1fa-400d-9b3d-a533a447f77c,,2025-11-12T07:15:40.063Z,1041.3769397442086,543.3771582105817,0,0,,,screenshots/screen_000023.png
69142eb4410888a7b66fa988,68e48f1a803e577b1177152e,6912a59f410888a7b66ed6cf,screenshot-929be879-d1fa-400d-9b3d-a533a447f77c,,2025-11-12T07:15:40.183Z,1059.7359572826083,526.2616294412114,0,0,,,screenshots/screen_000023.png
69142eb4410888a7b66fa988,68e48f1a803e577b1177152e,6912a59f410888a7b66ed6cf,screenshot-929be879-d1fa-400d-9b3d-a533a447f77c,,2025-11-12T07:15:40.291Z,997.4221842859727,519.1840893852099,0,0,,,screenshots/screen_000023.png
69142eb4410888a7b66fa988,68e48f1a803e577b1177152e,6912a59f410888a7b66ed6cf,screenshot-929be879-d1fa-400d-9b3d-a533a447f77c,,2025-11-12T07:15:40.395Z,1058.0146705083648,515.9743984850664,0,0,,,screenshots/screen_000023.png
69142eb4410888a7b66fa988,68e48f1a803e577b1177152e,6912a59f410888a7b66ed6cf,screenshot-929be879-d1fa-400d-9b3d-a533a447f77c,,2025-11-12T07:15:40.493Z,1088.308920925713,501.4870998417589,0,0,,,screenshots/screen_000023.png
69142eb4410888a7b66fa988,68e48f1a803e577b1177152e,6912a59f410888a7b66ed6cf,screenshot-929be879-d1fa-400d-9b3d-a533a447f77c,,2025-11-12T07:15:40.596Z,1020.2139769363267,493.6519310795542,0,0,,,screenshots/screen_000023.png
69142eb4410888a7b66fa988,68e48f1a803e577b1177152e,6912a59f410888a7b66ed6cf,screenshot-929be879-d1fa-400d-9b3d-a533a447f77c,,2025-11-12T07:15:40.714Z,1144.1124230370222,461.31225033436783,0,0,,,screenshots/screen_000023.png
69142eb4410888a7b66fa988,68e48f1a803e577b1177152e,6912a59f410888a7b66ed6cf,screenshot-929be879-d1fa-400d-9b3d-a533a447f77c,,2025-11-12T07:15:40.820Z,1065.266172664691,497.448659222482,0,0,,,screenshots/screen_000023.png
69142eb4410888a7b66fa988,68e48f1a803e577b1177152e,6912a59f410888a7b66ed6cf,screenshot-929be879-d1fa-400d-9b3d-a533a447f77c,,2025-11-12T07:15:40.934Z,1170.9714292131168,460.3484308738275,0,0,,,screenshots/screen_000023.png
69142eb4410888a7b66fa988,68e48f1a803e577b1177152e,6912a59f410888a7b66ed6cf,screenshot-929be879-d1fa-400d-9b3d-a533a447f77c,,2025-11-12T07:15:41.025Z,1090.9621962925066,482.19091584336815,0,0,,,screenshots/screen_000023.png
69142eb4410888a7b66fa988,68e48f1a803e577b1177152e,6912a59f410888a7b66ed6cf,screenshot-929be879-d1fa-400d-9b3d-a533a447f77c,,2025-11-12T07:15:41.129Z,1019.0605712361693,524.6305661091357,0,0,,,screenshots/screen_000023.png
69142eb4410888a7b66fa988,68e48f1a803e577b1177152e,6912a59f410888a7b66ed6cf,screenshot-929be879-d1fa-400d-9b3d-a533a447f77c,,2025-11-12T07:15:41.231Z,1055.9184401317523,516.8185645761519,0,0,,,screenshots/screen_000023.png
69142eb4410888a7b66fa988,68e48f1a803e577b1177152e,6912a59f410888a7b66ed6cf,screenshot-929be879-d1fa-400d-9b3d-a533a447f77c,,2025-11-12T07:15:41.349Z,897.0027797636465,537.4934682503772,0,0,,,screenshots/screen_000023.png
69142eb4410888a7b66fa988,68e48f1a803e577b1177152e,6912a59f410888a7b66ed6cf,screenshot-929be879-d1fa-400d-9b3d-a533a447f77c,,2025-11-12T07:15:41.451Z,854.3288890415123,449.1007195514864,0,0,,,screenshots/screen_000023.png
69142eb4410888a7b66fa988,68e48f1a803e577b1177152e,6912a59f410888a7b66ed6cf,screenshot-929be879-d1fa-400d-9b3d-a533a447f77c,,2025-11-12T07:15:41.556Z,910.759893911406,369.48925729684237,0,0,,,screenshots/screen_000023.png
69142eb4410888a7b66fa988,68e48f1a803e577b1177152e,6912a59f410888a7b66ed6cf,screenshot-929be879-d1fa-400d-9b3d-a533a447f77c,,2025-11-12T07:15:41.663Z,946.5010480897016,293.16356696344917,0,0,,,screenshots/screen_000023.png
69142eb4410888a7b66fa988,68e48f1a803e577b1177152e,6912a59f410888a7b66ed6cf,screenshot-929be879-d1fa-400d-9b3d-a533a447f77c,,2025-11-12T07:15:41.781Z,987.5530929907875,250.1356431217514,0,0,,,screenshots/screen_000023.png
69142eb4410888a7b66fa988,68e48f1a803e577b1177152e,6912a59f410888a7b66ed6cf,screenshot-929be879-d1fa-400d-9b3d-a533a447f77c,,2025-11-12T07:15:41.879Z,1008.6911515833333,225.3758988972069,0,0,,,screenshots/screen_000023.png
69142eb4410888a7b66fa988,68e48f1a803e577b1177152e,6912a59f410888a7b66ed6cf,screenshot-929be879-d1fa-400d-9b3d-a533a447f77c,,2025-11-12T07:15:42.004Z,966.7913319742873,203.56767868686038,0,0,,,screenshots/screen_000023.png
69142eb4410888a7b66fa988,68e48f1a803e577b1177152e,6912a59f410888a7b66ed6cf,screenshot-929be879-d1fa-400d-9b3d-a533a447f77c,,2025-11-12T07:15:42.102Z,953.3807590042574,186.00077442201206,0,0,,,screenshots/screen_000023.png
69142eb4410888a7b66fa988,68e48f1a803e577b1177152e,6912a59f410888a7b66ed6cf,screenshot-929be879-d1fa-400d-9b3d-a533a447f77c,,2025-11-12T07:15:42.200Z,888.5188827264911,219.53887060762344,0,0,,,screenshots/screen_000023.png
69142eb4410888a7b66fa988,68e48f1a803e577b1177152e,6912a59f410888a7b66ed6cf,screenshot-929be879-d1fa-400d-9b3d-a533a447f77c,,2025-11-12T07:15:42.297Z,949.9385766081002,198.97152437326224,0,0,,,screenshots/screen_000023.png
69142eb4410888a7b66fa988,68e48f1a803e577b1177152e,6912a59f410888a7b66ed6cf,screenshot-929be879-d1fa-400d-9b3d-a533a447f77c,,2025-11-12T07:15:42.400Z,1006.6460533903168,156.25170799469012,0,0,,,screenshots/screen_000023.png
69142eb4410888a7b66fa988,68e48f1a803e577b1177152e,6912a59f410888a7b66ed6cf,screenshot-929be879-d1fa-400d-9b3d-a533a447f77c,,2025-11-12T07:15:42.496Z,1016.7103090542887,121.7064007660296,0,0,,,screenshots/screen_000023.png
69142eb4410888a7b66fa988,68e48f1a803e577b1177152e,6912a59f410888a7b66ed6cf,screenshot-929be879-d1fa-400d-9b3d-a533a447f77c,,2025-11-12T07:15:42.617Z,961.7735807516219,178.27809263830943,0,0,,,screenshots/screen_000023.png
69142eb4410888a7b66fa988,68e48f1a803e577b1177152e,6912a59f410888a7b66ed6cf,screenshot-929be879-d1fa-400d-9b3d-a533a447f77c,,2025-11-12T07:15:42.712Z,817.2275204386441,280.0658616743201,0,0,,,screenshots/screen_000023.png
69142eb4410888a7b66fa988,68e48f1a803e577b1177152e,6912a59f410888a7b66ed6cf,screenshot-929be879-d1fa-400d-9b3d-a533a447f77c,,2025-11-12T07:15:42.804Z,722.131947099133,346.1698137812695,0,0,,,screenshots/screen_000023.png
69142eb4410888a7b66fa988,68e48f1a803e577b1177152e,6912a59f410888a7b66ed6cf,screenshot-929be879-d1fa-400d-9b3d-a533a447f77c,,2025-11-12T07:15:42.901Z,618.3443282892125,423.4664646684399,0,0,,,screenshots/screen_000023.png
69142eb4410888a7b66fa988,68e48f1a803e577b1177152e,6912a59f410888a7b66ed6cf,screenshot-929be879-d1fa-400d-9b3d-a533a447f77c,,2025-11-12T07:15:43.023Z,633.4742298935464,388.5965355034551,0,0,,,screenshots/screen_000023.png
69142eb4410888a7b66fa988,68e48f1a803e577b1177152e,6912a59f410888a7b66ed6cf,screenshot-929be879-d1fa-400d-9b3d-a533a447f77c,,2025-11-12T07:15:43.131Z,699.8221212171903,346.3046212844986,0,0,,,screenshots/screen_000023.png
69142eb4410888a7b66fa988,68e48f1a803e577b1177152e,6912a59f410888a7b66ed6cf,screenshot-929be879-d1fa-400d-9b3d-a533a447f77c,,2025-11-12T07:15:43.256Z,719.9602002385147,325.13772632414293,0,0,,,screenshots/screen_000023.png
69142eb4410888a7b66fa988,68e48f1a803e577b1177152e,6912a59f410888a7b66ed6cf,screenshot-929be879-d1fa-400d-9b3d-a533a447f77c,,2025-11-12T07:15:43.372Z,757.1844117028547,287.3078842227434,0,0,,,screenshots/screen_000023.png
69142eb4410888a7b66fa988,68e48f1a803e577b1177152e,6912a59f410888a7b66ed6cf,screenshot-929be879-d1fa-400d-9b3d-a533a447f77c,,2025-11-12T07:15:43.495Z,774.7416211272473,255.41180540654284,0,0,,,screenshots/screen_000023.png
69142eb4410888a7b66fa988,68e48f1a803e577b1177152e,6912a59f410888a7b66ed6cf,screenshot-929be879-d1fa-400d-9b3d-a533a447f77c,,2025-11-12T07:15:43.605Z,736.4932962745619,249.13108950546567,0,0,,,screenshots/screen_000023.png
69142eb4410888a7b66fa988,68e48f1a803e577b1177152e,6912a59f410888a7b66ed6cf,screenshot-929be879-d1fa-400d-9b3d-a533a447f77c,,2025-11-12T07:15:43.721Z,679.4483136472682,235.52674795149346,0,0,,,screenshots/screen_000023.png
69142eb4410888a7b66fa988,68e48f1a803e577b1177152e,6912a59f410888a7b66ed6cf,screenshot-929be879-d1fa-400d-9b3d-a533a447f77c,,2025-11-12T07:15:43.821Z,701.2434988160124,247.8599417319393,0,0,,,screenshots/screen_000023.png
69142eb4410888a7b66fa988,68e48f1a803e577b1177152e,6912a59f410888a7b66ed6cf,screenshot-929be879-d1fa-400d-9b3d-a533a447f77c,,2025-11-12T07:15:43.922Z,786.4339424792903,210.6280047185408,0,0,,,screenshots/screen_000023.png
69142eb4410888a7b66fa988,68e48f1a803e577b1177152e,6912a59f410888a7b66ed6cf,screenshot-929be879-d1fa-400d-9b3d-a533a447f77c,,2025-11-12T07:15:44.046Z,829.3499447121158,195.81544137462836,0,0,,,screenshots/screen_000023.png
69142eb4410888a7b66fa988,68e48f1a803e577b1177152e,6912a59f410888a7b66ed6cf,screenshot-929be879-d1fa-400d-9b3d-a533a447f77c,,2025-11-12T07:15:44.145Z,895.9618442256743,188.2976969125094,0,0,,,screenshots/screen_000023.png
69142eb4410888a7b66fa988,68e48f1a803e577b1177152e,6912a59f410888a7b66ed6cf,screenshot-929be879-d1fa-400d-9b3d-a533a447f77c,,2025-11-12T07:15:44.265Z,934.1689009243689,188.10488153921065,0,0,,,screenshots/screen_000023.png
69142eb4410888a7b66fa988,68e48f1a803e577b1177152e,6912a59f410888a7b66ed6cf,screenshot-929be879-d1fa-400d-9b3d-a533a447f77c,,2025-11-12T07:15:44.376Z,918.4854388893411,187.53737987278745,0,0,,,screenshots/screen_000023.png
69142eb4410888a7b66fa988,68e48f1a803e577b1177152e,6912a59f410888a7b66ed6cf,screenshot-929be879-d1fa-400d-9b3d-a533a447f77c,,2025-11-12T07:15:44.477Z,930.7307533241988,157.42631314395354,0,0,,,screenshots/screen_000023.png
69142eb4410888a7b66fa988,68e48f1a803e577b1177152e,6912a59f410888a7b66ed6cf,screenshot-929be879-d1fa-400d-9b3d-a533a447f77c,,2025-11-12T07:15:44.583Z,924.689168878017,164.3512190740186,0,0,,,screenshots/screen_000023.png
69142eb4410888a7b66fa988,68e48f1a803e577b1177152e,6912a59f410888a7b66ed6cf,screenshot-929be879-d1fa-400d-9b3d-a533a447f77c,,2025-11-12T07:15:44.676Z,937.9764547337873,168.59207888924942,0,0,,,screenshots/screen_000023.png
69142eb4410888a7b66fa988,68e48f1a803e577b1177152e,6912a59f410888a7b66ed6cf,screenshot-929be879-d1fa-400d-9b3d-a533a447f77c,,2025-11-12T07:15:44.803Z,942.4096837478452,176.26704206909588,0,0,,,screenshots/screen_000023.png
69142eb4410888a7b66fa988,68e48f1a803e577b1177152e,6912a59f410888a7b66ed6cf,screenshot-929be879-d1fa-400d-9b3d-a533a447f77c,,2025-11-12T07:15:44.913Z,968.6115581749614,154.45637423333417,0,0,,,screenshots/screen_000023.png
69142eb4410888a7b66fa988,68e48f1a803e577b1177152e,6912a59f410888a7b66ed6cf,screenshot-929be879-d1fa-400d-9b3d-a533a447f77c,,2025-11-12T07:15:45.013Z,937.0286833033186,156.02350227999523,0,0,,,screenshots/screen_000023.png
69142eb4410888a7b66fa988,68e48f1a803e577b1177152e,6912a59f410888a7b66ed6cf,screenshot-929be879-d1fa-400d-9b3d-a533a447f77c,,2025-11-12T07:15:45.114Z,930.4006180747849,146.35304759526787,0,0,,,screenshots/screen_000023.png
69142eb4410888a7b66fa988,68e48f1a803e577b1177152e,6912a59f410888a7b66ed6cf,screenshot-929be879-d1fa-400d-9b3d-a533a447f77c,,2025-11-12T07:15:45.215Z,830.8503667192801,184.56577813990776,0,0,,,screenshots/screen_000023.png
69142eb4410888a7b66fa988,68e48f1a803e577b1177152e,6912a59f410888a7b66ed6cf,screenshot-929be879-d1fa-400d-9b3d-a533a447f77c,,2025-11-12T07:15:45.315Z,653.3193650869531,274.54323321489204,0,0,,,screenshots/screen_000023.png
69142eb4410888a7b66fa988,68e48f1a803e577b1177152e,6912a59f410888a7b66ed6cf,screenshot-929be879-d1fa-400d-9b3d-a533a447f77c,,2025-11-12T07:15:45.425Z,559.1382782801757,344.95718249751803,0,0,,,screenshots/screen_000023.png
69142eb4410888a7b66fa988,68e48f1a803e577b1177152e,6912a59f410888a7b66ed6cf,screenshot-929be879-d1fa-400d-9b3d-a533a447f77c,,2025-11-12T07:15:45.525Z,583.6441314300603,333.62608572364104,0,0,,,screenshots/screen_000023.png
69142eb4410888a7b66fa988,68e48f1a803e577b1177152e,6912a59f410888a7b66ed6cf,screenshot-929be879-d1fa-400d-9b3d-a533a447f77c,,2025-11-12T07:15:45.620Z,591.7209774708814,340.05324215288465,0,0,,,screenshots/screen_000023.png
69142eb4410888a7b66fa988,68e48f1a803e577b1177152e,6912a59f410888a7b66ed6cf,screenshot-929be879-d1fa-400d-9b3d-a533a447f77c,,2025-11-12T07:15:45.718Z,598.0015984767062,344.352680063522,0,0,,,screenshots/screen_000023.png
69142eb4410888a7b66fa988,68e48f1a803e577b1177152e,6912a59f410888a7b66ed6cf,screenshot-929be879-d1fa-400d-9b3d-a533a447f77c,,2025-11-12T07:15:46.447Z,678.1958257015998,331.5879178855192,0,0,,,screenshots/screen_000023.png
69142eb4410888a7b66fa988,68e48f1a803e577b1177152e,6912a59f410888a7b66ed6cf,screenshot-929be879-d1fa-400d-9b3d-a533a447f77c,,2025-11-12T07:15:46.569Z,741.0748240126851,316.55097200613415,0,0,,,screenshots/screen_000023.png
69142eb4410888a7b66fa988,68e48f1a803e577b1177152e,6912a59f410888a7b66ed6cf,screenshot-6ec8fe46-1913-4542-8a02-5d11b014b218,,2025-11-12T07:15:48.683Z,722.1441726524932,305.824096698035,0,0,,,screenshots/screen_000024.png
69142eb4410888a7b66fa988,68e48f1a803e577b1177152e,6912a59f410888a7b66ed6cf,screenshot-6ec8fe46-1913-4542-8a02-5d11b014b218,,2025-11-12T07:15:48.796Z,701.655122739528,327.23668494550776,0,0,,,screenshots/screen_000024.png
69142eb4410888a7b66fa988,68e48f1a803e577b1177152e,6912a59f410888a7b66ed6cf,screenshot-6ec8fe46-1913-4542-8a02-5d11b014b218,,2025-11-12T07:15:48.898Z,716.0306050347345,304.3068872412683,0,0,,,screenshots/screen_000024.png
69142eb4410888a7b66fa988,68e48f1a803e577b1177152e,6912a59f410888a7b66ed6cf,screenshot-6ec8fe46-1913-4542-8a02-5d11b014b218,,2025-11-12T07:15:49.012Z,664.3814768651059,308.53616130179944,0,0,,,screenshots/screen_000024.png
69142eb4410888a7b66fa988,68e48f1a803e577b1177152e,6912a59f410888a7b66ed6cf,screenshot-6ec8fe46-1913-4542-8a02-5d11b014b218,,2025-11-12T07:15:49.130Z,686.466609672459,307.54462218497514,0,0,,,screenshots/screen_000024.png
69142eb4410888a7b66fa988,68e48f1a803e577b1177152e,6912a59f410888a7b66ed6cf,screenshot-6ec8fe46-1913-4542-8a02-5d11b014b218,,2025-11-12T07:15:49.242Z,750.7416950521549,277.72366711675795,0,0,,,screenshots/screen_000024.png
69142eb4410888a7b66fa988,68e48f1a803e577b1177152e,6912a59f410888a7b66ed6cf,screenshot-6ec8fe46-1913-4542-8a02-5d11b014b218,,2025-11-12T07:15:49.350Z,783.757309294262,277.09488379437335,0,0,,,screenshots/screen_000024.png
69142eb4410888a7b66fa988,68e48f1a803e577b1177152e,6912a59f410888a7b66ed6cf,screenshot-6ec8fe46-1913-4542-8a02-5d11b014b218,,2025-11-12T07:15:49.462Z,766.4297985829634,264.9045582473043,0,0,,,screenshots/screen_000024.png
69142eb4410888a7b66fa988,68e48f1a803e577b1177152e,6912a59f410888a7b66ed6cf,screenshot-6ec8fe46-1913-4542-8a02-5d11b014b218,,2025-11-12T07:15:49.563Z,728.535684907897,270.5816687668402,0,0,,,screenshots/screen_000024.png
69142eb4410888a7b66fa988,68e48f1a803e577b1177152e,6912a59f410888a7b66ed6cf,screenshot-6ec8fe46-1913-4542-8a02-5d11b014b218,,2025-11-12T07:15:49.693Z,731.3927461175048,282.44240157336117,0,0,,,screenshots/screen_000024.png
69142eb4410888a7b66fa988,68e48f1a803e577b1177152e,6912a59f410888a7b66ed6cf,screenshot-6ec8fe46-1913-4542-8a02-5d11b014b218,,2025-11-12T07:15:49.802Z,733.7160519237415,279.75960691073834,0,0,,,screenshots/screen_000024.png
69142eb4410888a7b66fa988,68e48f1a803e577b1177152e,6912a59f410888a7b66ed6cf,screenshot-6ec8fe46-1913-4542-8a02-5d11b014b218,,2025-11-12T07:15:49.907Z,695.6915324065161,297.1801827468094,0,0,,,screenshots/screen_000024.png
69142eb4410888a7b66fa988,68e48f1a803e577b1177152e,6912a59f410888a7b66ed6cf,screenshot-6ec8fe46-1913-4542-8a02-5d11b014b218,,2025-11-12T07:15:50.062Z,656.2603285707323,317.5913765295108,0,0,,,screenshots/screen_000024.png
69142eb4410888a7b66fa988,68e48f1a803e577b1177152e,6912a59f410888a7b66ed6cf,screenshot-6ec8fe46-1913-4542-8a02-5d11b014b218,,2025-11-12T07:15:50.212Z,703.6602986738861,301.49828539640026,0,0,,,screenshots/screen_000024.png
69142eb4410888a7b66fa988,68e48f1a803e577b1177152e,6912a59f410888a7b66ed6cf,screenshot-6ec8fe46-1913-4542-8a02-5d11b014b218,,2025-11-12T07:15:50.379Z,750.2990953240991,270.5482114673658,0,0,,,screenshots/screen_000024.png
69142eb4410888a7b66fa988,68e48f1a803e577b1177152e,6912a59f410888a7b66ed6cf,screenshot-6ec8fe46-1913-4542-8a02-5d11b014b218,,2025-11-12T07:15:50.546Z,760.4709038083303,254.0158424922515,0,0,,,screenshots/screen_000024.png
69142eb4410888a7b66fa988,68e48f1a803e577b1177152e,6912a59f410888a7b66ed6cf,screenshot-6ec8fe46-1913-4542-8a02-5d11b014b218,,2025-11-12T07:15:50.715Z,806.8476452007504,283.00478573478875,0,0,,,screenshots/screen_000024.png
69142eb4410888a7b66fa988,68e48f1a803e577b1177152e,6912a59f410888a7b66ed6cf,screenshot-6ec8fe46-1913-4542-8a02-5d11b014b218,,2025-11-12T07:15:50.895Z,890.1833595331227,289.9299396890291,0,0,,,screenshots/screen_000024.png
69142eb4410888a7b66fa988,68e48f1a803e577b1177152e,6912a59f410888a7b66ed6cf,screenshot-6ec8fe46-1913-4542-8a02-5d11b014b218,,2025-11-12T07:15:51.045Z,846.6803675447769,324.3662230266039,0,0,,,screenshots/screen_000024.png
69142eb4410888a7b66fa988,68e48f1a803e577b1177152e,6912a59f410888a7b66ed6cf,screenshot-6ec8fe46-1913-4542-8a02-5d11b014b218,,2025-11-12T07:15:51.161Z,735.2293672519954,357.2044348384238,0,0,,,screenshots/screen_000024.png
69142eb4410888a7b66fa988,68e48f1a803e577b1177152e,6912a59f410888a7b66ed6cf,screenshot-6ec8fe46-1913-4542-8a02-5d11b014b218,,2025-11-12T07:15:51.275Z,624.4502646761686,382.0965046327444,0,0,,,screenshots/screen_000024.png
69142eb4410888a7b66fa988,68e48f1a803e577b1177152e,6912a59f410888a7b66ed6cf,screenshot-6ec8fe46-1913-4542-8a02-5d11b014b218,,2025-11-12T07:15:51.376Z,567.6366656378106,414.1738500225715,0,0,,,screenshots/screen_000024.png
69142eb4410888a7b66fa988,68e48f1a803e577b1177152e,6912a59f410888a7b66ed6cf,screenshot-6ec8fe46-1913-4542-8a02-5d11b014b218,,2025-11-12T07:15:51.479Z,510.3070657388106,449.49042984710627,0,0,,,screenshots/screen_000024.png
69142eb4410888a7b66fa988,68e48f1a803e577b1177152e,6912a59f410888a7b66ed6cf,screenshot-6ec8fe46-1913-4542-8a02-5d11b014b218,,2025-11-12T07:15:51.584Z,476.4184659580452,497.694595124637,0,0,,,screenshots/screen_000024.png
69142eb4410888a7b66fa988,68e48f1a803e577b1177152e,6912a59f410888a7b66ed6cf,screenshot-6ec8fe46-1913-4542-8a02-5d11b014b218,,2025-11-12T07:15:51.702Z,392.03447900466455,564.1050303570919,0,0,,,screenshots/screen_000024.png
69142eb4410888a7b66fa988,68e48f1a803e577b1177152e,6912a59f410888a7b66ed6cf,screenshot-6ec8fe46-1913-4542-8a02-5d11b014b218,,2025-11-12T07:15:51.821Z,361.59716855996,570.1088840202666,0,0,,,screenshots/screen_000024.png
69142eb4410888a7b66fa988,68e48f1a803e577b1177152e,6912a59f410888a7b66ed6cf,screenshot-6ec8fe46-1913-4542-8a02-5d11b014b218,,2025-11-12T07:15:51.938Z,363.2440988766819,556.2176728963109,0,0,,,screenshots/screen_000024.png
69142eb4410888a7b66fa988,68e48f1a803e577b1177152e,6912a59f410888a7b66ed6cf,screenshot-6ec8fe46-1913-4542-8a02-5d11b014b218,,2025-11-12T07:15:52.050Z,293.06782847682075,564.2848093290496,0,0,,,screenshots/screen_000024.png
69142eb4410888a7b66fa988,68e48f1a803e577b1177152e,6912a59f410888a7b66ed6cf,screenshot-6ec8fe46-1913-4542-8a02-5d11b014b218,,2025-11-12T07:15:52.154Z,323.94791447487006,565.5189335437592,0,0,,,screenshots/screen_000024.png
69142eb4410888a7b66fa988,68e48f1a803e577b1177152e,6912a59f410888a7b66ed6cf,screenshot-6ec8fe46-1913-4542-8a02-5d11b014b218,,2025-11-12T07:15:52.280Z,323.5926920851945,578.4182269806266,0,0,,,screenshots/screen_000024.png
69142eb4410888a7b66fa988,68e48f1a803e577b1177152e,6912a59f410888a7b66ed6cf,screenshot-6ec8fe46-1913-4542-8a02-5d11b014b218,,2025-11-12T07:15:52.381Z,377.43500296204274,571.4203853968686,0,0,,,screenshots/screen_000024.png
69142eb4410888a7b66fa988,68e48f1a803e577b1177152e,6912a59f410888a7b66ed6cf,screenshot-6ec8fe46-1913-4542-8a02-5d11b014b218,,2025-11-12T07:15:52.482Z,397.31961501081764,560.6394236706262,0,0,,,screenshots/screen_000024.png
69142eb4410888a7b66fa988,68e48f1a803e577b1177152e,6912a59f410888a7b66ed6cf,screenshot-6ec8fe46-1913-4542-8a02-5d11b014b218,,2025-11-12T07:15:52.579Z,444.86758642108117,563.505936635603,0,0,,,screenshots/screen_000024.png
69142eb4410888a7b66fa988,68e48f1a803e577b1177152e,6912a59f410888a7b66ed6cf,screenshot-6ec8fe46-1913-4542-8a02-5d11b014b218,,2025-11-12T07:15:52.695Z,451.00841987529515,561.8669391483379,0,0,,,screenshots/screen_000024.png
69142eb4410888a7b66fa988,68e48f1a803e577b1177152e,6912a59f410888a7b66ed6cf,screenshot-6ec8fe46-1913-4542-8a02-5d11b014b218,,2025-11-12T07:15:52.814Z,394.32912322758244,585.8043652053581,0,0,,,screenshots/screen_000024.png
69142eb4410888a7b66fa988,68e48f1a803e577b1177152e,6912a59f410888a7b66ed6cf,screenshot-6ec8fe46-1913-4542-8a02-5d11b014b218,,2025-11-12T07:15:52.931Z,341.74414364342215,580.6021366919606,0,0,,,screenshots/screen_000024.png
69142eb4410888a7b66fa988,68e48f1a803e577b1177152e,6912a59f410888a7b66ed6cf,screenshot-6ec8fe46-1913-4542-8a02-5d11b014b218,,2025-11-12T07:15:53.052Z,443.8628569506212,559.750046642751,0,0,,,screenshots/screen_000024.png
69142eb4410888a7b66fa988,68e48f1a803e577b1177152e,6912a59f410888a7b66ed6cf,screenshot-6ec8fe46-1913-4542-8a02-5d11b014b218,,2025-11-12T07:15:53.169Z,487.4646869323627,537.0863896192819,0,0,,,screenshots/screen_000024.png
69142eb4410888a7b66fa988,68e48f1a803e577b1177152e,6912a59f410888a7b66ed6cf,screenshot-6ec8fe46-1913-4542-8a02-5d11b014b218,,2025-11-12T07:15:53.288Z,521.2359140997904,504.9741564722297,0,0,,,screenshots/screen_000024.png
69142eb4410888a7b66fa988,68e48f1a803e577b1177152e,6912a59f410888a7b66ed6cf,screenshot-6ec8fe46-1913-4542-8a02-5d11b014b218,,2025-11-12T07:15:53.393Z,478.44961250390776,493.7847892363607,0,0,,,screenshots/screen_000024.png
69142eb4410888a7b66fa988,68e48f1a803e577b1177152e,6912a59f410888a7b66ed6cf,screenshot-6ec8fe46-1913-4542-8a02-5d11b014b218,,2025-11-12T07:15:53.493Z,434.56203583493425,494.0984320457424,0,0,,,screenshots/screen_000024.png
69142eb4410888a7b66fa988,68e48f1a803e577b1177152e,6912a59f410888a7b66ed6cf,screenshot-6ec8fe46-1913-4542-8a02-5d11b014b218,,2025-11-12T07:15:53.596Z,458.2146849146671,485.4348712869043,0,0,,,screenshots/screen_000024.png
69142eb4410888a7b66fa988,68e48f1a803e577b1177152e,6912a59f410888a7b66ed6cf,screenshot-6ec8fe46-1913-4542-8a02-5d11b014b218,,2025-11-12T07:15:53.717Z,496.6602874843743,454.363931869646,0,0,,,screenshots/screen_000024.png
69142eb4410888a7b66fa988,68e48f1a803e577b1177152e,6912a59f410888a7b66ed6cf,screenshot-6ec8fe46-1913-4542-8a02-5d11b014b218,,2025-11-12T07:15:53.821Z,523.6827254980444,428.89805419010463,0,0,,,screenshots/screen_000024.png
69142eb4410888a7b66fa988,68e48f1a803e577b1177152e,6912a59f410888a7b66ed6cf,screenshot-6ec8fe46-1913-4542-8a02-5d11b014b218,,2025-11-12T07:15:53.952Z,494.3046017895713,401.8142863177101,0,0,,,screenshots/screen_000024.png
69142eb4410888a7b66fa988,68e48f1a803e577b1177152e,6912a59f410888a7b66ed6cf,screenshot-6ec8fe46-1913-4542-8a02-5d11b014b218,,2025-11-12T07:15:54.079Z,422.9254700540346,378.0680091517606,0,0,,,screenshots/screen_000024.png
69142eb4410888a7b66fa988,68e48f1a803e577b1177152e,6912a59f410888a7b66ed6cf,screenshot-6ec8fe46-1913-4542-8a02-5d11b014b218,,2025-11-12T07:15:54.208Z,365.19166022658857,400.0712014341564,0,0,,,screenshots/screen_000024.png
69142eb4410888a7b66fa988,68e48f1a803e577b1177152e,6912a59f410888a7b66ed6cf,screenshot-6ec8fe46-1913-4542-8a02-5d11b014b218,,2025-11-12T07:15:54.323Z,299.39712519023675,431.5460234826121,0,0,,,screenshots/screen_000024.png
69142eb4410888a7b66fa988,68e48f1a803e577b1177152e,6912a59f410888a7b66ed6cf,screenshot-6ec8fe46-1913-4542-8a02-5d11b014b218,,2025-11-12T07:15:54.431Z,243.04565432303744,463.62575843159607,0,0,,,screenshots/screen_000024.png
69142eb4410888a7b66fa988,68e48f1a803e577b1177152e,6912a59f410888a7b66ed6cf,screenshot-6ec8fe46-1913-4542-8a02-5d11b014b218,,2025-11-12T07:15:54.547Z,184.0661099955342,538.9613838864707,0,0,,,screenshots/screen_000024.png
69142eb4410888a7b66fa988,68e48f1a803e577b1177152e,6912a59f410888a7b66ed6cf,screenshot-6ec8fe46-1913-4542-8a02-5d11b014b218,,2025-11-12T07:15:54.675Z,218.42965376004247,574.5584732154641,0,0,,,screenshots/screen_000024.png
69142eb4410888a7b66fa988,68e48f1a803e577b1177152e,6912a59f410888a7b66ed6cf,screenshot-6ec8fe46-1913-4542-8a02-5d11b014b218,,2025-11-12T07:15:54.797Z,357.5339460716659,616.479212657421,0,0,,,screenshots/screen_000024.png
69142eb4410888a7b66fa988,68e48f1a803e577b1177152e,6912a59f410888a7b66ed6cf,screenshot-6ec8fe46-1913-4542-8a02-5d11b014b218,,2025-11-12T07:15:54.909Z,368.0957290843121,668.361545711343,0,0,,,screenshots/screen_000024.png
69142eb4410888a7b66fa988,68e48f1a803e577b1177152e,6912a59f410888a7b66ed6cf,screenshot-6ec8fe46-1913-4542-8a02-5d11b014b218,,2025-11-12T07:15:55.018Z,401.18117840989464,617.8281246312541,0,0,,,screenshots/screen_000024.png
69142eb4410888a7b66fa988,68e48f1a803e577b1177152e,6912a59f410888a7b66ed6cf,screenshot-6ec8fe46-1913-4542-8a02-5d11b014b218,,2025-11-12T07:15:55.113Z,440.4452669885104,604.2779196703297,0,0,,,screenshots/screen_000024.png
69142eb4410888a7b66fa988,68e48f1a803e577b1177152e,6912a59f410888a7b66ed6cf,screenshot-6ec8fe46-1913-4542-8a02-5d11b014b218,,2025-11-12T07:15:55.233Z,614.5366291681444,491.7949668097411,0,0,,,screenshots/screen_000024.png
69142eb4410888a7b66fa988,68e48f1a803e577b1177152e,6912a59f410888a7b66ed6cf,screenshot-6ec8fe46-1913-4542-8a02-5d11b014b218,,2025-11-12T07:15:55.346Z,622.1384238963327,423.3925225378971,0,0,,,screenshots/screen_000024.png
69142eb4410888a7b66fa988,68e48f1a803e577b1177152e,6912a59f410888a7b66ed6cf,screenshot-6ec8fe46-1913-4542-8a02-5d11b014b218,,2025-11-12T07:15:55.466Z,736.2127778866534,330.1402464645633,0,0,,,screenshots/screen_000024.png
69142eb4410888a7b66fa988,68e48f1a803e577b1177152e,6912a59f410888a7b66ed6cf,screenshot-6ec8fe46-1913-4542-8a02-5d11b014b218,,2025-11-12T07:15:55.563Z,842.6243935595087,253.67192924167782,0,0,,,screenshots/screen_000024.png
69142eb4410888a7b66fa988,68e48f1a803e577b1177152e,6912a59f410888a7b66ed6cf,screenshot-6ec8fe46-1913-4542-8a02-5d11b014b218,,2025-11-12T07:15:55.667Z,903.4544268750008,197.97888187370862,0,0,,,screenshots/screen_000024.png
69142eb4410888a7b66fa988,68e48f1a803e577b1177152e,6912a59f410888a7b66ed6cf,screenshot-6ec8fe46-1913-4542-8a02-5d11b014b218,,2025-11-12T07:15:55.769Z,1001.1822171532403,166.76223658352535,0,0,,,screenshots/screen_000024.png
69142eb4410888a7b66fa988,68e48f1a803e577b1177152e,6912a59f410888a7b66ed6cf,screenshot-6ec8fe46-1913-4542-8a02-5d11b014b218,,2025-11-12T07:15:55.892Z,1056.0958056647523,132.59738443902276,0,0,,,screenshots/screen_000024.png
69142eb4410888a7b66fa988,68e48f1a803e577b1177152e,6912a59f410888a7b66ed6cf,screenshot-6ec8fe46-1913-4542-8a02-5d11b014b218,,2025-11-12T07:15:55.988Z,1035.1596888680758,116.98672660680717,0,0,,,screenshots/screen_000024.png
69142eb4410888a7b66fa988,68e48f1a803e577b1177152e,6912a59f410888a7b66ed6cf,screenshot-6ec8fe46-1913-4542-8a02-5d11b014b218,,2025-11-12T07:15:56.093Z,1035.9685965571716,114.72446651767291,0,0,,,screenshots/screen_000024.png
69142eb4410888a7b66fa988,68e48f1a803e577b1177152e,6912a59f410888a7b66ed6cf,screenshot-6ec8fe46-1913-4542-8a02-5d11b014b218,,2025-11-12T07:15:56.220Z,1015.0291401587509,107.47178691417601,0,0,,,screenshots/screen_000024.png
69142eb4410888a7b66fa988,68e48f1a803e577b1177152e,6912a59f410888a7b66ed6cf,screenshot-6ec8fe46-1913-4542-8a02-5d11b014b218,,2025-11-12T07:15:56.322Z,1075.600405409185,95.1733695686376,0,0,,,screenshots/screen_000024.png
69142eb4410888a7b66fa988,68e48f1a803e577b1177152e,6912a59f410888a7b66ed6cf,screenshot-6ec8fe46-1913-4542-8a02-5d11b014b218,,2025-11-12T07:15:56.422Z,1086.3795422881321,98.88683664357636,0,0,,,screenshots/screen_000024.png
69142eb4410888a7b66fa988,68e48f1a803e577b1177152e,6912a59f410888a7b66ed6cf,screenshot-6ec8fe46-1913-4542-8a02-5d11b014b218,,2025-11-12T07:15:56.530Z,1043.3508226816755,93.47003238052227,0,0,,,screenshots/screen_000024.png
69142eb4410888a7b66fa988,68e48f1a803e577b1177152e,6912a59f410888a7b66ed6cf,screenshot-6ec8fe46-1913-4542-8a02-5d11b014b218,,2025-11-12T07:15:56.664Z,1002.1207975304031,153.62990630940513,0,0,,,screenshots/screen_000024.png
69142eb4410888a7b66fa988,68e48f1a803e577b1177152e,6912a59f410888a7b66ed6cf,screenshot-6ec8fe46-1913-4542-8a02-5d11b014b218,,2025-11-12T07:15:56.763Z,867.6406389597131,232.12616635146458,0,0,,,screenshots/screen_000024.png
69142eb4410888a7b66fa988,68e48f1a803e577b1177152e,6912a59f410888a7b66ed6cf,screenshot-6ec8fe46-1913-4542-8a02-5d11b014b218,,2025-11-12T07:15:56.859Z,817.7361779899745,288.7748078019002,0,0,,,screenshots/screen_000024.png
69142eb4410888a7b66fa988,68e48f1a803e577b1177152e,6912a59f410888a7b66ed6cf,screenshot-6ec8fe46-1913-4542-8a02-5d11b014b218,,2025-11-12T07:15:56.956Z,781.7387287711783,337.9866669098555,0,0,,,screenshots/screen_000024.png
69142eb4410888a7b66fa988,68e48f1a803e577b1177152e,6912a59f410888a7b66ed6cf,screenshot-6ec8fe46-1913-4542-8a02-5d11b014b218,,2025-11-12T07:15:57.057Z,786.2325501958173,334.7564763355155,0,0,,,screenshots/screen_000024.png
69142eb4410888a7b66fa988,68e48f1a803e577b1177152e,6912a59f410888a7b66ed6cf,screenshot-6ec8fe46-1913-4542-8a02-5d11b014b218,,2025-11-12T07:15:57.160Z,694.3503700237504,375.3456054161449,0,0,,,screenshots/screen_000024.png
69142eb4410888a7b66fa988,68e48f1a803e577b1177152e,6912a59f410888a7b66ed6cf,screenshot-6ec8fe46-1913-4542-8a02-5d11b014b218,,2025-11-12T07:15:57.286Z,637.9119951844176,412.48183238568794,0,0,,,screenshots/screen_000024.png
69142eb4410888a7b66fa988,68e48f1a803e577b1177152e,6912a59f410888a7b66ed6cf,screenshot-6ec8fe46-1913-4542-8a02-5d11b014b218,,2025-11-12T07:15:57.413Z,648.2228792506595,364.3504284819069,0,0,,,screenshots/screen_000024.png
69142eb4410888a7b66fa988,68e48f1a803e577b1177152e,6912a59f410888a7b66ed6cf,screenshot-6ec8fe46-1913-4542-8a02-5d11b014b218,,2025-11-12T07:15:57.519Z,697.184359605239,306.2586987648557,0,0,,,screenshots/screen_000024.png
69142eb4410888a7b66fa988,68e48f1a803e577b1177152e,6912a59f410888a7b66ed6cf,screenshot-6ec8fe46-1913-4542-8a02-5d11b014b218,,2025-11-12T07:15:57.633Z,691.6572488252264,273.3505064698455,0,0,,,screenshots/screen_000024.png
69142eb4410888a7b66fa988,68e48f1a803e577b1177152e,6912a59f410888a7b66ed6cf,screenshot-6ec8fe46-1913-4542-8a02-5d11b014b218,,2025-11-12T07:15:57.729Z,748.7385962245702,237.12305453952493,0,0,,,screenshots/screen_000024.png
69142eb4410888a7b66fa988,68e48f1a803e577b1177152e,6912a59f410888a7b66ed6cf,screenshot-6ec8fe46-1913-4542-8a02-5d11b014b218,,2025-11-12T07:15:57.828Z,807.3353291440976,196.55845031871823,0,0,,,screenshots/screen_000024.png
69142eb4410888a7b66fa988,68e48f1a803e577b1177152e,6912a59f410888a7b66ed6cf,screenshot-6ec8fe46-1913-4542-8a02-5d11b014b218,,2025-11-12T07:15:57.944Z,840.9106096243306,182.1672146129708,0,0,,,screenshots/screen_000024.png
69142eb4410888a7b66fa988,68e48f1a803e577b1177152e,6912a59f410888a7b66ed6cf,screenshot-6ec8fe46-1913-4542-8a02-5d11b014b218,,2025-11-12T07:15:58.050Z,876.5261814568823,151.82716812257866,0,0,,,screenshots/screen_000024.png
69142eb4410888a7b66fa988,68e48f1a803e577b1177152e,6912a59f410888a7b66ed6cf,screenshot-6ec8fe46-1913-4542-8a02-5d11b014b218,,2025-11-12T07:15:58.162Z,894.5811782798386,134.9003421615843,0,0,,,screenshots/screen_000024.png
69142eb4410888a7b66fa988,68e48f1a803e577b1177152e,6912a59f410888a7b66ed6cf,screenshot-6ec8fe46-1913-4542-8a02-5d11b014b218,,2025-11-12T07:15:58.261Z,939.9529043890567,133.58263517431803,0,0,,,screenshots/screen_000024.png
69142eb4410888a7b66fa988,68e48f1a803e577b1177152e,6912a59f410888a7b66ed6cf,screenshot-6ec8fe46-1913-4542-8a02-5d11b014b218,,2025-11-12T07:15:58.359Z,969.492001821886,122.5132546615447,0,0,,,screenshots/screen_000024.png
69142eb4410888a7b66fa988,68e48f1a803e577b1177152e,6912a59f410888a7b66ed6cf,screenshot-6ec8fe46-1913-4542-8a02-5d11b014b218,,2025-11-12T07:15:58.461Z,930.8844505462912,122.79090130175402,0,0,,,screenshots/screen_000024.png
69142eb4410888a7b66fa988,68e48f1a803e577b1177152e,6912a59f410888a7b66ed6cf,screenshot-6ec8fe46-1913-4542-8a02-5d11b014b218,,2025-11-12T07:15:58.563Z,981.0109008930799,111.46354186781454,0,0,,,screenshots/screen_000024.png
69142eb4410888a7b66fa988,68e48f1a803e577b1177152e,6912a59f410888a7b66ed6cf,screenshot-6ec8fe46-1913-4542-8a02-5d11b014b218,,2025-11-12T07:15:58.661Z,965.2018919857816,148.9242432630083,0,0,,,screenshots/screen_000024.png
69142eb4410888a7b66fa988,68e48f1a803e577b1177152e,6912a59f410888a7b66ed6cf,screenshot-6ec8fe46-1913-4542-8a02-5d11b014b218,,2025-11-12T07:15:58.766Z,984.8287031907795,210.5810631308088,0,0,,,screenshots/screen_000024.png
69142eb4410888a7b66fa988,68e48f1a803e577b1177152e,6912a59f410888a7b66ed6cf,screenshot-6ec8fe46-1913-4542-8a02-5d11b014b218,,2025-11-12T07:15:58.870Z,1034.6263715972777,257.69143581461725,0,0,,,screenshots/screen_000024.png
69142eb4410888a7b66fa988,68e48f1a803e577b1177152e,6912a59f410888a7b66ed6cf,screenshot-6ec8fe46-1913-4542-8a02-5d11b014b218,,2025-11-12T07:15:58.992Z,1013.6409961184772,287.1358591742542,0,0,,,screenshots/screen_000024.png
69142eb4410888a7b66fa988,68e48f1a803e577b1177152e,6912a59f410888a7b66ed6cf,screenshot-6ec8fe46-1913-4542-8a02-5d11b014b218,,2025-11-12T07:15:59.102Z,1066.1423141977104,294.84522911293175,0,0,,,screenshots/screen_000024.png
69142eb4410888a7b66fa988,68e48f1a803e577b1177152e,6912a59f410888a7b66ed6cf,screenshot-6ec8fe46-1913-4542-8a02-5d11b014b218,,2025-11-12T07:15:59.227Z,1094.3778912368114,262.0617124776488,0,0,,,screenshots/screen_000024.png
69142eb4410888a7b66fa988,68e48f1a803e577b1177152e,6912a59f410888a7b66ed6cf,screenshot-6ec8fe46-1913-4542-8a02-5d11b014b218,,2025-11-12T07:15:59.336Z,1130.1104604365448,229.5233899087636,0,0,,,screenshots/screen_000024.png
69142eb4410888a7b66fa988,68e48f1a803e577b1177152e,6912a59f410888a7b66ed6cf,screenshot-6ec8fe46-1913-4542-8a02-5d11b014b218,,2025-11-12T07:15:59.435Z,1114.2206785288788,191.6986532564851,0,0,,,screenshots/screen_000024.png
69142eb4410888a7b66fa988,68e48f1a803e577b1177152e,6912a59f410888a7b66ed6cf,screenshot-6ec8fe46-1913-4542-8a02-5d11b014b218,,2025-11-12T07:15:59.529Z,1062.827830658689,174.12225104548884,0,0,,,screenshots/screen_000024.png
69142eb4410888a7b66fa988,68e48f1a803e577b1177152e,6912a59f410888a7b66ed6cf,screenshot-6ec8fe46-1913-4542-8a02-5d11b014b218,,2025-11-12T07:15:59.633Z,1079.5343526754523,155.04297301047276,0,0,,,screenshots/screen_000024.png
69142eb4410888a7b66fa988,68e48f1a803e577b1177152e,6912a59f410888a7b66ed6cf,screenshot-6ec8fe46-1913-4542-8a02-5d11b014b218,,2025-11-12T07:15:59.729Z,1091.1644369393503,132.54139871828184,0,0,,,screenshots/screen_000024.png
69142eb4410888a7b66fa988,68e48f1a803e577b1177152e,6912a59f410888a7b66ed6cf,screenshot-6ec8fe46-1913-4542-8a02-5d11b014b218,,2025-11-12T07:15:59.831Z,1069.5184406100477,113.3546548543284,0,0,,,screenshots/screen_000024.png
69142eb4410888a7b66fa988,68e48f1a803e577b1177152e,6912a59f410888a7b66ed6cf,screenshot-6ec8fe46-1913-4542-8a02-5d11b014b218,,2025-11-12T07:15:59.931Z,1030.5189160129164,138.30811609983883,0,0,,,screenshots/screen_000024.png
69142eb4410888a7b66fa988,68e48f1a803e577b1177152e,6912a59f410888a7b66ed6cf,screenshot-6ec8fe46-1913-4542-8a02-5d11b014b218,,2025-11-12T07:16:00.040Z,1007.3794669389993,122.14436102491493,0,0,,,screenshots/screen_000024.png
69142eb4410888a7b66fa988,68e48f1a803e577b1177152e,6912a59f410888a7b66ed6cf,screenshot-6ec8fe46-1913-4542-8a02-5d11b014b218,,2025-11-12T07:16:00.139Z,980.9158413492519,117.7722419391946,0,0,,,screenshots/screen_000024.png
69142eb4410888a7b66fa988,68e48f1a803e577b1177152e,6912a59f410888a7b66ed6cf,screenshot-6ec8fe46-1913-4542-8a02-5d11b014b218,,2025-11-12T07:16:00.834Z,976.579092682828,114.42632849968358,0,0,,,screenshots/screen_000024.png
69142eb4410888a7b66fa988,68e48f1a803e577b1177152e,6912a59f410888a7b66ed6cf,screenshot-6ec8fe46-1913-4542-8a02-5d11b014b218,,2025-11-12T07:16:00.948Z,827.5645785117352,208.46844035183256,0,0,,,screenshots/screen_000024.png
69142eb4410888a7b66fa988,68e48f1a803e577b1177152e,6912a59f410888a7b66ed6cf,screenshot-6ec8fe46-1913-4542-8a02-5d11b014b218,,2025-11-12T07:16:01.634Z,836.321725035366,185.79220534884627,0,0,,,screenshots/screen_000024.png
69142eb4410888a7b66fa988,68e48f1a803e577b1177152e,6912a59f410888a7b66ed6cf,screenshot-6ec8fe46-1913-4542-8a02-5d11b014b218,,2025-11-12T07:16:01.739Z,841.558279448947,204.04523910245652,0,0,,,screenshots/screen_000024.png
69142eb4410888a7b66fa988,68e48f1a803e577b1177152e,6912a59f410888a7b66ed6cf,screenshot-6ec8fe46-1913-4542-8a02-5d11b014b218,,2025-11-12T07:16:01.931Z,908.3257211216971,193.75667532494143,0,0,,,screenshots/screen_000024.png
69142eb4410888a7b66fa988,68e48f1a803e577b1177152e,6912a59f410888a7b66ed6cf,screenshot-6ec8fe46-1913-4542-8a02-5d11b014b218,,2025-11-12T07:16:02.059Z,954.41173187816,198.48064353102671,0,0,,,screenshots/screen_000024.png
69142eb4410888a7b66fa988,68e48f1a803e577b1177152e,6912a59f410888a7b66ed6cf,screenshot-6ec8fe46-1913-4542-8a02-5d11b014b218,,2025-11-12T07:16:02.164Z,950.57689966856,192.42382899818273,0,0,,,screenshots/screen_000024.png
69142eb4410888a7b66fa988,68e48f1a803e577b1177152e,6912a59f410888a7b66ed6cf,screenshot-6ec8fe46-1913-4542-8a02-5d11b014b218,,2025-11-12T07:16:02.279Z,952.6246368408179,162.52478718503463,0,0,,,screenshots/screen_000024.png
69142eb4410888a7b66fa988,68e48f1a803e577b1177152e,6912a59f410888a7b66ed6cf,screenshot-6ec8fe46-1913-4542-8a02-5d11b014b218,,2025-11-12T07:16:02.421Z,932.0234549735432,142.09785286058886,0,0,,,screenshots/screen_000024.png
69142eb4410888a7b66fa988,68e48f1a803e577b1177152e,6912a59f410888a7b66ed6cf,screenshot-6ec8fe46-1913-4542-8a02-5d11b014b218,,2025-11-12T07:16:02.527Z,945.5410374900723,144.6611308670323,0,0,,,screenshots/screen_000024.png
69142eb4410888a7b66fa988,68e48f1a803e577b1177152e,6912a59f410888a7b66ed6cf,screenshot-fdcd2afb-b607-44cf-91d2-00ed35418ec2,,2025-11-12T07:16:03.083Z,800.638514173397,140.34124396072633,0,0,,,screenshots/screen_000025.png
69142eb4410888a7b66fa988,68e48f1a803e577b1177152e,6912a59f410888a7b66ed6cf,screenshot-fdcd2afb-b607-44cf-91d2-00ed35418ec2,,2025-11-12T07:16:03.188Z,820.6436350018078,158.22983707279852,0,0,,,screenshots/screen_000025.png
69142eb4410888a7b66fa988,68e48f1a803e577b1177152e,6912a59f410888a7b66ed6cf,screenshot-fdcd2afb-b607-44cf-91d2-00ed35418ec2,,2025-11-12T07:16:03.284Z,843.1576995317341,172.1557729029129,0,0,,,screenshots/screen_000025.png
69142eb4410888a7b66fa988,68e48f1a803e577b1177152e,6912a59f410888a7b66ed6cf,screenshot-fdcd2afb-b607-44cf-91d2-00ed35418ec2,,2025-11-12T07:16:03.378Z,880.3125667470928,130.02116303591166,0,0,,,screenshots/screen_000025.png
69142eb4410888a7b66fa988,68e48f1a803e577b1177152e,6912a59f410888a7b66ed6cf,screenshot-fdcd2afb-b607-44cf-91d2-00ed35418ec2,,2025-11-12T07:16:03.485Z,847.7212905175794,128.20583215061345,0,0,,,screenshots/screen_000025.png
69142eb4410888a7b66fa988,68e48f1a803e577b1177152e,6912a59f410888a7b66ed6cf,screenshot-fdcd2afb-b607-44cf-91d2-00ed35418ec2,,2025-11-12T07:16:03.583Z,854.0731664075378,132.1076990030459,0,0,,,screenshots/screen_000025.png
69142eb4410888a7b66fa988,68e48f1a803e577b1177152e,6912a59f410888a7b66ed6cf,screenshot-fdcd2afb-b607-44cf-91d2-00ed35418ec2,,2025-11-12T07:16:03.681Z,819.0004593831263,121.72277862157492,0,0,,,screenshots/screen_000025.png
69142eb4410888a7b66fa988,68e48f1a803e577b1177152e,6912a59f410888a7b66ed6cf,screenshot-fdcd2afb-b607-44cf-91d2-00ed35418ec2,,2025-11-12T07:16:03.784Z,811.628412278179,119.7380836207418,0,0,,,screenshots/screen_000025.png
69142eb4410888a7b66fa988,68e48f1a803e577b1177152e,6912a59f410888a7b66ed6cf,screenshot-fdcd2afb-b607-44cf-91d2-00ed35418ec2,,2025-11-12T07:16:03.887Z,845.380253896436,102.77779537397475,0,0,,,screenshots/screen_000025.png
69142eb4410888a7b66fa988,68e48f1a803e577b1177152e,6912a59f410888a7b66ed6cf,screenshot-fdcd2afb-b607-44cf-91d2-00ed35418ec2,,2025-11-12T07:16:03.987Z,819.0933641956117,136.65514756652806,0,0,,,screenshots/screen_000025.png
69142eb4410888a7b66fa988,68e48f1a803e577b1177152e,6912a59f410888a7b66ed6cf,screenshot-fdcd2afb-b607-44cf-91d2-00ed35418ec2,,2025-11-12T07:16:04.649Z,782.4341993520283,159.27397139043094,0,0,,,screenshots/screen_000025.png
69142eb4410888a7b66fa988,68e48f1a803e577b1177152e,6912a59f410888a7b66ed6cf,screenshot-fdcd2afb-b607-44cf-91d2-00ed35418ec2,,2025-11-12T07:16:04.755Z,801.5135326679989,149.93070363588313,0,0,,,screenshots/screen_000025.png
69142eb4410888a7b66fa988,68e48f1a803e577b1177152e,6912a59f410888a7b66ed6cf,screenshot-e742badd-a3b6-488d-af9a-bec95815178b,,2025-11-12T07:16:06.499Z,805.4211338906108,156.87768816137503,0,0,,,screenshots/screen_000026.png
69142eb4410888a7b66fa988,68e48f1a803e577b1177152e,6912a59f410888a7b66ed6cf,screenshot-e742badd-a3b6-488d-af9a-bec95815178b,,2025-11-12T07:16:06.595Z,818.9261908743449,149.60884870205928,0,0,,,screenshots/screen_000026.png
69142eb4410888a7b66fa988,68e48f1a803e577b1177152e,6912a59f410888a7b66ed6cf,screenshot-e742badd-a3b6-488d-af9a-bec95815178b,,2025-11-12T07:16:06.692Z,796.9599594319462,145.82905306644585,0,0,,,screenshots/screen_000026.png
69142eb4410888a7b66fa988,68e48f1a803e577b1177152e,6912a59f410888a7b66ed6cf,screenshot-e742badd-a3b6-488d-af9a-bec95815178b,,2025-11-12T07:16:06.792Z,770.7367631592591,165.10210814675824,0,0,,,screenshots/screen_000026.png
69142eb4410888a7b66fa988,68e48f1a803e577b1177152e,6912a59f410888a7b66ed6cf,screenshot-e742badd-a3b6-488d-af9a-bec95815178b,,2025-11-12T07:16:06.891Z,761.1519191819137,157.75312969042335,0,0,,,screenshots/screen_000026.png
69142eb4410888a7b66fa988,68e48f1a803e577b1177152e,6912a59f410888a7b66ed6cf,screenshot-e742badd-a3b6-488d-af9a-bec95815178b,,2025-11-12T07:16:07.009Z,774.7303450121651,157.04916868801521,0,0,,,screenshots/screen_000026.png
69142eb4410888a7b66fa988,68e48f1a803e577b1177152e,6912a59f410888a7b66ed6cf,screenshot-e742badd-a3b6-488d-af9a-bec95815178b,,2025-11-12T07:16:07.106Z,745.2277540473477,160.35842818682275,0,0,,,screenshots/screen_000026.png
69142eb4410888a7b66fa988,68e48f1a803e577b1177152e,6912a59f410888a7b66ed6cf,screenshot-e742badd-a3b6-488d-af9a-bec95815178b,,2025-11-12T07:16:07.203Z,766.4259136206382,150.38302442853822,0,0,,,screenshots/screen_000026.png
69142eb4410888a7b66fa988,68e48f1a803e577b1177152e,6912a59f410888a7b66ed6cf,screenshot-e742badd-a3b6-488d-af9a-bec95815178b,,2025-11-12T07:16:07.300Z,690.8653834852608,176.46535512287602,0,0,,,screenshots/screen_000026.png
69142eb4410888a7b66fa988,68e48f1a803e577b1177152e,6912a59f410888a7b66ed6cf,screenshot-e742badd-a3b6-488d-af9a-bec95815178b,,2025-11-12T07:16:07.400Z,673.1046839580205,202.5219306539669,0,0,,,screenshots/screen_000026.png
69142eb4410888a7b66fa988,68e48f1a803e577b1177152e,6912a59f410888a7b66ed6cf,screenshot-e742badd-a3b6-488d-af9a-bec95815178b,,2025-11-12T07:16:07.501Z,609.6418282104408,248.5359472568379,0,0,,,screenshots/screen_000026.png
69142eb4410888a7b66fa988,68e48f1a803e577b1177152e,6912a59f410888a7b66ed6cf,screenshot-e742badd-a3b6-488d-af9a-bec95815178b,,2025-11-12T07:16:07.597Z,572.5534549026023,276.07487705113465,0,0,,,screenshots/screen_000026.png
69142eb4410888a7b66fa988,68e48f1a803e577b1177152e,6912a59f410888a7b66ed6cf,screenshot-e742badd-a3b6-488d-af9a-bec95815178b,,2025-11-12T07:16:07.693Z,589.0655946167648,270.50722512089584,0,0,,,screenshots/screen_000026.png
69142eb4410888a7b66fa988,68e48f1a803e577b1177152e,6912a59f410888a7b66ed6cf,screenshot-e742badd-a3b6-488d-af9a-bec95815178b,,2025-11-12T07:16:07.802Z,572.61166842746,285.2381529116405,0,0,,,screenshots/screen_000026.png
69142eb4410888a7b66fa988,68e48f1a803e577b1177152e,6912a59f410888a7b66ed6cf,screenshot-e742badd-a3b6-488d-af9a-bec95815178b,,2025-11-12T07:16:07.905Z,583.4479287028394,284.86563717402436,0,0,,,screenshots/screen_000026.png
69142eb4410888a7b66fa988,68e48f1a803e577b1177152e,6912a59f410888a7b66ed6cf,screenshot-e742badd-a3b6-488d-af9a-bec95815178b,,2025-11-12T07:16:08.560Z,645.9786120734582,268.9962849509957,0,0,,,screenshots/screen_000026.png
69142eb4410888a7b66fa988,68e48f1a803e577b1177152e,6912a59f410888a7b66ed6cf,screenshot-e742badd-a3b6-488d-af9a-bec95815178b,,2025-11-12T07:16:09.169Z,715.5837664503838,235.7254369582264,0,0,,,screenshots/screen_000026.png
69142eb4410888a7b66fa988,68e48f1a803e577b1177152e,6912a59f410888a7b66ed6cf,screenshot-e742badd-a3b6-488d-af9a-bec95815178b,,2025-11-12T07:16:09.356Z,807.9713577312791,221.87490864258604,0,0,,,screenshots/screen_000026.png
69142eb4410888a7b66fa988,68e48f1a803e577b1177152e,6912a59f410888a7b66ed6cf,screenshot-e742badd-a3b6-488d-af9a-bec95815178b,,2025-11-12T07:16:09.535Z,857.0050716653063,190.92339317706262,0,0,,,screenshots/screen_000026.png
69142eb4410888a7b66fa988,68e48f1a803e577b1177152e,6912a59f410888a7b66ed6cf,screenshot-e742badd-a3b6-488d-af9a-bec95815178b,,2025-11-12T07:16:09.652Z,934.7703471178513,194.88472659516563,0,0,,,screenshots/screen_000026.png
69142eb4410888a7b66fa988,68e48f1a803e577b1177152e,6912a59f410888a7b66ed6cf,screenshot-e742badd-a3b6-488d-af9a-bec95815178b,,2025-11-12T07:16:09.757Z,672.6915993261568,281.629133786249,0,0,,,screenshots/screen_000026.png
69142eb4410888a7b66fa988,68e48f1a803e577b1177152e,6912a59f410888a7b66ed6cf,screenshot-e742badd-a3b6-488d-af9a-bec95815178b,,2025-11-12T07:16:09.879Z,566.2963255157769,318.18207004333107,0,0,,,screenshots/screen_000026.png
69142eb4410888a7b66fa988,68e48f1a803e577b1177152e,6912a59f410888a7b66ed6cf,screenshot-e742badd-a3b6-488d-af9a-bec95815178b,,2025-11-12T07:16:09.988Z,579.1873707213635,280.9489814338393,0,0,,,screenshots/screen_000026.png
69142eb4410888a7b66fa988,68e48f1a803e577b1177152e,6912a59f410888a7b66ed6cf,screenshot-e742badd-a3b6-488d-af9a-bec95815178b,,2025-11-12T07:16:10.088Z,625.2094408369408,232.35338306320682,0,0,,,screenshots/screen_000026.png
69142eb4410888a7b66fa988,68e48f1a803e577b1177152e,6912a59f410888a7b66ed6cf,screenshot-e742badd-a3b6-488d-af9a-bec95815178b,,2025-11-12T07:16:10.209Z,614.204511011874,190.66037134231237,0,0,,,screenshots/screen_000026.png
69142eb4410888a7b66fa988,68e48f1a803e577b1177152e,6912a59f410888a7b66ed6cf,screenshot-e742badd-a3b6-488d-af9a-bec95815178b,,2025-11-12T07:16:10.319Z,692.0608609442482,156.2788725999544,0,0,,,screenshots/screen_000026.png
69142eb4410888a7b66fa988,68e48f1a803e577b1177152e,6912a59f410888a7b66ed6cf,screenshot-e742badd-a3b6-488d-af9a-bec95815178b,,2025-11-12T07:16:10.417Z,721.9398960828123,127.99164151179386,0,0,,,screenshots/screen_000026.png
69142eb4410888a7b66fa988,68e48f1a803e577b1177152e,6912a59f410888a7b66ed6cf,screenshot-d087065d-1d8d-4674-a236-dd582e9f1b66,,2025-11-12T07:16:10.532Z,749.0674850367513,127.30978422458696,0,0,,,screenshots/screen_000027.png
69142eb4410888a7b66fa988,68e48f1a803e577b1177152e,6912a59f410888a7b66ed6cf,screenshot-d087065d-1d8d-4674-a236-dd582e9f1b66,,2025-11-12T07:16:10.655Z,734.4084236915701,130.99670395775283,0,0,,,screenshots/screen_000027.png
69142eb4410888a7b66fa988,68e48f1a803e577b1177152e,6912a59f410888a7b66ed6cf,screenshot-d087065d-1d8d-4674-a236-dd582e9f1b66,,2025-11-12T07:16:10.765Z,783.8715872534056,99.16194230918241,0,0,,,screenshots/screen_000027.png
69142eb4410888a7b66fa988,68e48f1a803e577b1177152e,6912a59f410888a7b66ed6cf,screenshot-d087065d-1d8d-4674-a236-dd582e9f1b66,,2025-11-12T07:16:10.878Z,817.599578249462,100.1929580740218,0,0,,,screenshots/screen_000027.png
69142eb4410888a7b66fa988,68e48f1a803e577b1177152e,6912a59f410888a7b66ed6cf,screenshot-d087065d-1d8d-4674-a236-dd582e9f1b66,,2025-11-12T07:16:10.976Z,839.8418577996645,96.02828419751525,0,0,,,screenshots/screen_000027.png
69142eb4410888a7b66fa988,68e48f1a803e577b1177152e,6912a59f410888a7b66ed6cf,screenshot-d087065d-1d8d-4674-a236-dd582e9f1b66,,2025-11-12T07:16:11.076Z,851.4465218165398,100.8117740085485,0,0,,,screenshots/screen_000027.png
69142eb4410888a7b66fa988,68e48f1a803e577b1177152e,6912a59f410888a7b66ed6cf,screenshot-d087065d-1d8d-4674-a236-dd582e9f1b66,,2025-11-12T07:16:11.177Z,847.8857783270252,119.36340384435789,0,0,,,screenshots/screen_000027.png
69142eb4410888a7b66fa988,68e48f1a803e577b1177152e,6912a59f410888a7b66ed6cf,screenshot-d087065d-1d8d-4674-a236-dd582e9f1b66,,2025-11-12T07:16:11.276Z,822.3656504506482,137.32630477406792,0,0,,,screenshots/screen_000027.png
69142eb4410888a7b66fa988,68e48f1a803e577b1177152e,6912a59f410888a7b66ed6cf,screenshot-d087065d-1d8d-4674-a236-dd582e9f1b66,,2025-11-12T07:16:11.374Z,802.0692896385317,155.91115951940398,0,0,,,screenshots/screen_000027.png
69142eb4410888a7b66fa988,68e48f1a803e577b1177152e,6912a59f410888a7b66ed6cf,screenshot-d087065d-1d8d-4674-a236-dd582e9f1b66,,2025-11-12T07:16:11.476Z,827.1757485195056,146.64984316128925,0,0,,,screenshots/screen_000027.png
69142eb4410888a7b66fa988,68e48f1a803e577b1177152e,6912a59f410888a7b66ed6cf,screenshot-d087065d-1d8d-4674-a236-dd582e9f1b66,,2025-11-12T07:16:11.573Z,832.719618304161,133.0221832394638,0,0,,,screenshots/screen_000027.png
69142eb4410888a7b66fa988,68e48f1a803e577b1177152e,6912a59f410888a7b66ed6cf,screenshot-d087065d-1d8d-4674-a236-dd582e9f1b66,,2025-11-12T07:16:11.674Z,807.3913604255058,126.87128866202778,0,0,,,screenshots/screen_000027.png
69142eb4410888a7b66fa988,68e48f1a803e577b1177152e,6912a59f410888a7b66ed6cf,screenshot-d087065d-1d8d-4674-a236-dd582e9f1b66,,2025-11-12T07:16:12.375Z,855.0302707268318,161.60253602683818,0,0,,,screenshots/screen_000027.png
69142eb4410888a7b66fa988,68e48f1a803e577b1177152e,6912a59f410888a7b66ed6cf,screenshot-d087065d-1d8d-4674-a236-dd582e9f1b66,,2025-11-12T07:16:13.008Z,846.9325469648074,232.47236171817866,0,0,,,screenshots/screen_000027.png
69142eb4410888a7b66fa988,68e48f1a803e577b1177152e,6912a59f410888a7b66ed6cf,screenshot-ccb0bef9-0733-4d7e-b187-08b6f5ad938d,,2025-11-12T07:16:14.369Z,771.1723638589269,283.18201333610364,0,0,,,screenshots/screen_000028.png
69142eb4410888a7b66fa988,68e48f1a803e577b1177152e,6912a59f410888a7b66ed6cf,screenshot-ccb0bef9-0733-4d7e-b187-08b6f5ad938d,,2025-11-12T07:16:14.497Z,780.013055594963,329.93718927115805,0,0,,,screenshots/screen_000028.png
69142eb4410888a7b66fa988,68e48f1a803e577b1177152e,6912a59f410888a7b66ed6cf,screenshot-ccb0bef9-0733-4d7e-b187-08b6f5ad938d,,2025-11-12T07:16:14.594Z,754.361269521841,389.8512701622715,0,0,,,screenshots/screen_000028.png
69142eb4410888a7b66fa988,68e48f1a803e577b1177152e,6912a59f410888a7b66ed6cf,screenshot-ccb0bef9-0733-4d7e-b187-08b6f5ad938d,,2025-11-12T07:16:14.691Z,824.5791057436217,379.56135121510215,0,0,,,screenshots/screen_000028.png
69142eb4410888a7b66fa988,68e48f1a803e577b1177152e,6912a59f410888a7b66ed6cf,screenshot-ccb0bef9-0733-4d7e-b187-08b6f5ad938d,,2025-11-12T07:16:14.788Z,853.4936584292509,406.8177115353155,0,0,,,screenshots/screen_000028.png
69142eb4410888a7b66fa988,68e48f1a803e577b1177152e,6912a59f410888a7b66ed6cf,screenshot-ccb0bef9-0733-4d7e-b187-08b6f5ad938d,,2025-11-12T07:16:14.915Z,856.3236465376149,431.80897456614565,0,0,,,screenshots/screen_000028.png
69142eb4410888a7b66fa988,68e48f1a803e577b1177152e,6912a59f410888a7b66ed6cf,screenshot-ccb0bef9-0733-4d7e-b187-08b6f5ad938d,,2025-11-12T07:16:15.028Z,868.6470897226719,422.5792692240736,0,0,,,screenshots/screen_000028.png
69142eb4410888a7b66fa988,68e48f1a803e577b1177152e,6912a59f410888a7b66ed6cf,screenshot-ccb0bef9-0733-4d7e-b187-08b6f5ad938d,,2025-11-12T07:16:15.167Z,850.5627894982651,438.38754955993676,0,0,,,screenshots/screen_000028.png
69142eb4410888a7b66fa988,68e48f1a803e577b1177152e,6912a59f410888a7b66ed6cf,screenshot-ccb0bef9-0733-4d7e-b187-08b6f5ad938d,,2025-11-12T07:16:15.267Z,900.687128823014,425.5042982954023,0,0,,,screenshots/screen_000028.png
69142eb4410888a7b66fa988,68e48f1a803e577b1177152e,6912a59f410888a7b66ed6cf,screenshot-ccb0bef9-0733-4d7e-b187-08b6f5ad938d,,2025-11-12T07:16:15.368Z,816.2766941777152,442.7026635111514,0,0,,,screenshots/screen_000028.png
69142eb4410888a7b66fa988,68e48f1a803e577b1177152e,6912a59f410888a7b66ed6cf,screenshot-ccb0bef9-0733-4d7e-b187-08b6f5ad938d,,2025-11-12T07:16:15.461Z,822.1213944113798,441.4921899980158,0,0,,,screenshots/screen_000028.png
69142eb4410888a7b66fa988,68e48f1a803e577b1177152e,6912a59f410888a7b66ed6cf,screenshot-ccb0bef9-0733-4d7e-b187-08b6f5ad938d,,2025-11-12T07:16:15.588Z,804.7075400428294,444.71204095443335,0,0,,,screenshots/screen_000028.png
69142eb4410888a7b66fa988,68e48f1a803e577b1177152e,6912a59f410888a7b66ed6cf,screenshot-ccb0bef9-0733-4d7e-b187-08b6f5ad938d,,2025-11-12T07:16:15.702Z,717.0734721643096,452.9939074888147,0,0,,,screenshots/screen_000028.png
69142eb4410888a7b66fa988,68e48f1a803e577b1177152e,6912a59f410888a7b66ed6cf,screenshot-ccb0bef9-0733-4d7e-b187-08b6f5ad938d,,2025-11-12T07:16:15.799Z,630.9558545949869,440.8511402608487,0,0,,,screenshots/screen_000028.png
69142eb4410888a7b66fa988,68e48f1a803e577b1177152e,6912a59f410888a7b66ed6cf,screenshot-ccb0bef9-0733-4d7e-b187-08b6f5ad938d,,2025-11-12T07:16:15.904Z,615.8187553680395,437.28688818567974,0,0,,,screenshots/screen_000028.png
69142eb4410888a7b66fa988,68e48f1a803e577b1177152e,6912a59f410888a7b66ed6cf,screenshot-ccb0bef9-0733-4d7e-b187-08b6f5ad938d,,2025-11-12T07:16:16.001Z,579.7223104529619,429.0850440283824,0,0,,,screenshots/screen_000028.png
69142eb4410888a7b66fa988,68e48f1a803e577b1177152e,6912a59f410888a7b66ed6cf,screenshot-ccb0bef9-0733-4d7e-b187-08b6f5ad938d,,2025-11-12T07:16:16.133Z,610.9026203678737,385.44178773302934,0,0,,,screenshots/screen_000028.png
69142eb4410888a7b66fa988,68e48f1a803e577b1177152e,6912a59f410888a7b66ed6cf,screenshot-ccb0bef9-0733-4d7e-b187-08b6f5ad938d,,2025-11-12T07:16:16.232Z,624.8412437987542,391.4582520324038,0,0,,,screenshots/screen_000028.png
69142eb4410888a7b66fa988,68e48f1a803e577b1177152e,6912a59f410888a7b66ed6cf,screenshot-ccb0bef9-0733-4d7e-b187-08b6f5ad938d,,2025-11-12T07:16:16.333Z,555.0714797352972,398.07815660938894,0,0,,,screenshots/screen_000028.png
69142eb4410888a7b66fa988,68e48f1a803e577b1177152e,6912a59f410888a7b66ed6cf,screenshot-ccb0bef9-0733-4d7e-b187-08b6f5ad938d,,2025-11-12T07:16:16.435Z,674.002412025447,398.75829491809395,0,0,,,screenshots/screen_000028.png
69142eb4410888a7b66fa988,68e48f1a803e577b1177152e,6912a59f410888a7b66ed6cf,screenshot-ccb0bef9-0733-4d7e-b187-08b6f5ad938d,,2025-11-12T07:16:16.568Z,694.9139857699709,372.51034400262483,0,0,,,screenshots/screen_000028.png
69142eb4410888a7b66fa988,68e48f1a803e577b1177152e,6912a59f410888a7b66ed6cf,screenshot-ccb0bef9-0733-4d7e-b187-08b6f5ad938d,,2025-11-12T07:16:16.675Z,771.4398440990193,381.70516324045013,0,0,,,screenshots/screen_000028.png
69142eb4410888a7b66fa988,68e48f1a803e577b1177152e,6912a59f410888a7b66ed6cf,screenshot-ccb0bef9-0733-4d7e-b187-08b6f5ad938d,,2025-11-12T07:16:16.810Z,682.6089825141738,421.1962853995788,0,0,,,screenshots/screen_000028.png
69142eb4410888a7b66fa988,68e48f1a803e577b1177152e,6912a59f410888a7b66ed6cf,screenshot-ccb0bef9-0733-4d7e-b187-08b6f5ad938d,,2025-11-12T07:16:16.906Z,726.5066166751039,404.28518161771535,0,0,,,screenshots/screen_000028.png
69142eb4410888a7b66fa988,68e48f1a803e577b1177152e,6912a59f410888a7b66ed6cf,screenshot-ccb0bef9-0733-4d7e-b187-08b6f5ad938d,,2025-11-12T07:16:17.003Z,770.8522105723432,418.54176620591727,0,0,,,screenshots/screen_000028.png
69142eb4410888a7b66fa988,68e48f1a803e577b1177152e,6912a59f410888a7b66ed6cf,screenshot-ccb0bef9-0733-4d7e-b187-08b6f5ad938d,,2025-11-12T07:16:17.103Z,702.5207765391687,461.4749720620835,0,0,,,screenshots/screen_000028.png
69142eb4410888a7b66fa988,68e48f1a803e577b1177152e,6912a59f410888a7b66ed6cf,screenshot-ccb0bef9-0733-4d7e-b187-08b6f5ad938d,,2025-11-12T07:16:17.203Z,706.0289801091828,491.65107988669024,0,0,,,screenshots/screen_000028.png
69142eb4410888a7b66fa988,68e48f1a803e577b1177152e,6912a59f410888a7b66ed6cf,screenshot-ccb0bef9-0733-4d7e-b187-08b6f5ad938d,,2025-11-12T07:16:17.302Z,679.0345353927449,506.6372471963561,0,0,,,screenshots/screen_000028.png
69142eb4410888a7b66fa988,68e48f1a803e577b1177152e,6912a59f410888a7b66ed6cf,screenshot-ccb0bef9-0733-4d7e-b187-08b6f5ad938d,,2025-11-12T07:16:17.400Z,652.7289443246901,540.802782745816,0,0,,,screenshots/screen_000028.png
69142eb4410888a7b66fa988,68e48f1a803e577b1177152e,6912a59f410888a7b66ed6cf,screenshot-ccb0bef9-0733-4d7e-b187-08b6f5ad938d,,2025-11-12T07:16:17.504Z,656.7726225006593,516.6299005304137,0,0,,,screenshots/screen_000028.png
69142eb4410888a7b66fa988,68e48f1a803e577b1177152e,6912a59f410888a7b66ed6cf,screenshot-ccb0bef9-0733-4d7e-b187-08b6f5ad938d,,2025-11-12T07:16:17.606Z,633.5935944239739,480.18658312495364,0,0,,,screenshots/screen_000028.png
69142eb4410888a7b66fa988,68e48f1a803e577b1177152e,6912a59f410888a7b66ed6cf,screenshot-ccb0bef9-0733-4d7e-b187-08b6f5ad938d,,2025-11-12T07:16:17.709Z,698.0459480874957,477.1733646517234,0,0,,,screenshots/screen_000028.png
69142eb4410888a7b66fa988,68e48f1a803e577b1177152e,6912a59f410888a7b66ed6cf,screenshot-ccb0bef9-0733-4d7e-b187-08b6f5ad938d,,2025-11-12T07:16:18.460Z,734.6860136321307,445.2561456062836,0,0,,,screenshots/screen_000028.png
69142eb4410888a7b66fa988,68e48f1a803e577b1177152e,6912a59f410888a7b66ed6cf,screenshot-ccb0bef9-0733-4d7e-b187-08b6f5ad938d,,2025-11-12T07:16:18.608Z,808.4767799562367,356.41147927810044,0,0,,,screenshots/screen_000028.png
69142eb4410888a7b66fa988,68e48f1a803e577b1177152e,6912a59f410888a7b66ed6cf,screenshot-ccb0bef9-0733-4d7e-b187-08b6f5ad938d,,2025-11-12T07:16:19.253Z,752.570167914555,339.35516317667094,0,0,,,screenshots/screen_000028.png
69142eb4410888a7b66fa988,68e48f1a803e577b1177152e,6912a59f410888a7b66ed6cf,screenshot-ccb0bef9-0733-4d7e-b187-08b6f5ad938d,,2025-11-12T07:16:19.473Z,808.2831490811309,253.64791250841157,0,0,,,screenshots/screen_000028.png
69142eb4410888a7b66fa988,68e48f1a803e577b1177152e,6912a59f410888a7b66ed6cf,screenshot-ccb0bef9-0733-4d7e-b187-08b6f5ad938d,,2025-11-12T07:16:19.646Z,900.9762253716556,189.1615147991442,0,0,,,screenshots/screen_000028.png
69142eb4410888a7b66fa988,68e48f1a803e577b1177152e,6912a59f410888a7b66ed6cf,screenshot-ccb0bef9-0733-4d7e-b187-08b6f5ad938d,,2025-11-12T07:16:19.749Z,989.4628334933932,102.2740421708272,0,0,,,screenshots/screen_000028.png
69142eb4410888a7b66fa988,68e48f1a803e577b1177152e,6912a59f410888a7b66ed6cf,screenshot-ccb0bef9-0733-4d7e-b187-08b6f5ad938d,,2025-11-12T07:16:19.853Z,972.2764500188359,102.45698716464389,0,0,,,screenshots/screen_000028.png
69142eb4410888a7b66fa988,68e48f1a803e577b1177152e,6912a59f410888a7b66ed6cf,screenshot-ccb0bef9-0733-4d7e-b187-08b6f5ad938d,,2025-11-12T07:16:19.950Z,929.3709593330009,104.03067866280048,0,0,,,screenshots/screen_000028.png
69142eb4410888a7b66fa988,68e48f1a803e577b1177152e,6912a59f410888a7b66ed6cf,screenshot-ccb0bef9-0733-4d7e-b187-08b6f5ad938d,,2025-11-12T07:16:20.049Z,835.6555079423562,160.5322545911277,0,0,,,screenshots/screen_000028.png
69142eb4410888a7b66fa988,68e48f1a803e577b1177152e,6912a59f410888a7b66ed6cf,screenshot-ccb0bef9-0733-4d7e-b187-08b6f5ad938d,,2025-11-12T07:16:20.147Z,853.5720005812739,130.15737174851515,0,0,,,screenshots/screen_000028.png
69142eb4410888a7b66fa988,68e48f1a803e577b1177152e,6912a59f410888a7b66ed6cf,screenshot-ccb0bef9-0733-4d7e-b187-08b6f5ad938d,,2025-11-12T07:16:20.281Z,857.805387688177,109.28154948075101,0,0,,,screenshots/screen_000028.png
69142eb4410888a7b66fa988,68e48f1a803e577b1177152e,6912a59f410888a7b66ed6cf,screenshot-6c776f05-e4cb-41af-a0a0-219194588854,,2025-11-12T07:16:20.648Z,805.8307155702788,140.75115810377756,0,0,,,screenshots/screen_000029.png
69142eb4410888a7b66fa988,68e48f1a803e577b1177152e,6912a59f410888a7b66ed6cf,screenshot-6c776f05-e4cb-41af-a0a0-219194588854,,2025-11-12T07:16:20.753Z,712.1116843920204,168.24130529493073,0,0,,,screenshots/screen_000029.png
69142eb4410888a7b66fa988,68e48f1a803e577b1177152e,6912a59f410888a7b66ed6cf,screenshot-6c776f05-e4cb-41af-a0a0-219194588854,,2025-11-12T07:16:20.880Z,727.9757331357999,168.41148148635213,0,0,,,screenshots/screen_000029.png
69142eb4410888a7b66fa988,68e48f1a803e577b1177152e,6912a59f410888a7b66ed6cf,screenshot-6c776f05-e4cb-41af-a0a0-219194588854,,2025-11-12T07:16:20.986Z,619.9586079990722,264.62975826177706,0,0,,,screenshots/screen_000029.png
69142eb4410888a7b66fa988,68e48f1a803e577b1177152e,6912a59f410888a7b66ed6cf,screenshot-6c776f05-e4cb-41af-a0a0-219194588854,,2025-11-12T07:16:21.081Z,644.2285379587861,322.84114423373404,0,0,,,screenshots/screen_000029.png
69142eb4410888a7b66fa988,68e48f1a803e577b1177152e,6912a59f410888a7b66ed6cf,screenshot-6c776f05-e4cb-41af-a0a0-219194588854,,2025-11-12T07:16:21.186Z,672.896585128724,327.7115578555718,0,0,,,screenshots/screen_000029.png
69142eb4410888a7b66fa988,68e48f1a803e577b1177152e,6912a59f410888a7b66ed6cf,screenshot-6c776f05-e4cb-41af-a0a0-219194588854,,2025-11-12T07:16:21.284Z,627.219165504057,325.9899202733635,0,0,,,screenshots/screen_000029.png
69142eb4410888a7b66fa988,68e48f1a803e577b1177152e,6912a59f410888a7b66ed6cf,screenshot-6c776f05-e4cb-41af-a0a0-219194588854,,2025-11-12T07:16:21.386Z,649.9596075687823,316.55937613571297,0,0,,,screenshots/screen_000029.png
69142eb4410888a7b66fa988,68e48f1a803e577b1177152e,6912a59f410888a7b66ed6cf,screenshot-6c776f05-e4cb-41af-a0a0-219194588854,,2025-11-12T07:16:21.486Z,587.47596727798,348.2722368931333,0,0,,,screenshots/screen_000029.png
69142eb4410888a7b66fa988,68e48f1a803e577b1177152e,6912a59f410888a7b66ed6cf,screenshot-6c776f05-e4cb-41af-a0a0-219194588854,,2025-11-12T07:16:21.584Z,603.668774321135,341.82022138470387,0,0,,,screenshots/screen_000029.png
69142eb4410888a7b66fa988,68e48f1a803e577b1177152e,6912a59f410888a7b66ed6cf,screenshot-6c776f05-e4cb-41af-a0a0-219194588854,,2025-11-12T07:16:21.684Z,624.0096647552238,346.54295600926037,0,0,,,screenshots/screen_000029.png
69142eb4410888a7b66fa988,68e48f1a803e577b1177152e,6912a59f410888a7b66ed6cf,screenshot-6c776f05-e4cb-41af-a0a0-219194588854,,2025-11-12T07:16:21.785Z,706.9541967947115,313.477817291031,0,0,,,screenshots/screen_000029.png
69142eb4410888a7b66fa988,68e48f1a803e577b1177152e,6912a59f410888a7b66ed6cf,screenshot-6c776f05-e4cb-41af-a0a0-219194588854,,2025-11-12T07:16:21.917Z,701.4695674567016,329.5308157042116,0,0,,,screenshots/screen_000029.png
69142eb4410888a7b66fa988,68e48f1a803e577b1177152e,6912a59f410888a7b66ed6cf,screenshot-6c776f05-e4cb-41af-a0a0-219194588854,,2025-11-12T07:16:22.055Z,718.1978248407628,264.7935953407139,0,0,,,screenshots/screen_000029.png
69142eb4410888a7b66fa988,68e48f1a803e577b1177152e,6912a59f410888a7b66ed6cf,screenshot-6c776f05-e4cb-41af-a0a0-219194588854,,2025-11-12T07:16:22.155Z,781.9961975551364,207.59025574855684,0,0,,,screenshots/screen_000029.png
69142eb4410888a7b66fa988,68e48f1a803e577b1177152e,6912a59f410888a7b66ed6cf,screenshot-6c776f05-e4cb-41af-a0a0-219194588854,,2025-11-12T07:16:22.299Z,906.5247219065625,152.4820804010165,0,0,,,screenshots/screen_000029.png
69142eb4410888a7b66fa988,68e48f1a803e577b1177152e,6912a59f410888a7b66ed6cf,screenshot-6c776f05-e4cb-41af-a0a0-219194588854,,2025-11-12T07:16:22.438Z,972.5539199893694,80.66697015693495,0,0,,,screenshots/screen_000029.png
69142eb4410888a7b66fa988,68e48f1a803e577b1177152e,6912a59f410888a7b66ed6cf,screenshot-6c776f05-e4cb-41af-a0a0-219194588854,,2025-11-12T07:16:22.575Z,1033.5785151298705,48.753076541709426,0,0,,,screenshots/screen_000029.png
69142eb4410888a7b66fa988,68e48f1a803e577b1177152e,6912a59f410888a7b66ed6cf,screenshot-6c776f05-e4cb-41af-a0a0-219194588854,,2025-11-12T07:16:22.689Z,1039.2447993713972,59.23433930779187,0,0,,,screenshots/screen_000029.png
69142eb4410888a7b66fa988,68e48f1a803e577b1177152e,6912a59f410888a7b66ed6cf,screenshot-6c776f05-e4cb-41af-a0a0-219194588854,,2025-11-12T07:16:22.789Z,938.5475277309631,98.76439309170127,0,0,,,screenshots/screen_000029.png
69142eb4410888a7b66fa988,68e48f1a803e577b1177152e,6912a59f410888a7b66ed6cf,screenshot-6c776f05-e4cb-41af-a0a0-219194588854,,2025-11-12T07:16:22.891Z,723.6768209807747,183.535030621384,0,0,,,screenshots/screen_000029.png
69142eb4410888a7b66fa988,68e48f1a803e577b1177152e,6912a59f410888a7b66ed6cf,screenshot-6c776f05-e4cb-41af-a0a0-219194588854,,2025-11-12T07:16:22.988Z,614.2673223783266,268.0290337534949,0,0,,,screenshots/screen_000029.png
69142eb4410888a7b66fa988,68e48f1a803e577b1177152e,6912a59f410888a7b66ed6cf,screenshot-6c776f05-e4cb-41af-a0a0-219194588854,,2025-11-12T07:16:23.093Z,586.348991712917,306.92631145375026,0,0,,,screenshots/screen_000029.png
69142eb4410888a7b66fa988,68e48f1a803e577b1177152e,6912a59f410888a7b66ed6cf,screenshot-6c776f05-e4cb-41af-a0a0-219194588854,,2025-11-12T07:16:23.186Z,616.3873132910297,357.22506231409704,0,0,,,screenshots/screen_000029.png
69142eb4410888a7b66fa988,68e48f1a803e577b1177152e,6912a59f410888a7b66ed6cf,screenshot-6c776f05-e4cb-41af-a0a0-219194588854,,2025-11-12T07:16:23.288Z,529.9200869768393,407.9026108207449,0,0,,,screenshots/screen_000029.png
69142eb4410888a7b66fa988,68e48f1a803e577b1177152e,6912a59f410888a7b66ed6cf,screenshot-6c776f05-e4cb-41af-a0a0-219194588854,,2025-11-12T07:16:23.890Z,502.21693445059094,442.6537758178396,0,0,,,screenshots/screen_000029.png
69142eb4410888a7b66fa988,68e48f1a803e577b1177152e,6912a59f410888a7b66ed6cf,screenshot-6c776f05-e4cb-41af-a0a0-219194588854,,2025-11-12T07:16:24.504Z,525.2734694243067,457.3779714333209,0,0,,,screenshots/screen_000029.png
69142eb4410888a7b66fa988,68e48f1a803e577b1177152e,6912a59f410888a7b66ed6cf,screenshot-6b2421d6-0ef8-49fa-867c-5cc13676af28,,2025-11-12T07:16:26.498Z,842.5523510578183,314.7415181935182,0,0,,,screenshots/screen_000030.png
69142eb4410888a7b66fa988,68e48f1a803e577b1177152e,6912a59f410888a7b66ed6cf,screenshot-6b2421d6-0ef8-49fa-867c-5cc13676af28,,2025-11-12T07:16:26.603Z,822.987569230479,342.6566295261662,0,0,,,screenshots/screen_000030.png
69142eb4410888a7b66fa988,68e48f1a803e577b1177152e,6912a59f410888a7b66ed6cf,screenshot-6b2421d6-0ef8-49fa-867c-5cc13676af28,,2025-11-12T07:16:26.706Z,716.0377674371085,376.7596771653597,0,0,,,screenshots/screen_000030.png
69142eb4410888a7b66fa988,68e48f1a803e577b1177152e,6912a59f410888a7b66ed6cf,screenshot-6b2421d6-0ef8-49fa-867c-5cc13676af28,,2025-11-12T07:16:26.815Z,682.7686402588428,363.90655198972127,0,0,,,screenshots/screen_000030.png
69142eb4410888a7b66fa988,68e48f1a803e577b1177152e,6912a59f410888a7b66ed6cf,screenshot-6b2421d6-0ef8-49fa-867c-5cc13676af28,,2025-11-12T07:16:26.953Z,710.2061548726335,397.1072073562834,0,0,,,screenshots/screen_000030.png
69142eb4410888a7b66fa988,68e48f1a803e577b1177152e,6912a59f410888a7b66ed6cf,screenshot-6b2421d6-0ef8-49fa-867c-5cc13676af28,,2025-11-12T07:16:27.063Z,668.2562472728624,355.0541331104465,0,0,,,screenshots/screen_000030.png
69142eb4410888a7b66fa988,68e48f1a803e577b1177152e,6912a59f410888a7b66ed6cf,screenshot-6b2421d6-0ef8-49fa-867c-5cc13676af28,,2025-11-12T07:16:27.172Z,727.6369762497126,289.5396295352195,0,0,,,screenshots/screen_000030.png
69142eb4410888a7b66fa988,68e48f1a803e577b1177152e,6912a59f410888a7b66ed6cf,screenshot-6b2421d6-0ef8-49fa-867c-5cc13676af28,,2025-11-12T07:16:27.275Z,777.2045246344127,228.4171828443227,0,0,,,screenshots/screen_000030.png
69142eb4410888a7b66fa988,68e48f1a803e577b1177152e,6912a59f410888a7b66ed6cf,screenshot-6b2421d6-0ef8-49fa-867c-5cc13676af28,,2025-11-12T07:16:27.375Z,874.302039344225,173.13473122339147,0,0,,,screenshots/screen_000030.png
69142eb4410888a7b66fa988,68e48f1a803e577b1177152e,6912a59f410888a7b66ed6cf,screenshot-6b2421d6-0ef8-49fa-867c-5cc13676af28,,2025-11-12T07:16:27.471Z,898.6837144185432,143.27090244148962,0,0,,,screenshots/screen_000030.png
69142eb4410888a7b66fa988,68e48f1a803e577b1177152e,6912a59f410888a7b66ed6cf,screenshot-6b2421d6-0ef8-49fa-867c-5cc13676af28,,2025-11-12T07:16:27.579Z,891.9275551400398,134.8304872270676,0,0,,,screenshots/screen_000030.png
69142eb4410888a7b66fa988,68e48f1a803e577b1177152e,6912a59f410888a7b66ed6cf,screenshot-6b2421d6-0ef8-49fa-867c-5cc13676af28,,2025-11-12T07:16:27.681Z,948.1565803524879,141.54041083406113,0,0,,,screenshots/screen_000030.png
69142eb4410888a7b66fa988,68e48f1a803e577b1177152e,6912a59f410888a7b66ed6cf,screenshot-6b2421d6-0ef8-49fa-867c-5cc13676af28,,2025-11-12T07:16:27.777Z,1041.9183754762348,156.90819250758372,0,0,,,screenshots/screen_000030.png
69142eb4410888a7b66fa988,68e48f1a803e577b1177152e,6912a59f410888a7b66ed6cf,screenshot-6b2421d6-0ef8-49fa-867c-5cc13676af28,,2025-11-12T07:16:27.868Z,1131.0698977554223,143.5340665295164,0,0,,,screenshots/screen_000030.png
69142eb4410888a7b66fa988,68e48f1a803e577b1177152e,6912a59f410888a7b66ed6cf,screenshot-6b2421d6-0ef8-49fa-867c-5cc13676af28,,2025-11-12T07:16:28.505Z,1217.463080434836,142.83919551513455,0,0,,,screenshots/screen_000030.png
69142eb4410888a7b66fa988,68e48f1a803e577b1177152e,6912a59f410888a7b66ed6cf,screenshot-6b2421d6-0ef8-49fa-867c-5cc13676af28,,2025-11-12T07:16:28.621Z,1257.91422783508,125.17678265336521,0,0,,,screenshots/screen_000030.png
69142eb4410888a7b66fa988,68e48f1a803e577b1177152e,6912a59f410888a7b66ed6cf,screenshot-6b2421d6-0ef8-49fa-867c-5cc13676af28,,2025-11-12T07:16:29.380Z,1119.063783540841,146.78939013679138,0,0,,,screenshots/screen_000030.png
69142eb4410888a7b66fa988,68e48f1a803e577b1177152e,6912a59f410888a7b66ed6cf,screenshot-6b2421d6-0ef8-49fa-867c-5cc13676af28,,2025-11-12T07:16:29.560Z,1093.590248711814,128.3464835381991,0,0,,,screenshots/screen_000030.png
69142eb4410888a7b66fa988,68e48f1a803e577b1177152e,6912a59f410888a7b66ed6cf,screenshot-6b2421d6-0ef8-49fa-867c-5cc13676af28,,2025-11-12T07:16:29.684Z,1098.033085577805,107.20677545783519,0,0,,,screenshots/screen_000030.png
69142eb4410888a7b66fa988,68e48f1a803e577b1177152e,6912a59f410888a7b66ed6cf,screenshot-6b2421d6-0ef8-49fa-867c-5cc13676af28,,2025-11-12T07:16:29.819Z,1033.3982659115247,84.4861804227016,0,0,,,screenshots/screen_000030.png
69142eb4410888a7b66fa988,68e48f1a803e577b1177152e,6912a59f410888a7b66ed6cf,screenshot-6b2421d6-0ef8-49fa-867c-5cc13676af28,,2025-11-12T07:16:29.919Z,1049.4192892291555,74.49852001007253,0,0,,,screenshots/screen_000030.png
69142eb4410888a7b66fa988,68e48f1a803e577b1177152e,6912a59f410888a7b66ed6cf,screenshot-6b2421d6-0ef8-49fa-867c-5cc13676af28,,2025-11-12T07:16:30.031Z,891.3611443115319,118.98231423664775,0,0,,,screenshots/screen_000030.png
69142eb4410888a7b66fa988,68e48f1a803e577b1177152e,6912a59f410888a7b66ed6cf,screenshot-6b2421d6-0ef8-49fa-867c-5cc13676af28,,2025-11-12T07:16:30.149Z,825.0530582183721,164.97043201752413,0,0,,,screenshots/screen_000030.png
69142eb4410888a7b66fa988,68e48f1a803e577b1177152e,6912a59f410888a7b66ed6cf,screenshot-6b2421d6-0ef8-49fa-867c-5cc13676af28,,2025-11-12T07:16:30.253Z,641.326971223001,220.43738386815915,0,0,,,screenshots/screen_000030.png
69142eb4410888a7b66fa988,68e48f1a803e577b1177152e,6912a59f410888a7b66ed6cf,screenshot-6b2421d6-0ef8-49fa-867c-5cc13676af28,,2025-11-12T07:16:30.389Z,593.5682058807495,253.02305852852305,0,0,,,screenshots/screen_000030.png
69142eb4410888a7b66fa988,68e48f1a803e577b1177152e,6912a59f410888a7b66ed6cf,screenshot-8ced0d98-deff-46be-8c62-24a66338a8b5,,2025-11-12T07:16:31.841Z,821.9828853346398,169.04491637613114,0,0,,,screenshots/screen_000031.png
69142eb4410888a7b66fa988,68e48f1a803e577b1177152e,6912a59f410888a7b66ed6cf,screenshot-8ced0d98-deff-46be-8c62-24a66338a8b5,,2025-11-12T07:16:31.951Z,900.4441112770396,139.5408939805095,0,0,,,screenshots/screen_000031.png
69142eb4410888a7b66fa988,68e48f1a803e577b1177152e,6912a59f410888a7b66ed6cf,screenshot-8ced0d98-deff-46be-8c62-24a66338a8b5,,2025-11-12T07:16:32.067Z,939.4894064018804,112.87676370991593,0,0,,,screenshots/screen_000031.png
69142eb4410888a7b66fa988,68e48f1a803e577b1177152e,6912a59f410888a7b66ed6cf,screenshot-8ced0d98-deff-46be-8c62-24a66338a8b5,,2025-11-12T07:16:32.161Z,922.5575486512189,117.9817076119497,0,0,,,screenshots/screen_000031.png
69142eb4410888a7b66fa988,68e48f1a803e577b1177152e,6912a59f410888a7b66ed6cf,screenshot-8ced0d98-deff-46be-8c62-24a66338a8b5,,2025-11-12T07:16:32.287Z,1031.860484418487,98.48008024897962,0,0,,,screenshots/screen_000031.png
69142eb4410888a7b66fa988,68e48f1a803e577b1177152e,6912a59f410888a7b66ed6cf,screenshot-8ced0d98-deff-46be-8c62-24a66338a8b5,,2025-11-12T07:16:32.399Z,1075.137672917664,76.28350469396469,0,0,,,screenshots/screen_000031.png
69142eb4410888a7b66fa988,68e48f1a803e577b1177152e,6912a59f410888a7b66ed6cf,screenshot-8ced0d98-deff-46be-8c62-24a66338a8b5,,2025-11-12T07:16:32.504Z,1124.840385548717,70.75124960284953,0,0,,,screenshots/screen_000031.png
69142eb4410888a7b66fa988,68e48f1a803e577b1177152e,6912a59f410888a7b66ed6cf,screenshot-8ced0d98-deff-46be-8c62-24a66338a8b5,,2025-11-12T07:16:32.608Z,1201.7353694487708,57.016104000926134,0,0,,,screenshots/screen_000031.png
69142eb4410888a7b66fa988,68e48f1a803e577b1177152e,6912a59f410888a7b66ed6cf,screenshot-8ced0d98-deff-46be-8c62-24a66338a8b5,,2025-11-12T07:16:32.696Z,1217.3667922394632,77.23543988808868,0,0,,,screenshots/screen_000031.png
69142eb4410888a7b66fa988,68e48f1a803e577b1177152e,6912a59f410888a7b66ed6cf,screenshot-8ced0d98-deff-46be-8c62-24a66338a8b5,,2025-11-12T07:16:32.805Z,1219.107653448118,97.00520757116743,0,0,,,screenshots/screen_000031.png
69142eb4410888a7b66fa988,68e48f1a803e577b1177152e,6912a59f410888a7b66ed6cf,screenshot-8ced0d98-deff-46be-8c62-24a66338a8b5,,2025-11-12T07:16:32.924Z,1268.239645605626,51.69508227657626,0,0,,,screenshots/screen_000031.png
69142eb4410888a7b66fa988,68e48f1a803e577b1177152e,6912a59f410888a7b66ed6cf,screenshot-8ced0d98-deff-46be-8c62-24a66338a8b5,,2025-11-12T07:16:33.037Z,1343.9833242299035,28.05339795731453,0,0,,,screenshots/screen_000031.png
69142eb4410888a7b66fa988,68e48f1a803e577b1177152e,6912a59f410888a7b66ed6cf,screenshot-8ced0d98-deff-46be-8c62-24a66338a8b5,,2025-11-12T07:16:33.152Z,1252.144787244622,27.451673000764316,0,0,,,screenshots/screen_000031.png
69142eb4410888a7b66fa988,68e48f1a803e577b1177152e,6912a59f410888a7b66ed6cf,screenshot-8ced0d98-deff-46be-8c62-24a66338a8b5,,2025-11-12T07:16:33.272Z,1192.0705788012376,99.52666048079901,0,0,,,screenshots/screen_000031.png
69142eb4410888a7b66fa988,68e48f1a803e577b1177152e,6912a59f410888a7b66ed6cf,screenshot-8ced0d98-deff-46be-8c62-24a66338a8b5,,2025-11-12T07:16:33.431Z,1156.0812673249507,120.63824514309043,0,0,,,screenshots/screen_000031.png
69142eb4410888a7b66fa988,68e48f1a803e577b1177152e,6912a59f410888a7b66ed6cf,screenshot-8ced0d98-deff-46be-8c62-24a66338a8b5,,2025-11-12T07:16:33.555Z,1155.080955597397,136.808544069787,0,0,,,screenshots/screen_000031.png
69142eb4410888a7b66fa988,68e48f1a803e577b1177152e,6912a59f410888a7b66ed6cf,screenshot-8ced0d98-deff-46be-8c62-24a66338a8b5,,2025-11-12T07:16:33.658Z,1117.3647673367173,131.43992181082,0,0,,,screenshots/screen_000031.png
69142eb4410888a7b66fa988,68e48f1a803e577b1177152e,6912a59f410888a7b66ed6cf,screenshot-8ced0d98-deff-46be-8c62-24a66338a8b5,,2025-11-12T07:16:33.772Z,1168.6604546008266,111.23266919514556,0,0,,,screenshots/screen_000031.png
69142eb4410888a7b66fa988,68e48f1a803e577b1177152e,6912a59f410888a7b66ed6cf,screenshot-8ced0d98-deff-46be-8c62-24a66338a8b5,,2025-11-12T07:16:33.866Z,1197.3882809028203,116.82429448668665,0,0,,,screenshots/screen_000031.png
69142eb4410888a7b66fa988,68e48f1a803e577b1177152e,6912a59f410888a7b66ed6cf,screenshot-8ced0d98-deff-46be-8c62-24a66338a8b5,,2025-11-12T07:16:33.970Z,1090.8579063845618,136.13132106692578,0,0,,,screenshots/screen_000031.png
69142eb4410888a7b66fa988,68e48f1a803e577b1177152e,6912a59f410888a7b66ed6cf,screenshot-8ced0d98-deff-46be-8c62-24a66338a8b5,,2025-11-12T07:16:34.070Z,1032.0103470234806,163.61588357783188,0,0,,,screenshots/screen_000031.png
69142eb4410888a7b66fa988,68e48f1a803e577b1177152e,6912a59f410888a7b66ed6cf,screenshot-8ced0d98-deff-46be-8c62-24a66338a8b5,,2025-11-12T07:16:34.170Z,987.6474948749863,158.2319370957984,0,0,,,screenshots/screen_000031.png
69142eb4410888a7b66fa988,68e48f1a803e577b1177152e,6912a59f410888a7b66ed6cf,screenshot-8ced0d98-deff-46be-8c62-24a66338a8b5,,2025-11-12T07:16:34.275Z,861.1815319842614,211.9316678645706,0,0,,,screenshots/screen_000031.png
69142eb4410888a7b66fa988,68e48f1a803e577b1177152e,6912a59f410888a7b66ed6cf,screenshot-8ced0d98-deff-46be-8c62-24a66338a8b5,,2025-11-12T07:16:34.397Z,754.3871610293671,263.7348437322484,0,0,,,screenshots/screen_000031.png
69142eb4410888a7b66fa988,68e48f1a803e577b1177152e,6912a59f410888a7b66ed6cf,screenshot-8ced0d98-deff-46be-8c62-24a66338a8b5,,2025-11-12T07:16:34.509Z,663.7550767420544,318.08798212591284,0,0,,,screenshots/screen_000031.png
69142eb4410888a7b66fa988,68e48f1a803e577b1177152e,6912a59f410888a7b66ed6cf,screenshot-8ced0d98-deff-46be-8c62-24a66338a8b5,,2025-11-12T07:16:34.637Z,614.4870986435875,382.58996810302386,0,0,,,screenshots/screen_000031.png
69142eb4410888a7b66fa988,68e48f1a803e577b1177152e,6912a59f410888a7b66ed6cf,screenshot-8ced0d98-deff-46be-8c62-24a66338a8b5,,2025-11-12T07:16:34.745Z,459.785970231634,424.23582828788096,0,0,,,screenshots/screen_000031.png
69142eb4410888a7b66fa988,68e48f1a803e577b1177152e,6912a59f410888a7b66ed6cf,screenshot-8ced0d98-deff-46be-8c62-24a66338a8b5,,2025-11-12T07:16:34.880Z,559.030983519586,422.2163434439194,0,0,,,screenshots/screen_000031.png
69142eb4410888a7b66fa988,68e48f1a803e577b1177152e,6912a59f410888a7b66ed6cf,screenshot-8ced0d98-deff-46be-8c62-24a66338a8b5,,2025-11-12T07:16:35.004Z,492.70174694145015,476.84740267362747,0,0,,,screenshots/screen_000031.png
69142eb4410888a7b66fa988,68e48f1a803e577b1177152e,6912a59f410888a7b66ed6cf,screenshot-8ced0d98-deff-46be-8c62-24a66338a8b5,,2025-11-12T07:16:35.120Z,516.5058713574421,472.11984242137197,0,0,,,screenshots/screen_000031.png
69142eb4410888a7b66fa988,68e48f1a803e577b1177152e,6912a59f410888a7b66ed6cf,screenshot-8ced0d98-deff-46be-8c62-24a66338a8b5,,2025-11-12T07:16:35.240Z,556.6034762575011,484.2513855366258,0,0,,,screenshots/screen_000031.png
69142eb4410888a7b66fa988,68e48f1a803e577b1177152e,6912a59f410888a7b66ed6cf,screenshot-8ced0d98-deff-46be-8c62-24a66338a8b5,,2025-11-12T07:16:35.353Z,566.4372517958304,464.47220470581703,0,0,,,screenshots/screen_000031.png
69142eb4410888a7b66fa988,68e48f1a803e577b1177152e,6912a59f410888a7b66ed6cf,screenshot-8ced0d98-deff-46be-8c62-24a66338a8b5,,2025-11-12T07:16:35.481Z,532.507413739746,473.5439704213968,0,0,,,screenshots/screen_000031.png
69142eb4410888a7b66fa988,68e48f1a803e577b1177152e,6912a59f410888a7b66ed6cf,screenshot-8ced0d98-deff-46be-8c62-24a66338a8b5,,2025-11-12T07:16:35.612Z,534.079295204577,474.37512151876257,0,0,,,screenshots/screen_000031.png
69142eb4410888a7b66fa988,68e48f1a803e577b1177152e,6912a59f410888a7b66ed6cf,screenshot-8ced0d98-deff-46be-8c62-24a66338a8b5,,2025-11-12T07:16:35.738Z,534.9338014467224,447.92180832419854,0,0,,,screenshots/screen_000031.png
69142eb4410888a7b66fa988,68e48f1a803e577b1177152e,6912a59f410888a7b66ed6cf,screenshot-8ced0d98-deff-46be-8c62-24a66338a8b5,,2025-11-12T07:16:35.852Z,544.9961876337494,439.096702756302,0,0,,,screenshots/screen_000031.png
69142eb4410888a7b66fa988,68e48f1a803e577b1177152e,6912a59f410888a7b66ed6cf,screenshot-8ced0d98-deff-46be-8c62-24a66338a8b5,,2025-11-12T07:16:35.980Z,587.4314472058007,414.2656318182989,0,0,,,screenshots/screen_000031.png
69142eb4410888a7b66fa988,68e48f1a803e577b1177152e,6912a59f410888a7b66ed6cf,screenshot-8ced0d98-deff-46be-8c62-24a66338a8b5,,2025-11-12T07:16:36.085Z,536.3038898089771,467.447554030072,0,0,,,screenshots/screen_000031.png
69142eb4410888a7b66fa988,68e48f1a803e577b1177152e,6912a59f410888a7b66ed6cf,screenshot-8ced0d98-deff-46be-8c62-24a66338a8b5,,2025-11-12T07:16:36.198Z,577.9946048165714,538.770622507042,0,0,,,screenshots/screen_000031.png
69142eb4410888a7b66fa988,68e48f1a803e577b1177152e,6912a59f410888a7b66ed6cf,screenshot-8ced0d98-deff-46be-8c62-24a66338a8b5,,2025-11-12T07:16:36.316Z,702.8018741855394,533.0191202040481,0,0,,,screenshots/screen_000031.png
69142eb4410888a7b66fa988,68e48f1a803e577b1177152e,6912a59f410888a7b66ed6cf,screenshot-8ced0d98-deff-46be-8c62-24a66338a8b5,,2025-11-12T07:16:36.456Z,666.8007782347685,509.3662593166134,0,0,,,screenshots/screen_000031.png
69142eb4410888a7b66fa988,68e48f1a803e577b1177152e,6912a59f410888a7b66ed6cf,screenshot-8ced0d98-deff-46be-8c62-24a66338a8b5,,2025-11-12T07:16:36.558Z,642.6999091081786,480.8438158656636,0,0,,,screenshots/screen_000031.png
69142eb4410888a7b66fa988,68e48f1a803e577b1177152e,6912a59f410888a7b66ed6cf,screenshot-8ced0d98-deff-46be-8c62-24a66338a8b5,,2025-11-12T07:16:36.678Z,528.8434374266122,487.823502863349,0,0,,,screenshots/screen_000031.png
69142eb4410888a7b66fa988,68e48f1a803e577b1177152e,6912a59f410888a7b66ed6cf,screenshot-8ced0d98-deff-46be-8c62-24a66338a8b5,,2025-11-12T07:16:36.779Z,502.3003242431103,479.80960641142576,0,0,,,screenshots/screen_000031.png
69142eb4410888a7b66fa988,68e48f1a803e577b1177152e,6912a59f410888a7b66ed6cf,screenshot-8ced0d98-deff-46be-8c62-24a66338a8b5,,2025-11-12T07:16:36.909Z,592.5389226414068,435.4276506174864,0,0,,,screenshots/screen_000031.png
69142eb4410888a7b66fa988,68e48f1a803e577b1177152e,6912a59f410888a7b66ed6cf,screenshot-8ced0d98-deff-46be-8c62-24a66338a8b5,,2025-11-12T07:16:37.014Z,701.3885781243254,407.43795993683614,0,0,,,screenshots/screen_000031.png
69142eb4410888a7b66fa988,68e48f1a803e577b1177152e,6912a59f410888a7b66ed6cf,screenshot-8ced0d98-deff-46be-8c62-24a66338a8b5,,2025-11-12T07:16:37.131Z,771.3929322108438,352.8128511815495,0,0,,,screenshots/screen_000031.png
69142eb4410888a7b66fa988,68e48f1a803e577b1177152e,6912a59f410888a7b66ed6cf,screenshot-8ced0d98-deff-46be-8c62-24a66338a8b5,,2025-11-12T07:16:37.237Z,762.0423704830023,346.3369146550098,0,0,,,screenshots/screen_000031.png
69142eb4410888a7b66fa988,68e48f1a803e577b1177152e,6912a59f410888a7b66ed6cf,screenshot-8ced0d98-deff-46be-8c62-24a66338a8b5,,2025-11-12T07:16:37.344Z,832.7295540144925,295.9857046190254,0,0,,,screenshots/screen_000031.png
69142eb4410888a7b66fa988,68e48f1a803e577b1177152e,6912a59f410888a7b66ed6cf,screenshot-8ced0d98-deff-46be-8c62-24a66338a8b5,,2025-11-12T07:16:37.448Z,847.7108001208471,262.8842331166473,0,0,,,screenshots/screen_000031.png
69142eb4410888a7b66fa988,68e48f1a803e577b1177152e,6912a59f410888a7b66ed6cf,screenshot-8ced0d98-deff-46be-8c62-24a66338a8b5,,2025-11-12T07:16:37.547Z,910.7875526684842,215.22152123077032,0,0,,,screenshots/screen_000031.png
69142eb4410888a7b66fa988,68e48f1a803e577b1177152e,6912a59f410888a7b66ed6cf,screenshot-8ced0d98-deff-46be-8c62-24a66338a8b5,,2025-11-12T07:16:37.648Z,972.2957798761058,229.21495939261436,0,0,,,screenshots/screen_000031.png
69142eb4410888a7b66fa988,68e48f1a803e577b1177152e,6912a59f410888a7b66ed6cf,screenshot-8ced0d98-deff-46be-8c62-24a66338a8b5,,2025-11-12T07:16:37.765Z,978.4410017410684,216.49507166298275,0,0,,,screenshots/screen_000031.png
69142eb4410888a7b66fa988,68e48f1a803e577b1177152e,6912a59f410888a7b66ed6cf,screenshot-8ced0d98-deff-46be-8c62-24a66338a8b5,,2025-11-12T07:16:37.914Z,1057.4035752299303,212.32670855857154,0,0,,,screenshots/screen_000031.png
69142eb4410888a7b66fa988,68e48f1a803e577b1177152e,6912a59f410888a7b66ed6cf,screenshot-8ced0d98-deff-46be-8c62-24a66338a8b5,,2025-11-12T07:16:38.018Z,1041.730932641789,222.90074814811123,0,0,,,screenshots/screen_000031.png
69142eb4410888a7b66fa988,68e48f1a803e577b1177152e,6912a59f410888a7b66ed6cf,screenshot-8ced0d98-deff-46be-8c62-24a66338a8b5,,2025-11-12T07:16:38.149Z,1002.3837157174495,258.8490824517726,0,0,,,screenshots/screen_000031.png
69142eb4410888a7b66fa988,68e48f1a803e577b1177152e,6912a59f410888a7b66ed6cf,screenshot-8ced0d98-deff-46be-8c62-24a66338a8b5,,2025-11-12T07:16:38.250Z,953.5119638904321,275.60475608664456,0,0,,,screenshots/screen_000031.png
69142eb4410888a7b66fa988,68e48f1a803e577b1177152e,6912a59f410888a7b66ed6cf,screenshot-8ced0d98-deff-46be-8c62-24a66338a8b5,,2025-11-12T07:16:38.383Z,887.7767114951943,294.85766965572634,0,0,,,screenshots/screen_000031.png
69142eb4410888a7b66fa988,68e48f1a803e577b1177152e,6912a59f410888a7b66ed6cf,screenshot-8ced0d98-deff-46be-8c62-24a66338a8b5,,2025-11-12T07:16:38.486Z,790.0233866256848,320.8377417537931,0,0,,,screenshots/screen_000031.png
69142eb4410888a7b66fa988,68e48f1a803e577b1177152e,6912a59f410888a7b66ed6cf,screenshot-8ced0d98-deff-46be-8c62-24a66338a8b5,,2025-11-12T07:16:38.578Z,738.5599622200751,352.70487227877504,0,0,,,screenshots/screen_000031.png
69142eb4410888a7b66fa988,68e48f1a803e577b1177152e,6912a59f410888a7b66ed6cf,screenshot-8ced0d98-deff-46be-8c62-24a66338a8b5,,2025-11-12T07:16:38.680Z,769.419579965728,338.3863956048843,0,0,,,screenshots/screen_000031.png
69142eb4410888a7b66fa988,68e48f1a803e577b1177152e,6912a59f410888a7b66ed6cf,screenshot-8ced0d98-deff-46be-8c62-24a66338a8b5,,2025-11-12T07:16:38.783Z,761.1877146472955,366.53711411552825,0,0,,,screenshots/screen_000031.png
69142eb4410888a7b66fa988,68e48f1a803e577b1177152e,6912a59f410888a7b66ed6cf,screenshot-8ced0d98-deff-46be-8c62-24a66338a8b5,,2025-11-12T07:16:38.888Z,768.561634862348,335.3961828714742,0,0,,,screenshots/screen_000031.png
69142eb4410888a7b66fa988,68e48f1a803e577b1177152e,6912a59f410888a7b66ed6cf,screenshot-8ced0d98-deff-46be-8c62-24a66338a8b5,,2025-11-12T07:16:38.983Z,832.5532621797767,338.7951191998002,0,0,,,screenshots/screen_000031.png
69142eb4410888a7b66fa988,68e48f1a803e577b1177152e,6912a59f410888a7b66ed6cf,screenshot-8ced0d98-deff-46be-8c62-24a66338a8b5,,2025-11-12T07:16:39.084Z,878.3741312826853,318.8437421911767,0,0,,,screenshots/screen_000031.png
69142eb4410888a7b66fa988,68e48f1a803e577b1177152e,6912a59f410888a7b66ed6cf,screenshot-8ced0d98-deff-46be-8c62-24a66338a8b5,,2025-11-12T07:16:39.178Z,884.9890746818196,327.9785718434393,0,0,,,screenshots/screen_000031.png
69142eb4410888a7b66fa988,68e48f1a803e577b1177152e,6912a59f410888a7b66ed6cf,screenshot-8ced0d98-deff-46be-8c62-24a66338a8b5,,2025-11-12T07:16:39.287Z,878.7221012788945,352.5440151418861,0,0,,,screenshots/screen_000031.png
69142eb4410888a7b66fa988,68e48f1a803e577b1177152e,6912a59f410888a7b66ed6cf,screenshot-8ced0d98-deff-46be-8c62-24a66338a8b5,,2025-11-12T07:16:39.907Z,904.4516720077127,365.72383174625486,0,0,,,screenshots/screen_000031.png
69142eb4410888a7b66fa988,68e48f1a803e577b1177152e,6912a59f410888a7b66ed6cf,screenshot-8ced0d98-deff-46be-8c62-24a66338a8b5,,2025-11-12T07:16:40.506Z,929.6142244401622,338.4659492318824,0,0,,,screenshots/screen_000031.png
69142eb4410888a7b66fa988,68e48f1a803e577b1177152e,6912a59f410888a7b66ed6cf,screenshot-8ced0d98-deff-46be-8c62-24a66338a8b5,,2025-11-12T07:16:40.684Z,927.7827417521894,380.59288267756176,0,0,,,screenshots/screen_000031.png
69142eb4410888a7b66fa988,68e48f1a803e577b1177152e,6912a59f410888a7b66ed6cf,screenshot-8ced0d98-deff-46be-8c62-24a66338a8b5,,2025-11-12T07:16:40.859Z,884.6669127451831,400.60408865658866,0,0,,,screenshots/screen_000031.png
69142eb4410888a7b66fa988,68e48f1a803e577b1177152e,6912a59f410888a7b66ed6cf,screenshot-8ced0d98-deff-46be-8c62-24a66338a8b5,,2025-11-12T07:16:40.966Z,797.7785431087285,444.82505169432125,0,0,,,screenshots/screen_000031.png
69142eb4410888a7b66fa988,68e48f1a803e577b1177152e,6912a59f410888a7b66ed6cf,screenshot-8ced0d98-deff-46be-8c62-24a66338a8b5,,2025-11-12T07:16:41.076Z,751.2525331621217,456.0153785682732,0,0,,,screenshots/screen_000031.png
69142eb4410888a7b66fa988,68e48f1a803e577b1177152e,6912a59f410888a7b66ed6cf,screenshot-8ced0d98-deff-46be-8c62-24a66338a8b5,,2025-11-12T07:16:41.194Z,667.7704998607268,481.7169910138722,0,0,,,screenshots/screen_000031.png
69142eb4410888a7b66fa988,68e48f1a803e577b1177152e,6912a59f410888a7b66ed6cf,screenshot-8ced0d98-deff-46be-8c62-24a66338a8b5,,2025-11-12T07:16:41.293Z,571.5160493197843,501.2257461119764,0,0,,,screenshots/screen_000031.png
69142eb4410888a7b66fa988,68e48f1a803e577b1177152e,6912a59f410888a7b66ed6cf,screenshot-8ced0d98-deff-46be-8c62-24a66338a8b5,,2025-11-12T07:16:41.393Z,541.9492045505748,469.2065271930728,0,0,,,screenshots/screen_000031.png
69142eb4410888a7b66fa988,68e48f1a803e577b1177152e,6912a59f410888a7b66ed6cf,screenshot-8ced0d98-deff-46be-8c62-24a66338a8b5,,2025-11-12T07:16:41.510Z,567.6216722491059,425.5125956447497,0,0,,,screenshots/screen_000031.png
69142eb4410888a7b66fa988,68e48f1a803e577b1177152e,6912a59f410888a7b66ed6cf,screenshot-8ced0d98-deff-46be-8c62-24a66338a8b5,,2025-11-12T07:16:41.624Z,580.701193401406,387.63021101984043,0,0,,,screenshots/screen_000031.png
69142eb4410888a7b66fa988,68e48f1a803e577b1177152e,6912a59f410888a7b66ed6cf,screenshot-8ced0d98-deff-46be-8c62-24a66338a8b5,,2025-11-12T07:16:41.730Z,667.6078126448313,347.20412658867525,0,0,,,screenshots/screen_000031.png
69142eb4410888a7b66fa988,68e48f1a803e577b1177152e,6912a59f410888a7b66ed6cf,screenshot-8ced0d98-deff-46be-8c62-24a66338a8b5,,2025-11-12T07:16:41.828Z,670.025862920327,300.3008796326908,0,0,,,screenshots/screen_000031.png
69142eb4410888a7b66fa988,68e48f1a803e577b1177152e,6912a59f410888a7b66ed6cf,screenshot-2403e9ac-de9a-4d56-be60-5bcadbe6091d,,2025-11-12T07:16:42.143Z,702.376084557284,250.6684814273077,0,0,,,screenshots/screen_000032.png
69142eb4410888a7b66fa988,68e48f1a803e577b1177152e,6912a59f410888a7b66ed6cf,screenshot-2403e9ac-de9a-4d56-be60-5bcadbe6091d,,2025-11-12T07:16:42.239Z,739.1099468278188,232.34273505498908,0,0,,,screenshots/screen_000032.png
69142eb4410888a7b66fa988,68e48f1a803e577b1177152e,6912a59f410888a7b66ed6cf,screenshot-2403e9ac-de9a-4d56-be60-5bcadbe6091d,,2025-11-12T07:16:42.339Z,733.4279498849024,273.86548659441735,0,0,,,screenshots/screen_000032.png
69142eb4410888a7b66fa988,68e48f1a803e577b1177152e,6912a59f410888a7b66ed6cf,screenshot-2403e9ac-de9a-4d56-be60-5bcadbe6091d,,2025-11-12T07:16:42.436Z,730.628681440843,307.4012832216267,0,0,,,screenshots/screen_000032.png
69142eb4410888a7b66fa988,68e48f1a803e577b1177152e,6912a59f410888a7b66ed6cf,screenshot-2403e9ac-de9a-4d56-be60-5bcadbe6091d,,2025-11-12T07:16:42.525Z,716.8947894299675,344.1490351661391,0,0,,,screenshots/screen_000032.png
69142eb4410888a7b66fa988,68e48f1a803e577b1177152e,6912a59f410888a7b66ed6cf,screenshot-2403e9ac-de9a-4d56-be60-5bcadbe6091d,,2025-11-12T07:16:42.633Z,663.1237878609834,372.9757815908195,0,0,,,screenshots/screen_000032.png
69142eb4410888a7b66fa988,68e48f1a803e577b1177152e,6912a59f410888a7b66ed6cf,screenshot-2403e9ac-de9a-4d56-be60-5bcadbe6091d,,2025-11-12T07:16:42.730Z,702.0377576728234,392.0602908149154,0,0,,,screenshots/screen_000032.png
69142eb4410888a7b66fa988,68e48f1a803e577b1177152e,6912a59f410888a7b66ed6cf,screenshot-2403e9ac-de9a-4d56-be60-5bcadbe6091d,,2025-11-12T07:16:42.837Z,717.0338005912629,364.75434152365744,0,0,,,screenshots/screen_000032.png
69142eb4410888a7b66fa988,68e48f1a803e577b1177152e,6912a59f410888a7b66ed6cf,screenshot-2403e9ac-de9a-4d56-be60-5bcadbe6091d,,2025-11-12T07:16:42.932Z,781.3283510028956,306.45852028313817,0,0,,,screenshots/screen_000032.png
69142eb4410888a7b66fa988,68e48f1a803e577b1177152e,6912a59f410888a7b66ed6cf,screenshot-2403e9ac-de9a-4d56-be60-5bcadbe6091d,,2025-11-12T07:16:43.032Z,781.8024726683751,277.14265561859486,0,0,,,screenshots/screen_000032.png
69142eb4410888a7b66fa988,68e48f1a803e577b1177152e,6912a59f410888a7b66ed6cf,screenshot-2403e9ac-de9a-4d56-be60-5bcadbe6091d,,2025-11-12T07:16:43.142Z,828.7880099514572,263.30750460025024,0,0,,,screenshots/screen_000032.png
69142eb4410888a7b66fa988,68e48f1a803e577b1177152e,6912a59f410888a7b66ed6cf,screenshot-2403e9ac-de9a-4d56-be60-5bcadbe6091d,,2025-11-12T07:16:43.239Z,811.8587144297258,252.30423245469316,0,0,,,screenshots/screen_000032.png
69142eb4410888a7b66fa988,68e48f1a803e577b1177152e,6912a59f410888a7b66ed6cf,screenshot-2403e9ac-de9a-4d56-be60-5bcadbe6091d,,2025-11-12T07:16:43.329Z,775.8283931246438,232.79561267500884,0,0,,,screenshots/screen_000032.png
69142eb4410888a7b66fa988,68e48f1a803e577b1177152e,6912a59f410888a7b66ed6cf,screenshot-2403e9ac-de9a-4d56-be60-5bcadbe6091d,,2025-11-12T07:16:43.429Z,733.5343137747025,263.65650001304795,0,0,,,screenshots/screen_000032.png
69142eb4410888a7b66fa988,68e48f1a803e577b1177152e,6912a59f410888a7b66ed6cf,screenshot-2403e9ac-de9a-4d56-be60-5bcadbe6091d,,2025-11-12T07:16:43.532Z,689.062327490701,286.72089815555125,0,0,,,screenshots/screen_000032.png
69142eb4410888a7b66fa988,68e48f1a803e577b1177152e,6912a59f410888a7b66ed6cf,screenshot-2403e9ac-de9a-4d56-be60-5bcadbe6091d,,2025-11-12T07:16:43.630Z,680.419818930571,293.80449912223304,0,0,,,screenshots/screen_000032.png
69142eb4410888a7b66fa988,68e48f1a803e577b1177152e,6912a59f410888a7b66ed6cf,screenshot-2403e9ac-de9a-4d56-be60-5bcadbe6091d,,2025-11-12T07:16:43.732Z,659.4848629899421,294.41755867626944,0,0,,,screenshots/screen_000032.png
69142eb4410888a7b66fa988,68e48f1a803e577b1177152e,6912a59f410888a7b66ed6cf,screenshot-2403e9ac-de9a-4d56-be60-5bcadbe6091d,,2025-11-12T07:16:43.837Z,515.8043273862905,363.989032482452,0,0,,,screenshots/screen_000032.png
69142eb4410888a7b66fa988,68e48f1a803e577b1177152e,6912a59f410888a7b66ed6cf,screenshot-2403e9ac-de9a-4d56-be60-5bcadbe6091d,,2025-11-12T07:16:43.940Z,596.4430777018014,381.7279502930288,0,0,,,screenshots/screen_000032.png
69142eb4410888a7b66fa988,68e48f1a803e577b1177152e,6912a59f410888a7b66ed6cf,screenshot-2403e9ac-de9a-4d56-be60-5bcadbe6091d,,2025-11-12T07:16:44.037Z,598.8638442129243,437.20244439982565,0,0,,,screenshots/screen_000032.png
69142eb4410888a7b66fa988,68e48f1a803e577b1177152e,6912a59f410888a7b66ed6cf,screenshot-2403e9ac-de9a-4d56-be60-5bcadbe6091d,,2025-11-12T07:16:44.138Z,633.4029129804699,448.4767704077711,0,0,,,screenshots/screen_000032.png
69142eb4410888a7b66fa988,68e48f1a803e577b1177152e,6912a59f410888a7b66ed6cf,screenshot-2403e9ac-de9a-4d56-be60-5bcadbe6091d,,2025-11-12T07:16:44.266Z,627.9599303819343,449.1838581775705,0,0,,,screenshots/screen_000032.png
69142eb4410888a7b66fa988,68e48f1a803e577b1177152e,6912a59f410888a7b66ed6cf,screenshot-2403e9ac-de9a-4d56-be60-5bcadbe6091d,,2025-11-12T07:16:44.376Z,640.3526085687772,418.2607431522522,0,0,,,screenshots/screen_000032.png
69142eb4410888a7b66fa988,68e48f1a803e577b1177152e,6912a59f410888a7b66ed6cf,screenshot-2403e9ac-de9a-4d56-be60-5bcadbe6091d,,2025-11-12T07:16:44.475Z,641.7459705852683,381.9327550494732,0,0,,,screenshots/screen_000032.png
69142eb4410888a7b66fa988,68e48f1a803e577b1177152e,6912a59f410888a7b66ed6cf,screenshot-2403e9ac-de9a-4d56-be60-5bcadbe6091d,,2025-11-12T07:16:44.576Z,754.1530703531317,342.30947729855563,0,0,,,screenshots/screen_000032.png
69142eb4410888a7b66fa988,68e48f1a803e577b1177152e,6912a59f410888a7b66ed6cf,screenshot-2403e9ac-de9a-4d56-be60-5bcadbe6091d,,2025-11-12T07:16:44.678Z,752.5338580630348,331.7802243241197,0,0,,,screenshots/screen_000032.png
69142eb4410888a7b66fa988,68e48f1a803e577b1177152e,6912a59f410888a7b66ed6cf,screenshot-2403e9ac-de9a-4d56-be60-5bcadbe6091d,,2025-11-12T07:16:44.780Z,756.2197695985398,339.34664752746517,0,0,,,screenshots/screen_000032.png
69142eb4410888a7b66fa988,68e48f1a803e577b1177152e,6912a59f410888a7b66ed6cf,screenshot-2403e9ac-de9a-4d56-be60-5bcadbe6091d,,2025-11-12T07:16:44.875Z,767.8474110901686,311.0919910491177,0,0,,,screenshots/screen_000032.png
69142eb4410888a7b66fa988,68e48f1a803e577b1177152e,6912a59f410888a7b66ed6cf,screenshot-2403e9ac-de9a-4d56-be60-5bcadbe6091d,,2025-11-12T07:16:44.976Z,782.9810001636755,306.33829001424317,0,0,,,screenshots/screen_000032.png
69142eb4410888a7b66fa988,68e48f1a803e577b1177152e,6912a59f410888a7b66ed6cf,screenshot-2403e9ac-de9a-4d56-be60-5bcadbe6091d,,2025-11-12T07:16:45.072Z,768.9016215907949,276.43631838604995,0,0,,,screenshots/screen_000032.png
69142eb4410888a7b66fa988,68e48f1a803e577b1177152e,6912a59f410888a7b66ed6cf,screenshot-2403e9ac-de9a-4d56-be60-5bcadbe6091d,,2025-11-12T07:16:45.176Z,739.0894605003375,277.19412898438725,0,0,,,screenshots/screen_000032.png
69142eb4410888a7b66fa988,68e48f1a803e577b1177152e,6912a59f410888a7b66ed6cf,screenshot-2403e9ac-de9a-4d56-be60-5bcadbe6091d,,2025-11-12T07:16:45.828Z,746.0748867011831,275.6117267329228,0,0,,,screenshots/screen_000032.png
69142eb4410888a7b66fa988,68e48f1a803e577b1177152e,6912a59f410888a7b66ed6cf,screenshot-2403e9ac-de9a-4d56-be60-5bcadbe6091d,,2025-11-12T07:16:46.447Z,685.0040603402852,306.9204356652821,0,0,,,screenshots/screen_000032.png
69142eb4410888a7b66fa988,68e48f1a803e577b1177152e,6912a59f410888a7b66ed6cf,screenshot-2403e9ac-de9a-4d56-be60-5bcadbe6091d,,2025-11-12T07:16:46.665Z,689.2762193440957,316.3385130761028,0,0,,,screenshots/screen_000032.png
69142eb4410888a7b66fa988,68e48f1a803e577b1177152e,6912a59f410888a7b66ed6cf,screenshot-2403e9ac-de9a-4d56-be60-5bcadbe6091d,,2025-11-12T07:16:46.770Z,555.9798093888337,321.40576074889134,0,0,,,screenshots/screen_000032.png
69142eb4410888a7b66fa988,68e48f1a803e577b1177152e,6912a59f410888a7b66ed6cf,screenshot-2403e9ac-de9a-4d56-be60-5bcadbe6091d,,2025-11-12T07:16:46.885Z,466.7795396995645,373.62113409353856,0,0,,,screenshots/screen_000032.png
69142eb4410888a7b66fa988,68e48f1a803e577b1177152e,6912a59f410888a7b66ed6cf,screenshot-2403e9ac-de9a-4d56-be60-5bcadbe6091d,,2025-11-12T07:16:47.044Z,321.96814390025537,463.21087702162396,0,0,,,screenshots/screen_000032.png
69142eb4410888a7b66fa988,68e48f1a803e577b1177152e,6912a59f410888a7b66ed6cf,screenshot-2403e9ac-de9a-4d56-be60-5bcadbe6091d,,2025-11-12T07:16:47.154Z,264.98430513830584,487.64533915887756,0,0,,,screenshots/screen_000032.png
69142eb4410888a7b66fa988,68e48f1a803e577b1177152e,6912a59f410888a7b66ed6cf,screenshot-2403e9ac-de9a-4d56-be60-5bcadbe6091d,,2025-11-12T07:16:47.264Z,137.96558271681275,585.1364344391881,0,0,,,screenshots/screen_000032.png
69142eb4410888a7b66fa988,68e48f1a803e577b1177152e,6912a59f410888a7b66ed6cf,screenshot-2403e9ac-de9a-4d56-be60-5bcadbe6091d,,2025-11-12T07:16:47.386Z,118.49569434259874,586.0624307955414,0,0,,,screenshots/screen_000032.png
69142eb4410888a7b66fa988,68e48f1a803e577b1177152e,6912a59f410888a7b66ed6cf,screenshot-2403e9ac-de9a-4d56-be60-5bcadbe6091d,,2025-11-12T07:16:47.487Z,265.26716189114865,555.6953244933312,0,0,,,screenshots/screen_000032.png
69142eb4410888a7b66fa988,68e48f1a803e577b1177152e,6912a59f410888a7b66ed6cf,screenshot-2403e9ac-de9a-4d56-be60-5bcadbe6091d,,2025-11-12T07:16:47.586Z,367.57364246973833,542.1905425815112,0,0,,,screenshots/screen_000032.png
69142eb4410888a7b66fa988,68e48f1a803e577b1177152e,6912a59f410888a7b66ed6cf,screenshot-2403e9ac-de9a-4d56-be60-5bcadbe6091d,,2025-11-12T07:16:47.681Z,499.8279986917231,542.1762838857928,0,0,,,screenshots/screen_000032.png
69142eb4410888a7b66fa988,68e48f1a803e577b1177152e,6912a59f410888a7b66ed6cf,screenshot-2403e9ac-de9a-4d56-be60-5bcadbe6091d,,2025-11-12T07:16:47.811Z,603.2874313307017,512.0452566358148,0,0,,,screenshots/screen_000032.png
69142eb4410888a7b66fa988,68e48f1a803e577b1177152e,6912a59f410888a7b66ed6cf,screenshot-2403e9ac-de9a-4d56-be60-5bcadbe6091d,,2025-11-12T07:16:47.923Z,633.3341603839237,475.3982866739939,0,0,,,screenshots/screen_000032.png
69142eb4410888a7b66fa988,68e48f1a803e577b1177152e,6912a59f410888a7b66ed6cf,screenshot-2403e9ac-de9a-4d56-be60-5bcadbe6091d,,2025-11-12T07:16:48.058Z,601.0405921279001,444.13410860181955,0,0,,,screenshots/screen_000032.png
69142eb4410888a7b66fa988,68e48f1a803e577b1177152e,6912a59f410888a7b66ed6cf,screenshot-1ad558a1-75ee-4949-b305-f7dead187dff,,2025-11-12T07:16:48.279Z,583.5285047897883,469.13434442067205,0,0,,,screenshots/screen_000033.png
69142eb4410888a7b66fa988,68e48f1a803e577b1177152e,6912a59f410888a7b66ed6cf,screenshot-1ad558a1-75ee-4949-b305-f7dead187dff,,2025-11-12T07:16:48.387Z,598.6501794623863,390.39083602830385,0,0,,,screenshots/screen_000033.png
69142eb4410888a7b66fa988,68e48f1a803e577b1177152e,6912a59f410888a7b66ed6cf,screenshot-1ad558a1-75ee-4949-b305-f7dead187dff,,2025-11-12T07:16:48.487Z,567.4597032890508,370.71180948427997,0,0,,,screenshots/screen_000033.png
69142eb4410888a7b66fa988,68e48f1a803e577b1177152e,6912a59f410888a7b66ed6cf,screenshot-1ad558a1-75ee-4949-b305-f7dead187dff,,2025-11-12T07:16:48.589Z,513.3032844810887,415.37705309506,0,0,,,screenshots/screen_000033.png
69142eb4410888a7b66fa988,68e48f1a803e577b1177152e,6912a59f410888a7b66ed6cf,screenshot-1ad558a1-75ee-4949-b305-f7dead187dff,,2025-11-12T07:16:48.689Z,466.5077997614606,395.76621823965144,0,0,,,screenshots/screen_000033.png
69142eb4410888a7b66fa988,68e48f1a803e577b1177152e,6912a59f410888a7b66ed6cf,screenshot-1ad558a1-75ee-4949-b305-f7dead187dff,,2025-11-12T07:16:48.789Z,443.18876220533383,400.6104762087919,0,0,,,screenshots/screen_000033.png
69142eb4410888a7b66fa988,68e48f1a803e577b1177152e,6912a59f410888a7b66ed6cf,screenshot-1ad558a1-75ee-4949-b305-f7dead187dff,,2025-11-12T07:16:48.891Z,476.6618530904508,381.73272502212944,0,0,,,screenshots/screen_000033.png
69142eb4410888a7b66fa988,68e48f1a803e577b1177152e,6912a59f410888a7b66ed6cf,screenshot-1ad558a1-75ee-4949-b305-f7dead187dff,,2025-11-12T07:16:48.990Z,456.02666955953634,346.1473730457999,0,0,,,screenshots/screen_000033.png
69142eb4410888a7b66fa988,68e48f1a803e577b1177152e,6912a59f410888a7b66ed6cf,screenshot-1ad558a1-75ee-4949-b305-f7dead187dff,,2025-11-12T07:16:49.091Z,438.3414264518049,370.3927044657908,0,0,,,screenshots/screen_000033.png
69142eb4410888a7b66fa988,68e48f1a803e577b1177152e,6912a59f410888a7b66ed6cf,screenshot-1ad558a1-75ee-4949-b305-f7dead187dff,,2025-11-12T07:16:49.194Z,488.0625046564386,352.01354487202974,0,0,,,screenshots/screen_000033.png
69142eb4410888a7b66fa988,68e48f1a803e577b1177152e,6912a59f410888a7b66ed6cf,screenshot-1ad558a1-75ee-4949-b305-f7dead187dff,,2025-11-12T07:16:49.328Z,559.129541610222,293.12658568591047,0,0,,,screenshots/screen_000033.png
69142eb4410888a7b66fa988,68e48f1a803e577b1177152e,6912a59f410888a7b66ed6cf,screenshot-1ad558a1-75ee-4949-b305-f7dead187dff,,2025-11-12T07:16:49.425Z,644.1995247193873,241.36206478004667,0,0,,,screenshots/screen_000033.png
69142eb4410888a7b66fa988,68e48f1a803e577b1177152e,6912a59f410888a7b66ed6cf,screenshot-1ad558a1-75ee-4949-b305-f7dead187dff,,2025-11-12T07:16:49.528Z,735.2503619606633,193.63212446901966,0,0,,,screenshots/screen_000033.png
69142eb4410888a7b66fa988,68e48f1a803e577b1177152e,6912a59f410888a7b66ed6cf,screenshot-1ad558a1-75ee-4949-b305-f7dead187dff,,2025-11-12T07:16:49.623Z,751.6022554476696,160.67098742836828,0,0,,,screenshots/screen_000033.png
69142eb4410888a7b66fa988,68e48f1a803e577b1177152e,6912a59f410888a7b66ed6cf,screenshot-1ad558a1-75ee-4949-b305-f7dead187dff,,2025-11-12T07:16:49.729Z,808.7557287661699,132.07531628586628,0,0,,,screenshots/screen_000033.png
69142eb4410888a7b66fa988,68e48f1a803e577b1177152e,6912a59f410888a7b66ed6cf,screenshot-1ad558a1-75ee-4949-b305-f7dead187dff,,2025-11-12T07:16:49.825Z,819.4641758453648,124.07115343225543,0,0,,,screenshots/screen_000033.png
69142eb4410888a7b66fa988,68e48f1a803e577b1177152e,6912a59f410888a7b66ed6cf,screenshot-1ad558a1-75ee-4949-b305-f7dead187dff,,2025-11-12T07:16:49.918Z,842.5727796988632,113.45474630740995,0,0,,,screenshots/screen_000033.png
69142eb4410888a7b66fa988,68e48f1a803e577b1177152e,6912a59f410888a7b66ed6cf,screenshot-1ad558a1-75ee-4949-b305-f7dead187dff,,2025-11-12T07:16:50.027Z,910.3779960237082,106.05806851829169,0,0,,,screenshots/screen_000033.png
69142eb4410888a7b66fa988,68e48f1a803e577b1177152e,6912a59f410888a7b66ed6cf,screenshot-1ad558a1-75ee-4949-b305-f7dead187dff,,2025-11-12T07:16:50.160Z,909.5175548641047,59.2968203167692,0,0,,,screenshots/screen_000033.png
69142eb4410888a7b66fa988,68e48f1a803e577b1177152e,6912a59f410888a7b66ed6cf,screenshot-1ad558a1-75ee-4949-b305-f7dead187dff,,2025-11-12T07:16:50.261Z,948.0437080099655,54.20441703802719,0,0,,,screenshots/screen_000033.png
69142eb4410888a7b66fa988,68e48f1a803e577b1177152e,6912a59f410888a7b66ed6cf,screenshot-1ad558a1-75ee-4949-b305-f7dead187dff,,2025-11-12T07:16:50.357Z,925.6538086308161,58.295273144966465,0,0,,,screenshots/screen_000033.png
69142eb4410888a7b66fa988,68e48f1a803e577b1177152e,6912a59f410888a7b66ed6cf,screenshot-1ad558a1-75ee-4949-b305-f7dead187dff,,2025-11-12T07:16:50.463Z,934.298485808155,41.60922721553071,0,0,,,screenshots/screen_000033.png
69142eb4410888a7b66fa988,68e48f1a803e577b1177152e,6912a59f410888a7b66ed6cf,screenshot-1ad558a1-75ee-4949-b305-f7dead187dff,,2025-11-12T07:16:50.560Z,939.0834621730509,64.67855320540399,0,0,,,screenshots/screen_000033.png
69142eb4410888a7b66fa988,68e48f1a803e577b1177152e,6912a59f410888a7b66ed6cf,screenshot-1ad558a1-75ee-4949-b305-f7dead187dff,,2025-11-12T07:16:50.660Z,840.0645941931542,118.3936778651716,0,0,,,screenshots/screen_000033.png
69142eb4410888a7b66fa988,68e48f1a803e577b1177152e,6912a59f410888a7b66ed6cf,screenshot-1ad558a1-75ee-4949-b305-f7dead187dff,,2025-11-12T07:16:50.763Z,763.7860218331491,168.9515863804515,0,0,,,screenshots/screen_000033.png
69142eb4410888a7b66fa988,68e48f1a803e577b1177152e,6912a59f410888a7b66ed6cf,screenshot-1ad558a1-75ee-4949-b305-f7dead187dff,,2025-11-12T07:16:50.879Z,657.0034016708822,222.79631117172121,0,0,,,screenshots/screen_000033.png
69142eb4410888a7b66fa988,68e48f1a803e577b1177152e,6912a59f410888a7b66ed6cf,screenshot-1ad558a1-75ee-4949-b305-f7dead187dff,,2025-11-12T07:16:50.992Z,626.0942308056997,248.98343782288765,0,0,,,screenshots/screen_000033.png
69142eb4410888a7b66fa988,68e48f1a803e577b1177152e,6912a59f410888a7b66ed6cf,screenshot-1ad558a1-75ee-4949-b305-f7dead187dff,,2025-11-12T07:16:51.097Z,643.5059011572023,226.7813823179278,0,0,,,screenshots/screen_000033.png
69142eb4410888a7b66fa988,68e48f1a803e577b1177152e,6912a59f410888a7b66ed6cf,screenshot-1ad558a1-75ee-4949-b305-f7dead187dff,,2025-11-12T07:16:51.194Z,543.4780449326712,255.10094558615748,0,0,,,screenshots/screen_000033.png
69142eb4410888a7b66fa988,68e48f1a803e577b1177152e,6912a59f410888a7b66ed6cf,screenshot-1ad558a1-75ee-4949-b305-f7dead187dff,,2025-11-12T07:16:51.297Z,534.7226499225295,242.47066045429645,0,0,,,screenshots/screen_000033.png
69142eb4410888a7b66fa988,68e48f1a803e577b1177152e,6912a59f410888a7b66ed6cf,screenshot-1ad558a1-75ee-4949-b305-f7dead187dff,,2025-11-12T07:16:51.418Z,574.0307922380215,260.41198259855076,0,0,,,screenshots/screen_000033.png
69142eb4410888a7b66fa988,68e48f1a803e577b1177152e,6912a59f410888a7b66ed6cf,screenshot-1ad558a1-75ee-4949-b305-f7dead187dff,,2025-11-12T07:16:51.525Z,515.6129816675441,323.8762960125772,0,0,,,screenshots/screen_000033.png
69142eb4410888a7b66fa988,68e48f1a803e577b1177152e,6912a59f410888a7b66ed6cf,screenshot-1ad558a1-75ee-4949-b305-f7dead187dff,,2025-11-12T07:16:51.627Z,476.09532557435153,364.9025199908117,0,0,,,screenshots/screen_000033.png
69142eb4410888a7b66fa988,68e48f1a803e577b1177152e,6912a59f410888a7b66ed6cf,screenshot-1ad558a1-75ee-4949-b305-f7dead187dff,,2025-11-12T07:16:51.733Z,481.8541812547264,408.2005456740177,0,0,,,screenshots/screen_000033.png
69142eb4410888a7b66fa988,68e48f1a803e577b1177152e,6912a59f410888a7b66ed6cf,screenshot-1ad558a1-75ee-4949-b305-f7dead187dff,,2025-11-12T07:16:51.832Z,479.2491391870426,429.22796356586724,0,0,,,screenshots/screen_000033.png
69142eb4410888a7b66fa988,68e48f1a803e577b1177152e,6912a59f410888a7b66ed6cf,screenshot-1ad558a1-75ee-4949-b305-f7dead187dff,,2025-11-12T07:16:51.961Z,433.6540974136774,530.4149528745579,0,0,,,screenshots/screen_000033.png
69142eb4410888a7b66fa988,68e48f1a803e577b1177152e,6912a59f410888a7b66ed6cf,screenshot-1ad558a1-75ee-4949-b305-f7dead187dff,,2025-11-12T07:16:52.067Z,550.627495338369,578.8929817317974,0,0,,,screenshots/screen_000033.png
69142eb4410888a7b66fa988,68e48f1a803e577b1177152e,6912a59f410888a7b66ed6cf,screenshot-1ad558a1-75ee-4949-b305-f7dead187dff,,2025-11-12T07:16:52.186Z,656.5420227424718,612.4102629347469,0,0,,,screenshots/screen_000033.png
69142eb4410888a7b66fa988,68e48f1a803e577b1177152e,6912a59f410888a7b66ed6cf,screenshot-1ad558a1-75ee-4949-b305-f7dead187dff,,2025-11-12T07:16:52.315Z,818.4759919355863,593.4784607828325,0,0,,,screenshots/screen_000033.png
69142eb4410888a7b66fa988,68e48f1a803e577b1177152e,6912a59f410888a7b66ed6cf,screenshot-1ad558a1-75ee-4949-b305-f7dead187dff,,2025-11-12T07:16:52.415Z,822.8477188983375,538.9344294957427,0,0,,,screenshots/screen_000033.png
69142eb4410888a7b66fa988,68e48f1a803e577b1177152e,6912a59f410888a7b66ed6cf,screenshot-1ad558a1-75ee-4949-b305-f7dead187dff,,2025-11-12T07:16:52.513Z,770.6131872583917,501.13248884923723,0,0,,,screenshots/screen_000033.png
69142eb4410888a7b66fa988,68e48f1a803e577b1177152e,6912a59f410888a7b66ed6cf,screenshot-1ad558a1-75ee-4949-b305-f7dead187dff,,2025-11-12T07:16:52.611Z,882.8090211847392,445.20978841778094,0,0,,,screenshots/screen_000033.png
69142eb4410888a7b66fa988,68e48f1a803e577b1177152e,6912a59f410888a7b66ed6cf,screenshot-1ad558a1-75ee-4949-b305-f7dead187dff,,2025-11-12T07:16:52.707Z,897.7755087081534,430.02049769011063,0,0,,,screenshots/screen_000033.png
69142eb4410888a7b66fa988,68e48f1a803e577b1177152e,6912a59f410888a7b66ed6cf,screenshot-1ad558a1-75ee-4949-b305-f7dead187dff,,2025-11-12T07:16:52.807Z,858.8768973921827,445.304500839429,0,0,,,screenshots/screen_000033.png
69142eb4410888a7b66fa988,68e48f1a803e577b1177152e,6912a59f410888a7b66ed6cf,screenshot-1ad558a1-75ee-4949-b305-f7dead187dff,,2025-11-12T07:16:52.900Z,927.0864249924401,428.3561345763352,0,0,,,screenshots/screen_000033.png
69142eb4410888a7b66fa988,68e48f1a803e577b1177152e,6912a59f410888a7b66ed6cf,screenshot-1ad558a1-75ee-4949-b305-f7dead187dff,,2025-11-12T07:16:53.006Z,1050.879290191866,446.5000733728672,0,0,,,screenshots/screen_000033.png
69142eb4410888a7b66fa988,68e48f1a803e577b1177152e,6912a59f410888a7b66ed6cf,screenshot-1ad558a1-75ee-4949-b305-f7dead187dff,,2025-11-12T07:16:53.101Z,1020.6237304717516,470.4065924169368,0,0,,,screenshots/screen_000033.png
69142eb4410888a7b66fa988,68e48f1a803e577b1177152e,6912a59f410888a7b66ed6cf,screenshot-1ad558a1-75ee-4949-b305-f7dead187dff,,2025-11-12T07:16:53.204Z,986.5524098585464,459.0661885822462,0,0,,,screenshots/screen_000033.png
69142eb4410888a7b66fa988,68e48f1a803e577b1177152e,6912a59f410888a7b66ed6cf,screenshot-1ad558a1-75ee-4949-b305-f7dead187dff,,2025-11-12T07:16:53.306Z,909.8919051402364,411.33803901333835,0,0,,,screenshots/screen_000033.png
69142eb4410888a7b66fa988,68e48f1a803e577b1177152e,6912a59f410888a7b66ed6cf,screenshot-1ad558a1-75ee-4949-b305-f7dead187dff,,2025-11-12T07:16:53.983Z,864.346010982089,419.0382164442985,0,0,,,screenshots/screen_000033.png
69142eb4410888a7b66fa988,68e48f1a803e577b1177152e,6912a59f410888a7b66ed6cf,screenshot-1ad558a1-75ee-4949-b305-f7dead187dff,,2025-11-12T07:16:54.657Z,679.662331193224,454.27196665648245,0,0,,,screenshots/screen_000033.png
69142eb4410888a7b66fa988,68e48f1a803e577b1177152e,6912a59f410888a7b66ed6cf,screenshot-1ad558a1-75ee-4949-b305-f7dead187dff,,2025-11-12T07:16:54.788Z,606.3289862354717,421.0730959796401,0,0,,,screenshots/screen_000033.png
69142eb4410888a7b66fa988,68e48f1a803e577b1177152e,6912a59f410888a7b66ed6cf,screenshot-1ad558a1-75ee-4949-b305-f7dead187dff,,2025-11-12T07:16:54.914Z,432.8868946448175,483.4557387874738,0,0,,,screenshots/screen_000033.png
69142eb4410888a7b66fa988,68e48f1a803e577b1177152e,6912a59f410888a7b66ed6cf,screenshot-1ad558a1-75ee-4949-b305-f7dead187dff,,2025-11-12T07:16:55.040Z,267.4809450172182,516.1885264246196,0,0,,,screenshots/screen_000033.png
69142eb4410888a7b66fa988,68e48f1a803e577b1177152e,6912a59f410888a7b66ed6cf,screenshot-1ad558a1-75ee-4949-b305-f7dead187dff,,2025-11-12T07:16:55.168Z,165.41162521476488,502.18861299999173,0,0,,,screenshots/screen_000033.png
69142eb4410888a7b66fa988,68e48f1a803e577b1177152e,6912a59f410888a7b66ed6cf,screenshot-1ad558a1-75ee-4949-b305-f7dead187dff,,2025-11-12T07:16:55.414Z,238.36955649759864,439.12092455429956,0,0,,,screenshots/screen_000033.png
69142eb4410888a7b66fa988,68e48f1a803e577b1177152e,6912a59f410888a7b66ed6cf,screenshot-1ad558a1-75ee-4949-b305-f7dead187dff,,2025-11-12T07:16:55.590Z,196.51957740541604,449.13188299310906,0,0,,,screenshots/screen_000033.png
69142eb4410888a7b66fa988,68e48f1a803e577b1177152e,6912a59f410888a7b66ed6cf,screenshot-1ad558a1-75ee-4949-b305-f7dead187dff,,2025-11-12T07:16:55.724Z,47.98314580500042,456.492819970401,0,0,,,screenshots/screen_000033.png
69142eb4410888a7b66fa988,68e48f1a803e577b1177152e,6912a59f410888a7b66ed6cf,screenshot-1ad558a1-75ee-4949-b305-f7dead187dff,,2025-11-12T07:16:55.877Z,44.614042814277255,408.76076135934056,0,0,,,screenshots/screen_000033.png
69142eb4410888a7b66fa988,68e48f1a803e577b1177152e,6912a59f410888a7b66ed6cf,screenshot-1ad558a1-75ee-4949-b305-f7dead187dff,,2025-11-12T07:16:56.015Z,117.84833676170075,345.97332241200354,0,0,,,screenshots/screen_000033.png
69142eb4410888a7b66fa988,68e48f1a803e577b1177152e,6912a59f410888a7b66ed6cf,screenshot-1ad558a1-75ee-4949-b305-f7dead187dff,,2025-11-12T07:16:56.119Z,282.5995689647734,263.600471196628,0,0,,,screenshots/screen_000033.png
69142eb4410888a7b66fa988,68e48f1a803e577b1177152e,6912a59f410888a7b66ed6cf,screenshot-1ad558a1-75ee-4949-b305-f7dead187dff,,2025-11-12T07:16:56.222Z,316.9523922132765,207.1292477722331,0,0,,,screenshots/screen_000033.png
69142eb4410888a7b66fa988,68e48f1a803e577b1177152e,6912a59f410888a7b66ed6cf,screenshot-1ad558a1-75ee-4949-b305-f7dead187dff,,2025-11-12T07:16:56.353Z,371.2937106284127,135.5900832068381,0,0,,,screenshots/screen_000033.png
69142eb4410888a7b66fa988,68e48f1a803e577b1177152e,6912a59f410888a7b66ed6cf,screenshot-4b202a79-b3bc-4d89-81c4-8f546c2487f1,,2025-11-12T07:16:56.461Z,292.74009622296995,104.36604501057427,0,0,,,screenshots/screen_000034.png
69142eb4410888a7b66fa988,68e48f1a803e577b1177152e,6912a59f410888a7b66ed6cf,screenshot-4b202a79-b3bc-4d89-81c4-8f546c2487f1,,2025-11-12T07:16:56.565Z,296.8385097528757,72.77336221738237,0,0,,,screenshots/screen_000034.png
69142eb4410888a7b66fa988,68e48f1a803e577b1177152e,6912a59f410888a7b66ed6cf,screenshot-4b202a79-b3bc-4d89-81c4-8f546c2487f1,,2025-11-12T07:16:56.665Z,325.5430450317532,82.38798214419242,0,0,,,screenshots/screen_000034.png
69142eb4410888a7b66fa988,68e48f1a803e577b1177152e,6912a59f410888a7b66ed6cf,screenshot-4b202a79-b3bc-4d89-81c4-8f546c2487f1,,2025-11-12T07:16:56.768Z,294.38975261435735,105.75848543500425,0,0,,,screenshots/screen_000034.png
69142eb4410888a7b66fa988,68e48f1a803e577b1177152e,6912a59f410888a7b66ed6cf,screenshot-4b202a79-b3bc-4d89-81c4-8f546c2487f1,,2025-11-12T07:16:56.873Z,315.70360226895616,123.31208120170533,0,0,,,screenshots/screen_000034.png
69142eb4410888a7b66fa988,68e48f1a803e577b1177152e,6912a59f410888a7b66ed6cf,screenshot-4b202a79-b3bc-4d89-81c4-8f546c2487f1,,2025-11-12T07:16:56.990Z,270.14178034402596,166.71210464919577,0,0,,,screenshots/screen_000034.png
69142eb4410888a7b66fa988,68e48f1a803e577b1177152e,6912a59f410888a7b66ed6cf,screenshot-4b202a79-b3bc-4d89-81c4-8f546c2487f1,,2025-11-12T07:16:57.099Z,335.85487243115205,180.4004443827082,0,0,,,screenshots/screen_000034.png
69142eb4410888a7b66fa988,68e48f1a803e577b1177152e,6912a59f410888a7b66ed6cf,screenshot-4b202a79-b3bc-4d89-81c4-8f546c2487f1,,2025-11-12T07:16:57.202Z,456.36093372221035,166.27540280953048,0,0,,,screenshots/screen_000034.png
69142eb4410888a7b66fa988,68e48f1a803e577b1177152e,6912a59f410888a7b66ed6cf,screenshot-4b202a79-b3bc-4d89-81c4-8f546c2487f1,,2025-11-12T07:16:57.303Z,625.354378658642,124.50917000697672,0,0,,,screenshots/screen_000034.png
69142eb4410888a7b66fa988,68e48f1a803e577b1177152e,6912a59f410888a7b66ed6cf,screenshot-4b202a79-b3bc-4d89-81c4-8f546c2487f1,,2025-11-12T07:16:57.401Z,655.0956867667786,98.95437921236795,0,0,,,screenshots/screen_000034.png
69142eb4410888a7b66fa988,68e48f1a803e577b1177152e,6912a59f410888a7b66ed6cf,screenshot-4b202a79-b3bc-4d89-81c4-8f546c2487f1,,2025-11-12T07:16:57.503Z,654.0022159157004,94.35084517602469,0,0,,,screenshots/screen_000034.png
69142eb4410888a7b66fa988,68e48f1a803e577b1177152e,6912a59f410888a7b66ed6cf,screenshot-4b202a79-b3bc-4d89-81c4-8f546c2487f1,,2025-11-12T07:16:57.623Z,732.9368687806809,66.46237134441336,0,0,,,screenshots/screen_000034.png
69142eb4410888a7b66fa988,68e48f1a803e577b1177152e,6912a59f410888a7b66ed6cf,screenshot-4b202a79-b3bc-4d89-81c4-8f546c2487f1,,2025-11-12T07:16:57.730Z,837.1806804733807,43.769867510231904,0,0,,,screenshots/screen_000034.png
69142eb4410888a7b66fa988,68e48f1a803e577b1177152e,6912a59f410888a7b66ed6cf,screenshot-4b202a79-b3bc-4d89-81c4-8f546c2487f1,,2025-11-12T07:16:57.838Z,856.724712604532,34.67185483659749,0,0,,,screenshots/screen_000034.png
69142eb4410888a7b66fa988,68e48f1a803e577b1177152e,6912a59f410888a7b66ed6cf,screenshot-4b202a79-b3bc-4d89-81c4-8f546c2487f1,,2025-11-12T07:16:57.956Z,906.3329875526631,17.64929242722225,0,0,,,screenshots/screen_000034.png
69142eb4410888a7b66fa988,68e48f1a803e577b1177152e,6912a59f410888a7b66ed6cf,screenshot-4b202a79-b3bc-4d89-81c4-8f546c2487f1,,2025-11-12T07:16:58.072Z,935.7108992682593,6.610903771226483,0,0,,,screenshots/screen_000034.png
69142eb4410888a7b66fa988,68e48f1a803e577b1177152e,6912a59f410888a7b66ed6cf,screenshot-4b202a79-b3bc-4d89-81c4-8f546c2487f1,,2025-11-12T07:16:58.169Z,927.1631724913029,9.080638874073173,0,0,,,screenshots/screen_000034.png
69142eb4410888a7b66fa988,68e48f1a803e577b1177152e,6912a59f410888a7b66ed6cf,screenshot-4b202a79-b3bc-4d89-81c4-8f546c2487f1,,2025-11-12T07:16:58.263Z,1010.4709461884079,-11.838740873350893,0,0,,,screenshots/screen_000034.png
69142eb4410888a7b66fa988,68e48f1a803e577b1177152e,6912a59f410888a7b66ed6cf,screenshot-4b202a79-b3bc-4d89-81c4-8f546c2487f1,,2025-11-12T07:16:58.358Z,970.7047620081916,5.704617813599608,0,0,,,screenshots/screen_000034.png
69142eb4410888a7b66fa988,68e48f1a803e577b1177152e,6912a59f410888a7b66ed6cf,screenshot-4b202a79-b3bc-4d89-81c4-8f546c2487f1,,2025-11-12T07:16:58.461Z,849.6004936148014,49.29613349096132,0,0,,,screenshots/screen_000034.png
69142eb4410888a7b66fa988,68e48f1a803e577b1177152e,6912a59f410888a7b66ed6cf,screenshot-4b202a79-b3bc-4d89-81c4-8f546c2487f1,,2025-11-12T07:16:58.558Z,701.3293512952243,100.11754411590076,0,0,,,screenshots/screen_000034.png
69142eb4410888a7b66fa988,68e48f1a803e577b1177152e,6912a59f410888a7b66ed6cf,screenshot-4b202a79-b3bc-4d89-81c4-8f546c2487f1,,2025-11-12T07:16:58.660Z,585.1437893143161,120.3478821546266,0,0,,,screenshots/screen_000034.png
69142eb4410888a7b66fa988,68e48f1a803e577b1177152e,6912a59f410888a7b66ed6cf,screenshot-4b202a79-b3bc-4d89-81c4-8f546c2487f1,,2025-11-12T07:16:58.766Z,433.7060503996364,167.09631698682784,0,0,,,screenshots/screen_000034.png
69142eb4410888a7b66fa988,68e48f1a803e577b1177152e,6912a59f410888a7b66ed6cf,screenshot-4b202a79-b3bc-4d89-81c4-8f546c2487f1,,2025-11-12T07:16:58.869Z,290.6425191177223,218.10790058557836,0,0,,,screenshots/screen_000034.png
69142eb4410888a7b66fa988,68e48f1a803e577b1177152e,6912a59f410888a7b66ed6cf,screenshot-4b202a79-b3bc-4d89-81c4-8f546c2487f1,,2025-11-12T07:16:58.973Z,200.18304727414213,255.88082181986434,0,0,,,screenshots/screen_000034.png
69142eb4410888a7b66fa988,68e48f1a803e577b1177152e,6912a59f410888a7b66ed6cf,screenshot-4b202a79-b3bc-4d89-81c4-8f546c2487f1,,2025-11-12T07:16:59.084Z,114.67624299741806,292.257484496529,0,0,,,screenshots/screen_000034.png
69142eb4410888a7b66fa988,68e48f1a803e577b1177152e,6912a59f410888a7b66ed6cf,screenshot-4b202a79-b3bc-4d89-81c4-8f546c2487f1,,2025-11-12T07:16:59.189Z,206.05278716885454,272.9750560849406,0,0,,,screenshots/screen_000034.png
69142eb4410888a7b66fa988,68e48f1a803e577b1177152e,6912a59f410888a7b66ed6cf,screenshot-4b202a79-b3bc-4d89-81c4-8f546c2487f1,,2025-11-12T07:16:59.899Z,463.8003511678715,232.0628854733913,0,0,,,screenshots/screen_000034.png
69142eb4410888a7b66fa988,68e48f1a803e577b1177152e,6912a59f410888a7b66ed6cf,screenshot-4b202a79-b3bc-4d89-81c4-8f546c2487f1,,2025-11-12T07:17:00.046Z,719.9531641314079,196.80762529374783,0,0,,,screenshots/screen_000034.png
69142eb4410888a7b66fa988,68e48f1a803e577b1177152e,6912a59f410888a7b66ed6cf,screenshot-4b202a79-b3bc-4d89-81c4-8f546c2487f1,,2025-11-12T07:17:00.708Z,890.8320392162199,163.9613486996422,0,0,,,screenshots/screen_000034.png
69142eb4410888a7b66fa988,68e48f1a803e577b1177152e,6912a59f410888a7b66ed6cf,screenshot-9761c0c7-74fa-48d7-a4a3-530d01aa6ddf,,2025-11-12T07:17:02.371Z,1183.9281268077139,13.74768632686977,0,0,,,screenshots/screen_000035.png
69142eb4410888a7b66fa988,68e48f1a803e577b1177152e,6912a59f410888a7b66ed6cf,screenshot-9761c0c7-74fa-48d7-a4a3-530d01aa6ddf,,2025-11-12T07:17:02.545Z,1267.1619442414542,-13.692949046642367,0,0,,,screenshots/screen_000035.png
69142eb4410888a7b66fa988,68e48f1a803e577b1177152e,6912a59f410888a7b66ed6cf,screenshot-9761c0c7-74fa-48d7-a4a3-530d01aa6ddf,,2025-11-12T07:17:02.673Z,1313.715651296628,-17.045831971026963,0,0,,,screenshots/screen_000035.png
69142eb4410888a7b66fa988,68e48f1a803e577b1177152e,6912a59f410888a7b66ed6cf,screenshot-9761c0c7-74fa-48d7-a4a3-530d01aa6ddf,,2025-11-12T07:17:02.783Z,1357.9865570192503,-26.36461625810636,0,0,,,screenshots/screen_000035.png
69142eb4410888a7b66fa988,68e48f1a803e577b1177152e,6912a59f410888a7b66ed6cf,screenshot-9761c0c7-74fa-48d7-a4a3-530d01aa6ddf,,2025-11-12T07:17:02.926Z,1338.0723314850488,1.1907944393618024,0,0,,,screenshots/screen_000035.png
69142eb4410888a7b66fa988,68e48f1a803e577b1177152e,6912a59f410888a7b66ed6cf,screenshot-9761c0c7-74fa-48d7-a4a3-530d01aa6ddf,,2025-11-12T07:17:03.047Z,1336.1723977020204,14.489256993374998,0,0,,,screenshots/screen_000035.png
69142eb4410888a7b66fa988,68e48f1a803e577b1177152e,6912a59f410888a7b66ed6cf,screenshot-9761c0c7-74fa-48d7-a4a3-530d01aa6ddf,,2025-11-12T07:17:03.175Z,1299.178521646738,39.33182772512481,0,0,,,screenshots/screen_000035.png
69142eb4410888a7b66fa988,68e48f1a803e577b1177152e,6912a59f410888a7b66ed6cf,screenshot-9761c0c7-74fa-48d7-a4a3-530d01aa6ddf,,2025-11-12T07:17:03.312Z,1275.4252326333099,31.25485993698817,0,0,,,screenshots/screen_000035.png
69142eb4410888a7b66fa988,68e48f1a803e577b1177152e,6912a59f410888a7b66ed6cf,screenshot-9761c0c7-74fa-48d7-a4a3-530d01aa6ddf,,2025-11-12T07:17:03.426Z,1048.953622790705,80.30037739391682,0,0,,,screenshots/screen_000035.png
69142eb4410888a7b66fa988,68e48f1a803e577b1177152e,6912a59f410888a7b66ed6cf,screenshot-9761c0c7-74fa-48d7-a4a3-530d01aa6ddf,,2025-11-12T07:17:03.570Z,798.2739360239922,110.0067190517731,0,0,,,screenshots/screen_000035.png
69142eb4410888a7b66fa988,68e48f1a803e577b1177152e,6912a59f410888a7b66ed6cf,screenshot-9761c0c7-74fa-48d7-a4a3-530d01aa6ddf,,2025-11-12T07:17:03.691Z,642.5920051182432,131.3336696788786,0,0,,,screenshots/screen_000035.png
69142eb4410888a7b66fa988,68e48f1a803e577b1177152e,6912a59f410888a7b66ed6cf,screenshot-9761c0c7-74fa-48d7-a4a3-530d01aa6ddf,,2025-11-12T07:17:03.851Z,507.67631382891227,163.9977868622035,0,0,,,screenshots/screen_000035.png
69142eb4410888a7b66fa988,68e48f1a803e577b1177152e,6912a59f410888a7b66ed6cf,screenshot-9761c0c7-74fa-48d7-a4a3-530d01aa6ddf,,2025-11-12T07:17:03.958Z,278.7638500443692,147.48851824811646,0,0,,,screenshots/screen_000035.png
69142eb4410888a7b66fa988,68e48f1a803e577b1177152e,6912a59f410888a7b66ed6cf,screenshot-9761c0c7-74fa-48d7-a4a3-530d01aa6ddf,,2025-11-12T07:17:04.083Z,46.65881763463179,139.081781599653,0,0,,,screenshots/screen_000035.png
69142eb4410888a7b66fa988,68e48f1a803e577b1177152e,6912a59f410888a7b66ed6cf,screenshot-9761c0c7-74fa-48d7-a4a3-530d01aa6ddf,,2025-11-12T07:17:04.186Z,-52.17835323775232,117.1617309716114,0,0,,,screenshots/screen_000035.png
69142eb4410888a7b66fa988,68e48f1a803e577b1177152e,6912a59f410888a7b66ed6cf,screenshot-9761c0c7-74fa-48d7-a4a3-530d01aa6ddf,,2025-11-12T07:17:04.287Z,-131.60551773093627,139.29727386846457,0,0,,,screenshots/screen_000035.png
69142eb4410888a7b66fa988,68e48f1a803e577b1177152e,6912a59f410888a7b66ed6cf,screenshot-136d72c1-653c-4ac5-84d7-cd375d002be6,,2025-11-12T07:09:26.938Z,24.706953875477055,418.2825028650226,,,,,screenshots/screen_000036.png
69142eb4410888a7b66fa988,68e48f1a803e577b1177152e,6912a59f410888a7b66ed6cf,screenshot-136d72c1-653c-4ac5-84d7-cd375d002be6,,2025-11-12T07:09:27.064Z,18.116199574230976,401.9503259261131,,,,,screenshots/screen_000036.png
69142eb4410888a7b66fa988,68e48f1a803e577b1177152e,6912a59f410888a7b66ed6cf,screenshot-136d72c1-653c-4ac5-84d7-cd375d002be6,,2025-11-12T07:09:27.191Z,79.79992617327386,329.06493363125855,,,,,screenshots/screen_000036.png
69142eb4410888a7b66fa988,68e48f1a803e577b1177152e,6912a59f410888a7b66ed6cf,screenshot-136d72c1-653c-4ac5-84d7-cd375d002be6,,2025-11-12T07:09:27.297Z,166.8512830358444,274.55223467529584,,,,,screenshots/screen_000036.png
69142eb4410888a7b66fa988,68e48f1a803e577b1177152e,6912a59f410888a7b66ed6cf,screenshot-136d72c1-653c-4ac5-84d7-cd375d002be6,,2025-11-12T07:09:27.412Z,249.90577215738506,226.0398777756018,,,,,screenshots/screen_000036.png
69142eb4410888a7b66fa988,68e48f1a803e577b1177152e,6912a59f410888a7b66ed6cf,screenshot-136d72c1-653c-4ac5-84d7-cd375d002be6,,2025-11-12T07:09:27.521Z,315.1300151258007,183.2220582230448,,,,,screenshots/screen_000036.png
69142eb4410888a7b66fa988,68e48f1a803e577b1177152e,6912a59f410888a7b66ed6cf,screenshot-136d72c1-653c-4ac5-84d7-cd375d002be6,,2025-11-12T07:09:27.626Z,350.6316494646619,152.1508435698948,,,,,screenshots/screen_000036.png
69142eb4410888a7b66fa988,68e48f1a803e577b1177152e,6912a59f410888a7b66ed6cf,screenshot-136d72c1-653c-4ac5-84d7-cd375d002be6,,2025-11-12T07:09:27.747Z,395.54795345610097,111.08385868937646,,,,,screenshots/screen_000036.png
69142eb4410888a7b66fa988,68e48f1a803e577b1177152e,6912a59f410888a7b66ed6cf,screenshot-136d72c1-653c-4ac5-84d7-cd375d002be6,,2025-11-12T07:09:27.859Z,495.8689829392462,55.14555646024804,,,,,screenshots/screen_000036.png
69142eb4410888a7b66fa988,68e48f1a803e577b1177152e,6912a59f410888a7b66ed6cf,screenshot-136d72c1-653c-4ac5-84d7-cd375d002be6,,2025-11-12T07:09:28.525Z,634.8572604165129,67.75165273802179,,,,,screenshots/screen_000036.png
69142eb4410888a7b66fa988,68e48f1a803e577b1177152e,6912a59f410888a7b66ed6cf,screenshot-136d72c1-653c-4ac5-84d7-cd375d002be6,,2025-11-12T07:09:29.048Z,765.2420886384789,81.56250689146033,,,,,screenshots/screen_000036.png
69142eb4410888a7b66fa988,68e48f1a803e577b1177152e,6912a59f410888a7b66ed6cf,screenshot-136d72c1-653c-4ac5-84d7-cd375d002be6,,2025-11-12T07:09:29.290Z,638.0675991281436,164.24813077802787,,,,,screenshots/screen_000036.png
69142eb4410888a7b66fa988,68e48f1a803e577b1177152e,6912a59f410888a7b66ed6cf,screenshot-136d72c1-653c-4ac5-84d7-cd375d002be6,,2025-11-12T07:09:29.448Z,544.1235571498917,235.49184336946536,,,,,screenshots/screen_000036.png
69142eb4410888a7b66fa988,68e48f1a803e577b1177152e,6912a59f410888a7b66ed6cf,screenshot-136d72c1-653c-4ac5-84d7-cd375d002be6,,2025-11-12T07:09:29.635Z,451.7301946511559,295.8295953276206,,,,,screenshots/screen_000036.png